2026-03-10 14:14:07,447 [INFO] 🔍 Scanning for BLE devices (10.0s)...
2026-03-10 14:14:17,615 [INFO]   Found: (unnamed)                       6D:13:F6:CE:84:9A
2026-03-10 14:14:17,615 [INFO]   Found: TY                              D8:C8:0C:B7:6D:F5
2026-03-10 14:14:17,615 [INFO]   Found: Fridge                          A4:57:A0:53:F0:DD
2026-03-10 14:14:17,616 [INFO]   Found: (unnamed)                       43:D1:58:70:9C:B8
2026-03-10 14:14:17,616 [INFO]   Found: (unnamed)                       C8:A6:EF:43:3D:5D
2026-03-10 14:14:17,616 [INFO]   Found: (unnamed)                       FC:F1:36:2B:84:34
2026-03-10 14:14:17,616 [INFO]   Found: J2501 9FD0                      CE:68:27:E4:9F:D0
2026-03-10 14:14:17,616 [INFO]   Found: (unnamed)                       B0:99:D7:AC:15:CD
2026-03-10 14:14:17,617 [INFO]   Found: (unnamed)                       EC:04:D9:98:1C:D6
2026-03-10 14:14:17,617 [INFO]   Found: LE-Bose Color II SoundLink      41:80:58:97:29:B0
2026-03-10 14:14:17,617 [INFO]   Found: LG RN7(A0)                      C4:30:18:A8:B4:A0
2026-03-10 14:14:17,618 [INFO]   Found: (unnamed)                       F9:79:35:D9:AC:42
2026-03-10 14:14:17,618 [INFO] ✨ 1 candidate(s) found
2026-03-10 14:14:17,619 [INFO] Connecting to CE:68:27:E4:9F:D0...
2026-03-10 14:14:26,542 [INFO] Connected ✓  (notifications enabled)
2026-03-10 14:14:41,573 [INFO] ▶ Real-time HR started (30s)...
2026-03-10 14:14:43,777 [INFO]   📡 HR: {'measure_type': 2, 'heart_rate': 0, 'spo2': 0}
2026-03-10 14:14:44,767 [INFO]   📡 HR: {'measure_type': 2, 'heart_rate': 0, 'spo2': 0}
2026-03-10 14:14:45,757 [INFO]   📡 HR: {'measure_type': 2, 'heart_rate': 0, 'spo2': 0}
2026-03-10 14:14:46,747 [INFO]   📡 HR: {'measure_type': 2, 'heart_rate': 0, 'spo2': 0}
2026-03-10 14:14:47,782 [INFO]   📡 HR: {'measure_type': 2, 'heart_rate': 0, 'spo2': 0}
2026-03-10 14:14:48,772 [INFO]   📡 HR: {'measure_type': 2, 'heart_rate': 0, 'spo2': 0}
2026-03-10 14:14:49,762 [INFO]   📡 HR: {'measure_type': 2, 'heart_rate': 0, 'spo2': 0}
2026-03-10 14:14:50,752 [INFO]   📡 HR: {'measure_type': 2, 'heart_rate': 0, 'spo2': 0}
2026-03-10 14:14:51,742 [INFO]   📡 HR: {'measure_type': 2, 'heart_rate': 78, 'spo2': 0}
2026-03-10 14:14:52,777 [INFO]   📡 HR: {'measure_type': 2, 'heart_rate': 78, 'spo2': 0}
2026-03-10 14:14:53,767 [INFO]   📡 HR: {'measure_type': 2, 'heart_rate': 77, 'spo2': 0}
2026-03-10 14:14:54,757 [INFO]   📡 HR: {'measure_type': 2, 'heart_rate': 77, 'spo2': 0}
2026-03-10 14:14:55,747 [INFO]   📡 HR: {'measure_type': 2, 'heart_rate': 79, 'spo2': 0}
2026-03-10 14:14:56,782 [INFO]   📡 HR: {'measure_type': 2, 'heart_rate': 79, 'spo2': 0}
2026-03-10 14:14:57,772 [INFO]   📡 HR: {'measure_type': 2, 'heart_rate': 79, 'spo2': 0}
2026-03-10 14:14:58,762 [INFO]   📡 HR: {'measure_type': 2, 'heart_rate': 84, 'spo2': 0}
2026-03-10 14:14:59,752 [INFO]   📡 HR: {'measure_type': 2, 'heart_rate': 83, 'spo2': 0}
2026-03-10 14:15:00,742 [INFO]   📡 HR: {'measure_type': 2, 'heart_rate': 81, 'spo2': 0}
2026-03-10 14:15:01,777 [INFO]   📡 HR: {'measure_type': 2, 'heart_rate': 81, 'spo2': 0}
2026-03-10 14:15:02,767 [INFO]   📡 HR: {'measure_type': 2, 'heart_rate': 80, 'spo2': 0}
2026-03-10 14:15:03,757 [INFO]   📡 HR: {'measure_type': 2, 'heart_rate': 80, 'spo2': 0}
2026-03-10 14:15:04,747 [INFO]   📡 HR: {'measure_type': 2, 'heart_rate': 78, 'spo2': 0}
2026-03-10 14:15:05,782 [INFO]   📡 HR: {'measure_type': 2, 'heart_rate': 77, 'spo2': 0}
2026-03-10 14:15:06,772 [INFO]   📡 HR: {'measure_type': 2, 'heart_rate': 76, 'spo2': 0}
2026-03-10 14:15:07,762 [INFO]   📡 HR: {'measure_type': 2, 'heart_rate': 76, 'spo2': 0}
2026-03-10 14:15:08,752 [INFO]   📡 HR: {'measure_type': 2, 'heart_rate': 76, 'spo2': 0}
2026-03-10 14:15:10,735 [INFO] Disconnected.
2026-03-10 14:16:50,558 [INFO] Connecting to CE:68:27:E4:9F:D0...
2026-03-10 14:16:57,702 [INFO] Connected ✓  (notifications enabled)
2026-03-10 14:17:03,489 [INFO] ▶ Real-time SpO2 started (30s)...
2026-03-10 14:17:05,757 [INFO]   📡 SpO2: {'measure_type': 3, 'heart_rate': 0, 'spo2': 0}
2026-03-10 14:17:06,747 [INFO]   📡 SpO2: {'measure_type': 3, 'heart_rate': 0, 'spo2': 0}
2026-03-10 14:17:07,782 [INFO]   📡 SpO2: {'measure_type': 3, 'heart_rate': 0, 'spo2': 0}
2026-03-10 14:17:08,772 [INFO]   📡 SpO2: {'measure_type': 3, 'heart_rate': 0, 'spo2': 0}
2026-03-10 14:17:09,762 [INFO]   📡 SpO2: {'measure_type': 3, 'heart_rate': 0, 'spo2': 0}
2026-03-10 14:17:10,752 [INFO]   📡 SpO2: {'measure_type': 3, 'heart_rate': 0, 'spo2': 0}
2026-03-10 14:17:11,742 [INFO]   📡 SpO2: {'measure_type': 3, 'heart_rate': 0, 'spo2': 0}
2026-03-10 14:17:12,777 [INFO]   📡 SpO2: {'measure_type': 3, 'heart_rate': 0, 'spo2': 0}
2026-03-10 14:17:13,767 [INFO]   📡 SpO2: {'measure_type': 3, 'heart_rate': 0, 'spo2': 0}
2026-03-10 14:17:14,757 [INFO]   📡 SpO2: {'measure_type': 3, 'heart_rate': 72, 'spo2': 0}
2026-03-10 14:17:15,747 [INFO]   📡 SpO2: {'measure_type': 3, 'heart_rate': 71, 'spo2': 0}
2026-03-10 14:17:16,782 [INFO]   📡 SpO2: {'measure_type': 3, 'heart_rate': 71, 'spo2': 0}
2026-03-10 14:17:17,772 [INFO]   📡 SpO2: {'measure_type': 3, 'heart_rate': 71, 'spo2': 0}
2026-03-10 14:17:18,762 [INFO]   📡 SpO2: {'measure_type': 3, 'heart_rate': 74, 'spo2': 0}
2026-03-10 14:17:19,752 [INFO]   📡 SpO2: {'measure_type': 3, 'heart_rate': 75, 'spo2': 0}
2026-03-10 14:17:20,742 [INFO]   📡 SpO2: {'measure_type': 3, 'heart_rate': 81, 'spo2': 0}
2026-03-10 14:17:21,777 [INFO]   📡 SpO2: {'measure_type': 3, 'heart_rate': 79, 'spo2': 0}
2026-03-10 14:17:22,767 [INFO]   📡 SpO2: {'measure_type': 3, 'heart_rate': 79, 'spo2': 0}
2026-03-10 14:17:23,757 [INFO]   📡 SpO2: {'measure_type': 3, 'heart_rate': 80, 'spo2': 0}
2026-03-10 14:17:24,747 [INFO]   📡 SpO2: {'measure_type': 3, 'heart_rate': 79, 'spo2': 0}
2026-03-10 14:17:25,782 [INFO]   📡 SpO2: {'measure_type': 3, 'heart_rate': 78, 'spo2': 0}
2026-03-10 14:17:26,772 [INFO]   📡 SpO2: {'measure_type': 3, 'heart_rate': 78, 'spo2': 0}
2026-03-10 14:17:27,763 [INFO]   📡 SpO2: {'measure_type': 3, 'heart_rate': 78, 'spo2': 0}
2026-03-10 14:17:28,752 [INFO]   📡 SpO2: {'measure_type': 3, 'heart_rate': 78, 'spo2': 0}
2026-03-10 14:17:31,725 [INFO] Disconnected.
2026-03-10 15:07:16,374 [INFO] Connecting to CE:68:27:E4:9F:D0...
2026-03-10 15:07:22,713 [INFO] Connected ✓  (notifications enabled)
2026-03-10 15:07:34,938 [INFO] ▶ Real-time HR started (10s)...
2026-03-10 15:07:44,948 [INFO] ⏹ Real-time HR stopped. 0 samples.
2026-03-10 15:08:05,127 [INFO] Connecting to CE:68:27:E4:9F:D0...
2026-03-10 15:08:09,513 [INFO] Connected ✓  (notifications enabled)
2026-03-10 15:08:14,882 [INFO] ▶ Real-time HR started (30s)...
2026-03-10 15:08:17,883 [INFO]   📡 HR: {'measure_type': 2, 'heart_rate': 0, 'spo2': 0}
2026-03-10 15:08:18,781 [INFO]   📡 HR: {'measure_type': 2, 'heart_rate': 0, 'spo2': 0}
2026-03-10 15:08:19,771 [INFO]   📡 HR: {'measure_type': 2, 'heart_rate': 0, 'spo2': 0}
2026-03-10 15:08:20,806 [INFO]   📡 HR: {'measure_type': 2, 'heart_rate': 0, 'spo2': 0}
2026-03-10 15:08:21,796 [INFO]   📡 HR: {'measure_type': 2, 'heart_rate': 0, 'spo2': 0}
2026-03-10 15:08:22,786 [INFO]   📡 HR: {'measure_type': 2, 'heart_rate': 0, 'spo2': 0}
2026-03-10 15:08:23,776 [INFO]   📡 HR: {'measure_type': 2, 'heart_rate': 0, 'spo2': 0}
2026-03-10 15:08:24,811 [INFO]   📡 HR: {'measure_type': 2, 'heart_rate': 0, 'spo2': 0}
2026-03-10 15:08:25,801 [INFO]   📡 HR: {'measure_type': 2, 'heart_rate': 0, 'spo2': 0}
2026-03-10 15:08:26,791 [INFO]   📡 HR: {'measure_type': 2, 'heart_rate': 71, 'spo2': 0}
2026-03-10 15:08:27,781 [INFO]   📡 HR: {'measure_type': 2, 'heart_rate': 70, 'spo2': 0}
2026-03-10 15:08:28,771 [INFO]   📡 HR: {'measure_type': 2, 'heart_rate': 70, 'spo2': 0}
2026-03-10 15:08:29,806 [INFO]   📡 HR: {'measure_type': 2, 'heart_rate': 70, 'spo2': 0}
2026-03-10 15:08:30,796 [INFO]   📡 HR: {'measure_type': 2, 'heart_rate': 78, 'spo2': 0}
2026-03-10 15:08:31,786 [INFO]   📡 HR: {'measure_type': 2, 'heart_rate': 78, 'spo2': 0}
2026-03-10 15:08:32,776 [INFO]   📡 HR: {'measure_type': 2, 'heart_rate': 82, 'spo2': 0}
2026-03-10 15:08:33,811 [INFO]   📡 HR: {'measure_type': 2, 'heart_rate': 83, 'spo2': 0}
2026-03-10 15:08:34,801 [INFO]   📡 HR: {'measure_type': 2, 'heart_rate': 82, 'spo2': 0}
2026-03-10 15:08:35,791 [INFO]   📡 HR: {'measure_type': 2, 'heart_rate': 81, 'spo2': 0}
2026-03-10 15:08:36,781 [INFO]   📡 HR: {'measure_type': 2, 'heart_rate': 80, 'spo2': 0}
2026-03-10 15:08:37,771 [INFO]   📡 HR: {'measure_type': 2, 'heart_rate': 80, 'spo2': 0}
2026-03-10 15:08:38,806 [INFO]   📡 HR: {'measure_type': 2, 'heart_rate': 80, 'spo2': 0}
2026-03-10 15:08:39,796 [INFO]   📡 HR: {'measure_type': 2, 'heart_rate': 80, 'spo2': 0}
2026-03-10 15:08:40,786 [INFO]   📡 HR: {'measure_type': 2, 'heart_rate': 80, 'spo2': 0}
2026-03-10 15:08:41,776 [INFO]   📡 HR: {'measure_type': 2, 'heart_rate': 80, 'spo2': 0}
2026-03-10 15:08:42,811 [INFO]   📡 HR: {'measure_type': 2, 'heart_rate': 80, 'spo2': 0}
2026-03-10 15:08:43,801 [INFO]   📡 HR: {'measure_type': 2, 'heart_rate': 80, 'spo2': 0}
2026-03-10 15:08:44,791 [INFO]   📡 HR: {'measure_type': 2, 'heart_rate': 80, 'spo2': 0}
2026-03-10 15:08:44,883 [INFO] ⏹ Real-time HR stopped. 28 samples.
2026-03-10 15:21:49,598 [INFO] Connecting to CE:68:27:E4:9F:D0...
2026-03-10 15:21:57,476 [INFO] Connected ✓  (notifications enabled)
2026-03-10 15:22:02,157 [WARNING] CRC mismatch — packet discarded
2026-03-10 15:22:12,877 [INFO] Disconnected.
2026-03-10 15:22:25,422 [INFO] Connecting to CE:68:27:E4:9F:D0...
2026-03-10 15:22:29,403 [INFO] Connected ✓  (notifications enabled)
2026-03-10 15:22:45,084 [INFO] ▶ Real-time SpO2 started (30s)...
2026-03-10 15:22:47,895 [INFO]   📡 SpO2: {'measure_type': 3, 'heart_rate': 0, 'spo2': 0}
2026-03-10 15:22:48,796 [INFO]   📡 SpO2: {'measure_type': 3, 'heart_rate': 0, 'spo2': 0}
2026-03-10 15:22:49,786 [INFO]   📡 SpO2: {'measure_type': 3, 'heart_rate': 0, 'spo2': 0}
2026-03-10 15:22:50,776 [INFO]   📡 SpO2: {'measure_type': 3, 'heart_rate': 0, 'spo2': 0}
2026-03-10 15:22:51,766 [INFO]   📡 SpO2: {'measure_type': 3, 'heart_rate': 0, 'spo2': 0}
2026-03-10 15:22:52,801 [INFO]   📡 SpO2: {'measure_type': 3, 'heart_rate': 0, 'spo2': 0}
2026-03-10 15:22:53,791 [INFO]   📡 SpO2: {'measure_type': 3, 'heart_rate': 0, 'spo2': 0}
2026-03-10 15:22:54,781 [INFO]   📡 SpO2: {'measure_type': 3, 'heart_rate': 0, 'spo2': 0}
2026-03-10 15:22:55,772 [INFO]   📡 SpO2: {'measure_type': 3, 'heart_rate': 0, 'spo2': 0}
2026-03-10 15:22:56,806 [INFO]   📡 SpO2: {'measure_type': 3, 'heart_rate': 0, 'spo2': 0}
2026-03-10 15:22:57,796 [INFO]   📡 SpO2: {'measure_type': 3, 'heart_rate': 0, 'spo2': 0}
2026-03-10 15:22:58,786 [INFO]   📡 SpO2: {'measure_type': 3, 'heart_rate': 0, 'spo2': 0}
2026-03-10 15:22:59,776 [INFO]   📡 SpO2: {'measure_type': 3, 'heart_rate': 0, 'spo2': 0}
2026-03-10 15:23:00,766 [INFO]   📡 SpO2: {'measure_type': 3, 'heart_rate': 74, 'spo2': 0}
2026-03-10 15:23:01,801 [INFO]   📡 SpO2: {'measure_type': 3, 'heart_rate': 74, 'spo2': 0}
2026-03-10 15:23:02,791 [INFO]   📡 SpO2: {'measure_type': 3, 'heart_rate': 77, 'spo2': 0}
2026-03-10 15:23:03,782 [INFO]   📡 SpO2: {'measure_type': 3, 'heart_rate': 78, 'spo2': 0}
2026-03-10 15:23:04,771 [INFO]   📡 SpO2: {'measure_type': 3, 'heart_rate': 79, 'spo2': 0}
2026-03-10 15:23:05,806 [INFO]   📡 SpO2: {'measure_type': 3, 'heart_rate': 80, 'spo2': 0}
2026-03-10 15:23:06,796 [INFO]   📡 SpO2: {'measure_type': 3, 'heart_rate': 80, 'spo2': 0}
2026-03-10 15:23:07,786 [INFO]   📡 SpO2: {'measure_type': 3, 'heart_rate': 79, 'spo2': 0}
2026-03-10 15:23:08,776 [INFO]   📡 SpO2: {'measure_type': 3, 'heart_rate': 78, 'spo2': 0}
2026-03-10 15:23:09,766 [INFO]   📡 SpO2: {'measure_type': 3, 'heart_rate': 77, 'spo2': 0}
2026-03-10 15:23:10,801 [INFO]   📡 SpO2: {'measure_type': 3, 'heart_rate': 75, 'spo2': 0}
2026-03-10 15:23:11,791 [INFO]   📡 SpO2: {'measure_type': 3, 'heart_rate': 75, 'spo2': 0}
2026-03-10 15:23:12,781 [INFO]   📡 SpO2: {'measure_type': 3, 'heart_rate': 75, 'spo2': 0}
2026-03-10 15:23:13,772 [INFO]   📡 SpO2: {'measure_type': 3, 'heart_rate': 75, 'spo2': 0}
2026-03-10 15:23:14,807 [INFO]   📡 SpO2: {'measure_type': 3, 'heart_rate': 74, 'spo2': 0}
2026-03-10 15:23:15,086 [INFO] ⏹ Real-time SpO2 stopped. 28 samples.
2026-03-10 15:24:22,223 [INFO] ▶ Real-time HR started (30s)...
2026-03-10 15:24:24,872 [INFO]   📡 HR: {'measure_type': 2, 'heart_rate': 0, 'spo2': 0}
2026-03-10 15:24:25,997 [INFO]   📡 HR: {'measure_type': 2, 'heart_rate': 0, 'spo2': 0}
2026-03-10 15:24:27,123 [INFO]   📡 HR: {'measure_type': 2, 'heart_rate': 0, 'spo2': 0}
2026-03-10 15:24:27,797 [INFO]   📡 HR: {'measure_type': 2, 'heart_rate': 0, 'spo2': 0}
2026-03-10 15:24:28,772 [INFO]   📡 HR: {'measure_type': 2, 'heart_rate': 0, 'spo2': 0}
2026-03-10 15:24:29,785 [INFO]   📡 HR: {'measure_type': 2, 'heart_rate': 0, 'spo2': 0}
2026-03-10 15:24:30,797 [INFO]   📡 HR: {'measure_type': 2, 'heart_rate': 0, 'spo2': 0}
2026-03-10 15:24:31,772 [INFO]   📡 HR: {'measure_type': 2, 'heart_rate': 0, 'spo2': 0}
2026-03-10 15:24:32,785 [INFO]   📡 HR: {'measure_type': 2, 'heart_rate': 0, 'spo2': 0}
2026-03-10 15:24:33,797 [INFO]   📡 HR: {'measure_type': 2, 'heart_rate': 76, 'spo2': 0}
2026-03-10 15:24:34,772 [INFO]   📡 HR: {'measure_type': 2, 'heart_rate': 75, 'spo2': 0}
2026-03-10 15:24:35,785 [INFO]   📡 HR: {'measure_type': 2, 'heart_rate': 75, 'spo2': 0}
2026-03-10 15:24:36,797 [INFO]   📡 HR: {'measure_type': 2, 'heart_rate': 74, 'spo2': 0}
2026-03-10 15:24:37,772 [INFO]   📡 HR: {'measure_type': 2, 'heart_rate': 77, 'spo2': 0}
2026-03-10 15:24:38,785 [INFO]   📡 HR: {'measure_type': 2, 'heart_rate': 77, 'spo2': 0}
2026-03-10 15:24:39,797 [INFO]   📡 HR: {'measure_type': 2, 'heart_rate': 80, 'spo2': 0}
2026-03-10 15:24:40,772 [INFO]   📡 HR: {'measure_type': 2, 'heart_rate': 80, 'spo2': 0}
2026-03-10 15:24:41,822 [INFO]   📡 HR: {'measure_type': 2, 'heart_rate': 79, 'spo2': 0}
2026-03-10 15:24:42,797 [INFO]   📡 HR: {'measure_type': 2, 'heart_rate': 79, 'spo2': 0}
2026-03-10 15:24:43,772 [INFO]   📡 HR: {'measure_type': 2, 'heart_rate': 79, 'spo2': 0}
2026-03-10 15:24:44,785 [INFO]   📡 HR: {'measure_type': 2, 'heart_rate': 80, 'spo2': 0}
2026-03-10 15:24:45,797 [INFO]   📡 HR: {'measure_type': 2, 'heart_rate': 80, 'spo2': 0}
2026-03-10 15:24:46,772 [INFO]   📡 HR: {'measure_type': 2, 'heart_rate': 80, 'spo2': 0}
2026-03-10 15:24:47,785 [INFO]   📡 HR: {'measure_type': 2, 'heart_rate': 79, 'spo2': 0}
2026-03-10 15:24:48,797 [INFO]   📡 HR: {'measure_type': 2, 'heart_rate': 79, 'spo2': 0}
2026-03-10 15:24:49,782 [INFO]   📡 HR: {'measure_type': 2, 'heart_rate': 79, 'spo2': 0}
2026-03-10 15:24:50,785 [INFO]   📡 HR: {'measure_type': 2, 'heart_rate': 79, 'spo2': 0}
2026-03-10 15:24:51,797 [INFO]   📡 HR: {'measure_type': 2, 'heart_rate': 79, 'spo2': 0}
2026-03-10 15:24:52,224 [INFO] ⏹ Real-time HR stopped. 28 samples.
2026-03-10 15:28:02,900 [INFO] Disconnected.
2026-03-10 15:28:10,473 [INFO] Connecting to CE:68:27:E4:9F:D0...
2026-03-10 15:28:14,811 [INFO] Connected ✓  (notifications enabled)
2026-03-10 15:28:22,614 [INFO] ▶ Real-time SpO2 started (30s)...
2026-03-10 15:28:25,871 [WARNING]   ⚠  SpO2=0 — sensor may not be in contact yet. Raw: 28 03 00 00 2e 2b 00 00 00 00 00 00 00 00 00 84
2026-03-10 15:28:26,780 [WARNING]   ⚠  SpO2=0 — sensor may not be in contact yet. Raw: 28 03 00 00 2e 2b 00 00 00 00 00 00 00 00 00 84
2026-03-10 15:28:27,770 [WARNING]   ⚠  SpO2=0 — sensor may not be in contact yet. Raw: 28 03 00 00 2e 2b 00 00 00 00 00 00 00 00 00 84
2026-03-10 15:28:28,805 [WARNING]   ⚠  SpO2=0 — sensor may not be in contact yet. Raw: 28 03 00 00 2e 2b 00 00 00 00 00 00 00 00 00 84
2026-03-10 15:28:29,795 [WARNING]   ⚠  SpO2=0 — sensor may not be in contact yet. Raw: 28 03 00 00 2e 2b 00 00 00 00 00 00 00 00 00 84
2026-03-10 15:28:30,785 [WARNING]   ⚠  SpO2=0 — sensor may not be in contact yet. Raw: 28 03 00 00 2e 2b 00 00 00 00 00 00 00 00 00 84
2026-03-10 15:28:31,775 [WARNING]   ⚠  SpO2=0 — sensor may not be in contact yet. Raw: 28 03 00 00 2e 2b 00 00 00 00 00 00 00 00 00 84
2026-03-10 15:28:32,765 [WARNING]   ⚠  SpO2=0 — sensor may not be in contact yet. Raw: 28 03 00 00 2e 2b 00 00 00 00 00 00 00 00 00 84
2026-03-10 15:28:33,800 [WARNING]   ⚠  SpO2=0 — sensor may not be in contact yet. Raw: 28 03 00 00 2e 2b 00 00 00 00 00 00 00 00 00 84
2026-03-10 15:28:34,790 [WARNING]   ⚠  SpO2=0 — sensor may not be in contact yet. Raw: 28 03 48 00 2e 2b 00 00 00 00 00 00 00 00 00 cc
2026-03-10 15:28:35,780 [WARNING]   ⚠  SpO2=0 — sensor may not be in contact yet. Raw: 28 03 47 00 2e 2b 00 00 00 00 00 00 00 00 00 cb
2026-03-10 15:28:36,770 [WARNING]   ⚠  SpO2=0 — sensor may not be in contact yet. Raw: 28 03 47 00 2e 2b 00 00 00 00 00 00 00 00 00 cb
2026-03-10 15:28:37,805 [WARNING]   ⚠  SpO2=0 — sensor may not be in contact yet. Raw: 28 03 47 00 2e 2b 00 00 00 00 00 00 00 00 00 cb
2026-03-10 15:28:38,795 [WARNING]   ⚠  SpO2=0 — sensor may not be in contact yet. Raw: 28 03 4a 00 2e 2b 00 00 00 00 00 00 00 00 00 ce
2026-03-10 15:28:39,785 [WARNING]   ⚠  SpO2=0 — sensor may not be in contact yet. Raw: 28 03 4a 00 2e 2b 00 00 00 00 00 00 00 00 00 ce
2026-03-10 15:28:40,775 [WARNING]   ⚠  SpO2=0 — sensor may not be in contact yet. Raw: 28 03 4e 00 2e 2b 00 00 00 00 00 00 00 00 00 d2
2026-03-10 15:28:41,765 [WARNING]   ⚠  SpO2=0 — sensor may not be in contact yet. Raw: 28 03 4d 00 2e 2b 00 00 00 00 00 00 00 00 00 d1
2026-03-10 15:28:42,800 [WARNING]   ⚠  SpO2=0 — sensor may not be in contact yet. Raw: 28 03 4d 00 2e 2b 00 00 00 00 00 00 00 00 00 d1
2026-03-10 15:28:43,790 [WARNING]   ⚠  SpO2=0 — sensor may not be in contact yet. Raw: 28 03 4d 00 2e 2b 00 00 00 00 00 00 00 00 00 d1
2026-03-10 15:28:44,780 [WARNING]   ⚠  SpO2=0 — sensor may not be in contact yet. Raw: 28 03 4c 00 2e 2b 00 00 00 00 00 00 00 00 00 d0
2026-03-10 15:28:45,770 [WARNING]   ⚠  SpO2=0 — sensor may not be in contact yet. Raw: 28 03 4c 00 2e 2b 00 00 00 00 00 00 00 00 00 d0
2026-03-10 15:28:46,805 [WARNING]   ⚠  SpO2=0 — sensor may not be in contact yet. Raw: 28 03 4c 00 2e 2b 00 00 00 00 00 00 00 00 00 d0
2026-03-10 15:28:47,795 [WARNING]   ⚠  SpO2=0 — sensor may not be in contact yet. Raw: 28 03 4c 00 2e 2b 00 00 00 00 00 00 00 00 00 d0
2026-03-10 15:28:48,785 [INFO]   📡 SpO2: {'measure_type': 3, 'heart_rate': 76, 'spo2': 97}
2026-03-10 15:28:49,775 [INFO]   📡 SpO2: {'measure_type': 3, 'heart_rate': 75, 'spo2': 97}
2026-03-10 15:28:50,765 [INFO]   📡 SpO2: {'measure_type': 3, 'heart_rate': 75, 'spo2': 97}
2026-03-10 15:28:51,800 [INFO]   📡 SpO2: {'measure_type': 3, 'heart_rate': 75, 'spo2': 97}
2026-03-10 15:28:52,617 [INFO] ⏹ Real-time SpO2 stopped. 4 samples.
2026-03-10 15:29:07,948 [INFO] ▶ Real-time SpO2 started (30s)...
2026-03-10 15:29:10,879 [WARNING]   ⚠  SpO2=0 — sensor may not be in contact yet. Raw: 28 03 00 00 2e 2b 00 00 00 00 00 00 00 00 00 84
2026-03-10 15:29:11,780 [WARNING]   ⚠  SpO2=0 — sensor may not be in contact yet. Raw: 28 03 00 00 2e 2b 00 00 00 00 00 00 00 00 00 84
2026-03-10 15:29:12,770 [WARNING]   ⚠  SpO2=0 — sensor may not be in contact yet. Raw: 28 03 00 00 2e 2b 00 00 00 00 00 00 00 00 00 84
2026-03-10 15:29:13,805 [WARNING]   ⚠  SpO2=0 — sensor may not be in contact yet. Raw: 28 03 00 00 2e 2b 00 00 00 00 00 00 00 00 00 84
2026-03-10 15:29:14,795 [WARNING]   ⚠  SpO2=0 — sensor may not be in contact yet. Raw: 28 03 00 00 2e 2b 00 00 00 00 00 00 00 00 00 84
2026-03-10 15:29:15,785 [WARNING]   ⚠  SpO2=0 — sensor may not be in contact yet. Raw: 28 03 00 00 2e 2b 00 00 00 00 00 00 00 00 00 84
2026-03-10 15:29:16,775 [WARNING]   ⚠  SpO2=0 — sensor may not be in contact yet. Raw: 28 03 00 00 2e 2b 00 00 00 00 00 00 00 00 00 84
2026-03-10 15:29:17,765 [WARNING]   ⚠  SpO2=0 — sensor may not be in contact yet. Raw: 28 03 00 00 2e 2b 00 00 00 00 00 00 00 00 00 84
2026-03-10 15:29:18,800 [WARNING]   ⚠  SpO2=0 — sensor may not be in contact yet. Raw: 28 03 00 00 2e 2b 00 00 00 00 00 00 00 00 00 84
2026-03-10 15:29:19,791 [WARNING]   ⚠  SpO2=0 — sensor may not be in contact yet. Raw: 28 03 58 00 2e 2b 00 00 00 00 00 00 00 00 00 dc
2026-03-10 15:29:20,780 [WARNING]   ⚠  SpO2=0 — sensor may not be in contact yet. Raw: 28 03 57 00 2e 2b 00 00 00 00 00 00 00 00 00 db
2026-03-10 15:29:21,770 [WARNING]   ⚠  SpO2=0 — sensor may not be in contact yet. Raw: 28 03 57 00 2e 2b 00 00 00 00 00 00 00 00 00 db
2026-03-10 15:29:22,805 [WARNING]   ⚠  SpO2=0 — sensor may not be in contact yet. Raw: 28 03 57 00 2e 2b 00 00 00 00 00 00 00 00 00 db
2026-03-10 15:29:23,795 [WARNING]   ⚠  SpO2=0 — sensor may not be in contact yet. Raw: 28 03 56 00 2e 2b 00 00 00 00 00 00 00 00 00 da
2026-03-10 15:29:24,786 [WARNING]   ⚠  SpO2=0 — sensor may not be in contact yet. Raw: 28 03 55 00 2e 2b 00 00 00 00 00 00 00 00 00 d9
2026-03-10 15:29:25,775 [WARNING]   ⚠  SpO2=0 — sensor may not be in contact yet. Raw: 28 03 5b 00 2e 2b 00 00 00 00 00 00 00 00 00 df
2026-03-10 15:29:26,766 [WARNING]   ⚠  SpO2=0 — sensor may not be in contact yet. Raw: 28 03 5b 00 2e 2b 00 00 00 00 00 00 00 00 00 df
2026-03-10 15:29:27,801 [WARNING]   ⚠  SpO2=0 — sensor may not be in contact yet. Raw: 28 03 58 00 2e 2b 00 00 00 00 00 00 00 00 00 dc
2026-03-10 15:29:28,791 [WARNING]   ⚠  SpO2=0 — sensor may not be in contact yet. Raw: 28 03 55 00 2e 2b 00 00 00 00 00 00 00 00 00 d9
2026-03-10 15:29:29,781 [WARNING]   ⚠  SpO2=0 — sensor may not be in contact yet. Raw: 28 03 54 00 2e 2b 00 00 00 00 00 00 00 00 00 d8
2026-03-10 15:29:30,771 [WARNING]   ⚠  SpO2=0 — sensor may not be in contact yet. Raw: 28 03 52 00 2e 2b 00 00 00 00 00 00 00 00 00 d6
2026-03-10 15:29:31,805 [WARNING]   ⚠  SpO2=0 — sensor may not be in contact yet. Raw: 28 03 51 00 2e 2b 00 00 00 00 00 00 00 00 00 d5
2026-03-10 15:29:32,796 [WARNING]   ⚠  SpO2=0 — sensor may not be in contact yet. Raw: 28 03 50 00 2e 2b 00 00 00 00 00 00 00 00 00 d4
2026-03-10 15:29:33,785 [WARNING]   ⚠  SpO2=0 — sensor may not be in contact yet. Raw: 28 03 4f 00 2e 2b 00 00 00 00 00 00 00 00 00 d3
2026-03-10 15:29:34,776 [WARNING]   ⚠  SpO2=0 — sensor may not be in contact yet. Raw: 28 03 4e 00 2e 2b 00 00 00 00 00 00 00 00 00 d2
2026-03-10 15:29:35,766 [WARNING]   ⚠  SpO2=0 — sensor may not be in contact yet. Raw: 28 03 4e 00 2e 2b 00 00 00 00 00 00 00 00 00 d2
2026-03-10 15:29:36,800 [INFO]   📡 SpO2: {'measure_type': 3, 'heart_rate': 78, 'spo2': 96}
2026-03-10 15:29:37,791 [INFO]   📡 SpO2: {'measure_type': 3, 'heart_rate': 78, 'spo2': 96}
2026-03-10 15:29:37,950 [INFO] ⏹ Real-time SpO2 stopped. 2 samples.
2026-03-10 15:31:20,818 [INFO] Disconnected.
2026-03-10 15:31:33,202 [INFO] Connecting to CE:68:27:E4:9F:D0...
2026-03-10 15:31:37,373 [INFO] Connected ✓  (notifications enabled)
2026-03-10 15:31:46,933 [INFO] ▶ Real-time SpO2 started (30s)...
2026-03-10 15:31:49,875 [INFO]   📡 SpO2: {'measure_type': 3, 'heart_rate': 76, 'spo2': 92}
2026-03-10 15:31:50,782 [INFO]   📡 SpO2: {'measure_type': 3, 'heart_rate': 76, 'spo2': 92}
2026-03-10 15:31:51,772 [INFO]   📡 SpO2: {'measure_type': 3, 'heart_rate': 76, 'spo2': 92}
2026-03-10 15:31:52,807 [INFO]   📡 SpO2: {'measure_type': 3, 'heart_rate': 76, 'spo2': 92}
2026-03-10 15:31:53,797 [INFO]   📡 SpO2: {'measure_type': 3, 'heart_rate': 76, 'spo2': 92}
2026-03-10 15:31:54,787 [INFO]   📡 SpO2: {'measure_type': 3, 'heart_rate': 76, 'spo2': 92}
2026-03-10 15:31:55,777 [INFO]   📡 SpO2: {'measure_type': 3, 'heart_rate': 76, 'spo2': 92}
2026-03-10 15:31:56,812 [INFO]   📡 SpO2: {'measure_type': 3, 'heart_rate': 76, 'spo2': 92}
2026-03-10 15:31:57,802 [INFO]   📡 SpO2: {'measure_type': 3, 'heart_rate': 76, 'spo2': 92}
2026-03-10 15:31:58,792 [INFO]   📡 SpO2: {'measure_type': 3, 'heart_rate': 76, 'spo2': 92}
2026-03-10 15:31:59,782 [INFO]   📡 SpO2: {'measure_type': 3, 'heart_rate': 76, 'spo2': 92}
2026-03-10 15:32:00,772 [INFO]   📡 SpO2: {'measure_type': 3, 'heart_rate': 76, 'spo2': 92}
2026-03-10 15:32:01,807 [INFO]   📡 SpO2: {'measure_type': 3, 'heart_rate': 76, 'spo2': 92}
2026-03-10 15:32:02,797 [INFO]   📡 SpO2: {'measure_type': 3, 'heart_rate': 76, 'spo2': 92}
2026-03-10 15:32:03,787 [INFO]   📡 SpO2: {'measure_type': 3, 'heart_rate': 76, 'spo2': 92}
2026-03-10 15:32:04,777 [INFO]   📡 SpO2: {'measure_type': 3, 'heart_rate': 76, 'spo2': 92}
2026-03-10 15:32:05,812 [INFO]   📡 SpO2: {'measure_type': 3, 'heart_rate': 76, 'spo2': 92}
2026-03-10 15:32:06,802 [INFO]   📡 SpO2: {'measure_type': 3, 'heart_rate': 76, 'spo2': 92}
2026-03-10 15:32:07,792 [INFO]   📡 SpO2: {'measure_type': 3, 'heart_rate': 76, 'spo2': 92}
2026-03-10 15:32:08,782 [INFO]   📡 SpO2: {'measure_type': 3, 'heart_rate': 76, 'spo2': 92}
2026-03-10 15:32:09,772 [INFO]   📡 SpO2: {'measure_type': 3, 'heart_rate': 76, 'spo2': 92}
2026-03-10 15:32:10,807 [INFO]   📡 SpO2: {'measure_type': 3, 'heart_rate': 76, 'spo2': 92}
2026-03-10 15:32:11,797 [INFO]   📡 SpO2: {'measure_type': 3, 'heart_rate': 77, 'spo2': 92}
2026-03-10 15:32:12,788 [INFO]   📡 SpO2: {'measure_type': 3, 'heart_rate': 77, 'spo2': 92}
2026-03-10 15:32:13,777 [INFO]   📡 SpO2: {'measure_type': 3, 'heart_rate': 77, 'spo2': 92}
2026-03-10 15:32:14,813 [INFO]   📡 SpO2: {'measure_type': 3, 'heart_rate': 77, 'spo2': 92}
2026-03-10 15:32:15,803 [INFO]   📡 SpO2: {'measure_type': 3, 'heart_rate': 78, 'spo2': 92}
2026-03-10 15:32:16,793 [INFO]   📡 SpO2: {'measure_type': 3, 'heart_rate': 78, 'spo2': 92}
2026-03-10 15:32:16,936 [INFO] ⏹ Real-time SpO2 stopped. 28 samples.
2026-03-10 15:32:38,066 [WARNING] CRC mismatch — packet discarded
2026-03-10 15:32:47,817 [INFO] Disconnected.
2026-03-10 15:33:10,500 [INFO] Connecting to CE:68:27:E4:9F:D0...
2026-03-10 15:33:14,442 [INFO] Connected ✓  (notifications enabled)
2026-03-10 15:33:18,234 [INFO] ═══ Starting full data dump ═══
2026-03-10 15:33:18,400 [INFO] ⏰ Time sync: OK
2026-03-10 15:33:18,491 [INFO] 🔋 Battery: 39%
2026-03-10 15:33:18,670 [WARNING] CRC mismatch — packet discarded
2026-03-10 15:33:28,753 [INFO] Disconnected.
2026-03-10 15:37:02,790 [INFO] Connecting to CE:68:27:E4:9F:D0...
2026-03-10 15:37:08,262 [INFO] Connected ✓  (notifications enabled)
2026-03-10 15:37:15,013 [WARNING] CRC mismatch — packet discarded
2026-03-10 15:37:24,736 [INFO] Disconnected.
2026-03-10 15:37:36,254 [INFO] Connecting to CE:68:27:E4:9F:D0...
2026-03-10 15:37:40,229 [INFO] Connected ✓  (notifications enabled)
2026-03-10 15:37:46,538 [INFO] ▶ Real-time HR started (30s)...
2026-03-10 15:37:48,822 [WARNING]   ⚠  HR=0 — sensor may not be in contact yet. Raw: 28 02 00 00 1f 39 76 3f 00 00 00 00 00 00 00 37
2026-03-10 15:37:49,812 [WARNING]   ⚠  HR=0 — sensor may not be in contact yet. Raw: 28 02 00 00 1f 39 76 3f 00 00 00 00 00 00 00 37
2026-03-10 15:37:50,802 [WARNING]   ⚠  HR=0 — sensor may not be in contact yet. Raw: 28 02 00 00 1f 39 76 3f 00 00 00 00 00 00 00 37
2026-03-10 15:37:51,792 [WARNING]   ⚠  HR=0 — sensor may not be in contact yet. Raw: 28 02 00 00 1f 39 76 3f 00 00 00 00 00 00 00 37
2026-03-10 15:37:52,782 [WARNING]   ⚠  HR=0 — sensor may not be in contact yet. Raw: 28 02 00 00 1f 39 76 3f 00 00 00 00 00 00 00 37
2026-03-10 15:37:53,817 [WARNING]   ⚠  HR=0 — sensor may not be in contact yet. Raw: 28 02 00 00 1f 39 76 3f 00 00 00 00 00 00 00 37
2026-03-10 15:37:54,807 [WARNING]   ⚠  HR=0 — sensor may not be in contact yet. Raw: 28 02 00 00 1f 39 76 3f 00 00 00 00 00 00 00 37
2026-03-10 15:37:55,797 [WARNING]   ⚠  HR=0 — sensor may not be in contact yet. Raw: 28 02 00 00 1f 39 76 3f 00 00 00 00 00 00 00 37
2026-03-10 15:37:56,788 [WARNING]   ⚠  HR=0 — sensor may not be in contact yet. Raw: 28 02 00 00 1f 39 76 3f 00 00 00 00 00 00 00 37
2026-03-10 15:37:57,823 [INFO]   📡 HR: {'measure_type': 2, 'heart_rate': 78, 'spo2': 0}
2026-03-10 15:37:58,813 [INFO]   📡 HR: {'measure_type': 2, 'heart_rate': 77, 'spo2': 0}
2026-03-10 15:37:59,803 [INFO]   📡 HR: {'measure_type': 2, 'heart_rate': 77, 'spo2': 0}
2026-03-10 15:38:00,792 [INFO]   📡 HR: {'measure_type': 2, 'heart_rate': 77, 'spo2': 0}
2026-03-10 15:38:01,783 [INFO]   📡 HR: {'measure_type': 2, 'heart_rate': 81, 'spo2': 0}
2026-03-10 15:38:02,818 [INFO]   📡 HR: {'measure_type': 2, 'heart_rate': 81, 'spo2': 0}
2026-03-10 15:38:03,808 [INFO]   📡 HR: {'measure_type': 2, 'heart_rate': 85, 'spo2': 0}
2026-03-10 15:38:04,798 [INFO]   📡 HR: {'measure_type': 2, 'heart_rate': 84, 'spo2': 0}
2026-03-10 15:38:05,788 [INFO]   📡 HR: {'measure_type': 2, 'heart_rate': 83, 'spo2': 0}
2026-03-10 15:38:06,823 [INFO]   📡 HR: {'measure_type': 2, 'heart_rate': 84, 'spo2': 0}
2026-03-10 15:38:07,813 [INFO]   📡 HR: {'measure_type': 2, 'heart_rate': 83, 'spo2': 0}
2026-03-10 15:38:08,803 [INFO]   📡 HR: {'measure_type': 2, 'heart_rate': 83, 'spo2': 0}
2026-03-10 15:38:09,793 [INFO]   📡 HR: {'measure_type': 2, 'heart_rate': 83, 'spo2': 0}
2026-03-10 15:38:10,783 [INFO]   📡 HR: {'measure_type': 2, 'heart_rate': 83, 'spo2': 0}
2026-03-10 15:38:11,818 [INFO]   📡 HR: {'measure_type': 2, 'heart_rate': 83, 'spo2': 0}
2026-03-10 15:38:12,808 [INFO]   📡 HR: {'measure_type': 2, 'heart_rate': 83, 'spo2': 0}
2026-03-10 15:38:13,798 [INFO]   📡 HR: {'measure_type': 2, 'heart_rate': 82, 'spo2': 0}
2026-03-10 15:38:14,788 [INFO]   📡 HR: {'measure_type': 2, 'heart_rate': 82, 'spo2': 0}
2026-03-10 15:38:15,823 [INFO]   📡 HR: {'measure_type': 2, 'heart_rate': 82, 'spo2': 0}
2026-03-10 15:38:16,541 [INFO] ⏹ Real-time HR stopped. 19 samples.
2026-03-10 15:38:20,233 [WARNING] CRC mismatch — packet discarded
2026-03-10 15:38:30,856 [INFO] Disconnected.
2026-03-10 15:42:49,254 [INFO] Connecting to CE:68:27:E4:9F:D0...
2026-03-10 15:42:58,513 [INFO] Connected ✓  (notifications enabled)
2026-03-10 15:43:10,512 [INFO] ▶ Real-time HR started (30s)...
2026-03-10 15:44:23,848 [INFO] Connecting to CE:68:27:E4:9F:D0...
2026-03-10 15:44:29,718 [INFO] Connected ✓  (notifications enabled)
2026-03-10 15:44:36,986 [INFO] ▶ Real-time HR started (30s)...
2026-03-10 15:44:39,879 [WARNING]   ⚠  HR=0 — sensor may not be in contact yet. Raw: 28 02 00 00 1f 39 76 3f 00 00 00 00 00 00 00 37
2026-03-10 15:44:40,787 [WARNING]   ⚠  HR=0 — sensor may not be in contact yet. Raw: 28 02 00 00 1f 39 76 3f 00 00 00 00 00 00 00 37
2026-03-10 15:44:41,823 [WARNING]   ⚠  HR=0 — sensor may not be in contact yet. Raw: 28 02 00 00 1f 39 76 3f 00 00 00 00 00 00 00 37
2026-03-10 15:44:42,812 [WARNING]   ⚠  HR=0 — sensor may not be in contact yet. Raw: 28 02 00 00 1f 39 76 3f 00 00 00 00 00 00 00 37
2026-03-10 15:44:43,802 [WARNING]   ⚠  HR=0 — sensor may not be in contact yet. Raw: 28 02 00 00 1f 39 76 3f 00 00 00 00 00 00 00 37
2026-03-10 15:44:44,792 [WARNING]   ⚠  HR=0 — sensor may not be in contact yet. Raw: 28 02 00 00 1f 39 76 3f 00 00 00 00 00 00 00 37
2026-03-10 15:44:45,827 [WARNING]   ⚠  HR=0 — sensor may not be in contact yet. Raw: 28 02 00 00 1f 39 76 3f 00 00 00 00 00 00 00 37
2026-03-10 15:44:46,817 [WARNING]   ⚠  HR=0 — sensor may not be in contact yet. Raw: 28 02 00 00 1f 39 76 3f 00 00 00 00 00 00 00 37
2026-03-10 15:44:47,807 [WARNING]   ⚠  HR=0 — sensor may not be in contact yet. Raw: 28 02 00 00 1f 39 76 3f 00 00 00 00 00 00 00 37
2026-03-10 15:44:48,798 [INFO]   📡 HR: {'measure_type': 2, 'heart_rate': 81, 'spo2': 0}
2026-03-10 15:44:49,788 [INFO]   📡 HR: {'measure_type': 2, 'heart_rate': 82, 'spo2': 0}
2026-03-10 15:44:50,823 [INFO]   📡 HR: {'measure_type': 2, 'heart_rate': 85, 'spo2': 0}
2026-03-10 15:44:51,813 [INFO]   📡 HR: {'measure_type': 2, 'heart_rate': 84, 'spo2': 0}
2026-03-10 15:44:52,802 [INFO]   📡 HR: {'measure_type': 2, 'heart_rate': 85, 'spo2': 0}
2026-03-10 15:44:53,793 [INFO]   📡 HR: {'measure_type': 2, 'heart_rate': 86, 'spo2': 0}
2026-03-10 15:44:54,828 [INFO]   📡 HR: {'measure_type': 2, 'heart_rate': 93, 'spo2': 0}
2026-03-10 15:44:55,817 [INFO]   📡 HR: {'measure_type': 2, 'heart_rate': 89, 'spo2': 0}
2026-03-10 15:44:56,808 [INFO]   📡 HR: {'measure_type': 2, 'heart_rate': 87, 'spo2': 0}
2026-03-10 15:44:57,798 [INFO]   📡 HR: {'measure_type': 2, 'heart_rate': 85, 'spo2': 0}
2026-03-10 15:44:58,788 [INFO]   📡 HR: {'measure_type': 2, 'heart_rate': 84, 'spo2': 0}
2026-03-10 15:44:59,823 [INFO]   📡 HR: {'measure_type': 2, 'heart_rate': 82, 'spo2': 0}
2026-03-10 15:45:00,813 [INFO]   📡 HR: {'measure_type': 2, 'heart_rate': 82, 'spo2': 0}
2026-03-10 15:45:01,803 [INFO]   📡 HR: {'measure_type': 2, 'heart_rate': 82, 'spo2': 0}
2026-03-10 15:45:02,792 [INFO]   📡 HR: {'measure_type': 2, 'heart_rate': 83, 'spo2': 0}
2026-03-10 15:45:03,828 [INFO]   📡 HR: {'measure_type': 2, 'heart_rate': 83, 'spo2': 0}
2026-03-10 15:45:04,818 [INFO]   📡 HR: {'measure_type': 2, 'heart_rate': 83, 'spo2': 0}
2026-03-10 15:45:05,808 [INFO]   📡 HR: {'measure_type': 2, 'heart_rate': 84, 'spo2': 0}
2026-03-10 15:45:06,798 [INFO]   📡 HR: {'measure_type': 2, 'heart_rate': 84, 'spo2': 0}
2026-03-10 15:45:06,989 [INFO] ⏹ Real-time HR stopped. 19 samples.
2026-03-10 15:45:10,578 [WARNING] CRC mismatch — packet discarded
2026-03-10 15:45:20,749 [INFO] Disconnected.
2026-03-10 15:47:29,157 [INFO] Connecting to CE:68:27:E4:9F:D0...
2026-03-10 15:47:35,885 [INFO] Connected ✓  (notifications enabled)
2026-03-10 15:47:38,493 [INFO] ← RX [2b] cmd=0x54  crc_recv=0xff  crc_calc=0x54  raw=54 ff
2026-03-10 15:47:38,493 [WARNING] CRC mismatch on cmd=0x54 len=2 — got 0xff, expected 0x54. Full packet: 54 ff
2026-03-10 15:47:38,493 [INFO] ✅ Heart Rate: 0 records retrieved
2026-03-10 15:47:52,677 [INFO] ▶ Real-time HR started (30s)...
2026-03-10 15:47:55,903 [INFO] ← RX [16b] cmd=0x28  crc_recv=0x37  crc_calc=0x37  raw=28 02 00 00 1f 39 76 3f 00 00 00 00 00 00 00 37
2026-03-10 15:47:55,903 [WARNING]   ⚠  HR=0 — sensor may not be in contact yet. Raw: 28 02 00 00 1f 39 76 3f 00 00 00 00 00 00 00 37
2026-03-10 15:47:56,808 [INFO] ← RX [16b] cmd=0x28  crc_recv=0x37  crc_calc=0x37  raw=28 02 00 00 1f 39 76 3f 00 00 00 00 00 00 00 37
2026-03-10 15:47:56,808 [WARNING]   ⚠  HR=0 — sensor may not be in contact yet. Raw: 28 02 00 00 1f 39 76 3f 00 00 00 00 00 00 00 37
2026-03-10 15:47:57,798 [INFO] ← RX [16b] cmd=0x28  crc_recv=0x37  crc_calc=0x37  raw=28 02 00 00 1f 39 76 3f 00 00 00 00 00 00 00 37
2026-03-10 15:47:57,799 [WARNING]   ⚠  HR=0 — sensor may not be in contact yet. Raw: 28 02 00 00 1f 39 76 3f 00 00 00 00 00 00 00 37
2026-03-10 15:47:58,788 [INFO] ← RX [16b] cmd=0x28  crc_recv=0x37  crc_calc=0x37  raw=28 02 00 00 1f 39 76 3f 00 00 00 00 00 00 00 37
2026-03-10 15:47:58,789 [WARNING]   ⚠  HR=0 — sensor may not be in contact yet. Raw: 28 02 00 00 1f 39 76 3f 00 00 00 00 00 00 00 37
2026-03-10 15:47:59,824 [INFO] ← RX [16b] cmd=0x28  crc_recv=0x37  crc_calc=0x37  raw=28 02 00 00 1f 39 76 3f 00 00 00 00 00 00 00 37
2026-03-10 15:47:59,824 [WARNING]   ⚠  HR=0 — sensor may not be in contact yet. Raw: 28 02 00 00 1f 39 76 3f 00 00 00 00 00 00 00 37
2026-03-10 15:48:00,813 [INFO] ← RX [16b] cmd=0x28  crc_recv=0x37  crc_calc=0x37  raw=28 02 00 00 1f 39 76 3f 00 00 00 00 00 00 00 37
2026-03-10 15:48:00,814 [WARNING]   ⚠  HR=0 — sensor may not be in contact yet. Raw: 28 02 00 00 1f 39 76 3f 00 00 00 00 00 00 00 37
2026-03-10 15:48:01,804 [INFO] ← RX [16b] cmd=0x28  crc_recv=0x37  crc_calc=0x37  raw=28 02 00 00 1f 39 76 3f 00 00 00 00 00 00 00 37
2026-03-10 15:48:01,804 [WARNING]   ⚠  HR=0 — sensor may not be in contact yet. Raw: 28 02 00 00 1f 39 76 3f 00 00 00 00 00 00 00 37
2026-03-10 15:48:02,794 [INFO] ← RX [16b] cmd=0x28  crc_recv=0x37  crc_calc=0x37  raw=28 02 00 00 1f 39 76 3f 00 00 00 00 00 00 00 37
2026-03-10 15:48:02,794 [WARNING]   ⚠  HR=0 — sensor may not be in contact yet. Raw: 28 02 00 00 1f 39 76 3f 00 00 00 00 00 00 00 37
2026-03-10 15:48:03,829 [INFO] ← RX [16b] cmd=0x28  crc_recv=0x7f  crc_calc=0x7f  raw=28 02 48 00 1f 39 76 3f 00 00 00 00 00 00 00 7f
2026-03-10 15:48:03,829 [INFO]   📡 HR: {'measure_type': 2, 'heart_rate': 72, 'spo2': 0}
2026-03-10 15:48:04,819 [INFO] ← RX [16b] cmd=0x28  crc_recv=0x7e  crc_calc=0x7e  raw=28 02 47 00 1f 39 76 3f 00 00 00 00 00 00 00 7e
2026-03-10 15:48:04,819 [INFO]   📡 HR: {'measure_type': 2, 'heart_rate': 71, 'spo2': 0}
2026-03-10 15:48:05,809 [INFO] ← RX [16b] cmd=0x28  crc_recv=0x7e  crc_calc=0x7e  raw=28 02 47 00 1f 39 76 3f 00 00 00 00 00 00 00 7e
2026-03-10 15:48:05,809 [INFO]   📡 HR: {'measure_type': 2, 'heart_rate': 71, 'spo2': 0}
2026-03-10 15:48:06,798 [INFO] ← RX [16b] cmd=0x28  crc_recv=0x86  crc_calc=0x86  raw=28 02 4f 00 1f 39 76 3f 00 00 00 00 00 00 00 86
2026-03-10 15:48:06,799 [INFO]   📡 HR: {'measure_type': 2, 'heart_rate': 79, 'spo2': 0}
2026-03-10 15:48:07,789 [INFO] ← RX [16b] cmd=0x28  crc_recv=0x88  crc_calc=0x88  raw=28 02 51 00 1f 39 76 3f 00 00 00 00 00 00 00 88
2026-03-10 15:48:07,789 [INFO]   📡 HR: {'measure_type': 2, 'heart_rate': 81, 'spo2': 0}
2026-03-10 15:48:08,823 [INFO] ← RX [16b] cmd=0x28  crc_recv=0x89  crc_calc=0x89  raw=28 02 52 00 1f 39 76 3f 00 00 00 00 00 00 00 89
2026-03-10 15:48:08,824 [INFO]   📡 HR: {'measure_type': 2, 'heart_rate': 82, 'spo2': 0}
2026-03-10 15:48:09,814 [INFO] ← RX [16b] cmd=0x28  crc_recv=0x89  crc_calc=0x89  raw=28 02 52 00 1f 39 76 3f 00 00 00 00 00 00 00 89
2026-03-10 15:48:09,814 [INFO]   📡 HR: {'measure_type': 2, 'heart_rate': 82, 'spo2': 0}
2026-03-10 15:48:10,804 [INFO] ← RX [16b] cmd=0x28  crc_recv=0x88  crc_calc=0x88  raw=28 02 51 00 1f 39 76 3f 00 00 00 00 00 00 00 88
2026-03-10 15:48:10,804 [INFO]   📡 HR: {'measure_type': 2, 'heart_rate': 81, 'spo2': 0}
2026-03-10 15:48:11,794 [INFO] ← RX [16b] cmd=0x28  crc_recv=0x89  crc_calc=0x89  raw=28 02 52 00 1f 39 76 3f 00 00 00 00 00 00 00 89
2026-03-10 15:48:11,794 [INFO]   📡 HR: {'measure_type': 2, 'heart_rate': 82, 'spo2': 0}
2026-03-10 15:48:12,829 [INFO] ← RX [16b] cmd=0x28  crc_recv=0x87  crc_calc=0x87  raw=28 02 50 00 1f 39 76 3f 00 00 00 00 00 00 00 87
2026-03-10 15:48:12,829 [INFO]   📡 HR: {'measure_type': 2, 'heart_rate': 80, 'spo2': 0}
2026-03-10 15:48:13,819 [INFO] ← RX [16b] cmd=0x28  crc_recv=0x86  crc_calc=0x86  raw=28 02 4f 00 1f 39 76 3f 00 00 00 00 00 00 00 86
2026-03-10 15:48:13,819 [INFO]   📡 HR: {'measure_type': 2, 'heart_rate': 79, 'spo2': 0}
2026-03-10 15:48:14,809 [INFO] ← RX [16b] cmd=0x28  crc_recv=0x86  crc_calc=0x86  raw=28 02 4f 00 1f 39 76 3f 00 00 00 00 00 00 00 86
2026-03-10 15:48:14,809 [INFO]   📡 HR: {'measure_type': 2, 'heart_rate': 79, 'spo2': 0}
2026-03-10 15:48:15,798 [INFO] ← RX [16b] cmd=0x28  crc_recv=0x86  crc_calc=0x86  raw=28 02 4f 00 1f 39 76 3f 00 00 00 00 00 00 00 86
2026-03-10 15:48:15,799 [INFO]   📡 HR: {'measure_type': 2, 'heart_rate': 79, 'spo2': 0}
2026-03-10 15:48:16,789 [INFO] ← RX [16b] cmd=0x28  crc_recv=0x85  crc_calc=0x85  raw=28 02 4e 00 1f 39 76 3f 00 00 00 00 00 00 00 85
2026-03-10 15:48:16,790 [INFO]   📡 HR: {'measure_type': 2, 'heart_rate': 78, 'spo2': 0}
2026-03-10 15:48:17,824 [INFO] ← RX [16b] cmd=0x28  crc_recv=0x84  crc_calc=0x84  raw=28 02 4d 00 1f 39 76 3f 00 00 00 00 00 00 00 84
2026-03-10 15:48:17,825 [INFO]   📡 HR: {'measure_type': 2, 'heart_rate': 77, 'spo2': 0}
2026-03-10 15:48:18,814 [INFO] ← RX [16b] cmd=0x28  crc_recv=0x84  crc_calc=0x84  raw=28 02 4d 00 1f 39 76 3f 00 00 00 00 00 00 00 84
2026-03-10 15:48:18,815 [INFO]   📡 HR: {'measure_type': 2, 'heart_rate': 77, 'spo2': 0}
2026-03-10 15:48:19,804 [INFO] ← RX [16b] cmd=0x28  crc_recv=0x83  crc_calc=0x83  raw=28 02 4c 00 1f 39 76 3f 00 00 00 00 00 00 00 83
2026-03-10 15:48:19,804 [INFO]   📡 HR: {'measure_type': 2, 'heart_rate': 76, 'spo2': 0}
2026-03-10 15:48:20,794 [INFO] ← RX [16b] cmd=0x28  crc_recv=0x83  crc_calc=0x83  raw=28 02 4c 00 1f 39 76 3f 00 00 00 00 00 00 00 83
2026-03-10 15:48:20,794 [INFO]   📡 HR: {'measure_type': 2, 'heart_rate': 76, 'spo2': 0}
2026-03-10 15:48:21,829 [INFO] ← RX [16b] cmd=0x28  crc_recv=0x83  crc_calc=0x83  raw=28 02 4c 00 1f 39 76 3f 00 00 00 00 00 00 00 83
2026-03-10 15:48:21,829 [INFO]   📡 HR: {'measure_type': 2, 'heart_rate': 76, 'spo2': 0}
2026-03-10 15:48:22,680 [INFO] ⏹ Real-time HR stopped. 19 samples.
2026-03-10 15:48:25,428 [INFO] ← RX [2b] cmd=0x54  crc_recv=0xff  crc_calc=0x54  raw=54 ff
2026-03-10 15:48:25,429 [WARNING] CRC mismatch on cmd=0x54 len=2 — got 0xff, expected 0x54. Full packet: 54 ff
2026-03-10 15:48:25,429 [INFO] ✅ Heart Rate: 0 records retrieved
2026-03-10 15:51:19,870 [INFO] Disconnected.
2026-03-10 15:51:39,207 [INFO] Connecting to CE:68:27:E4:9F:D0...
2026-03-10 15:51:42,445 [INFO] Connected ✓  (notifications enabled)
2026-03-10 15:51:51,142 [INFO] ▶ Real-time HR started (30s)...
2026-03-10 15:51:53,911 [INFO] ← RX [16b] cmd=0x28  crc_recv=0x37  crc_calc=0x37  raw=28 02 00 00 1f 39 76 3f 00 00 00 00 00 00 00 37
2026-03-10 15:51:53,911 [WARNING]   ⚠  HR=0 — sensor may not be in contact yet. Raw: 28 02 00 00 1f 39 76 3f 00 00 00 00 00 00 00 37
2026-03-10 15:51:54,820 [INFO] ← RX [16b] cmd=0x28  crc_recv=0x37  crc_calc=0x37  raw=28 02 00 00 1f 39 76 3f 00 00 00 00 00 00 00 37
2026-03-10 15:51:54,820 [WARNING]   ⚠  HR=0 — sensor may not be in contact yet. Raw: 28 02 00 00 1f 39 76 3f 00 00 00 00 00 00 00 37
2026-03-10 15:51:55,810 [INFO] ← RX [16b] cmd=0x28  crc_recv=0x37  crc_calc=0x37  raw=28 02 00 00 1f 39 76 3f 00 00 00 00 00 00 00 37
2026-03-10 15:51:55,810 [WARNING]   ⚠  HR=0 — sensor may not be in contact yet. Raw: 28 02 00 00 1f 39 76 3f 00 00 00 00 00 00 00 37
2026-03-10 15:51:56,800 [INFO] ← RX [16b] cmd=0x28  crc_recv=0x37  crc_calc=0x37  raw=28 02 00 00 1f 39 76 3f 00 00 00 00 00 00 00 37
2026-03-10 15:51:56,800 [WARNING]   ⚠  HR=0 — sensor may not be in contact yet. Raw: 28 02 00 00 1f 39 76 3f 00 00 00 00 00 00 00 37
2026-03-10 15:51:57,789 [INFO] ← RX [16b] cmd=0x28  crc_recv=0x37  crc_calc=0x37  raw=28 02 00 00 1f 39 76 3f 00 00 00 00 00 00 00 37
2026-03-10 15:51:57,790 [WARNING]   ⚠  HR=0 — sensor may not be in contact yet. Raw: 28 02 00 00 1f 39 76 3f 00 00 00 00 00 00 00 37
2026-03-10 15:51:58,825 [INFO] ← RX [16b] cmd=0x28  crc_recv=0x37  crc_calc=0x37  raw=28 02 00 00 1f 39 76 3f 00 00 00 00 00 00 00 37
2026-03-10 15:51:58,825 [WARNING]   ⚠  HR=0 — sensor may not be in contact yet. Raw: 28 02 00 00 1f 39 76 3f 00 00 00 00 00 00 00 37
2026-03-10 15:51:59,815 [INFO] ← RX [16b] cmd=0x28  crc_recv=0x37  crc_calc=0x37  raw=28 02 00 00 1f 39 76 3f 00 00 00 00 00 00 00 37
2026-03-10 15:51:59,815 [WARNING]   ⚠  HR=0 — sensor may not be in contact yet. Raw: 28 02 00 00 1f 39 76 3f 00 00 00 00 00 00 00 37
2026-03-10 15:52:00,805 [INFO] ← RX [16b] cmd=0x28  crc_recv=0x37  crc_calc=0x37  raw=28 02 00 00 1f 39 76 3f 00 00 00 00 00 00 00 37
2026-03-10 15:52:00,805 [WARNING]   ⚠  HR=0 — sensor may not be in contact yet. Raw: 28 02 00 00 1f 39 76 3f 00 00 00 00 00 00 00 37
2026-03-10 15:52:01,795 [INFO] ← RX [16b] cmd=0x28  crc_recv=0x85  crc_calc=0x85  raw=28 02 4e 00 1f 39 76 3f 00 00 00 00 00 00 00 85
2026-03-10 15:52:01,795 [INFO]   📡 HR: {'measure_type': 2, 'heart_rate': 78, 'spo2': 0}
2026-03-10 15:52:02,830 [INFO] ← RX [16b] cmd=0x28  crc_recv=0x85  crc_calc=0x85  raw=28 02 4e 00 1f 39 76 3f 00 00 00 00 00 00 00 85
2026-03-10 15:52:02,830 [INFO]   📡 HR: {'measure_type': 2, 'heart_rate': 78, 'spo2': 0}
2026-03-10 15:52:03,820 [INFO] ← RX [16b] cmd=0x28  crc_recv=0x84  crc_calc=0x84  raw=28 02 4d 00 1f 39 76 3f 00 00 00 00 00 00 00 84
2026-03-10 15:52:03,820 [INFO]   📡 HR: {'measure_type': 2, 'heart_rate': 77, 'spo2': 0}
2026-03-10 15:52:04,810 [INFO] ← RX [16b] cmd=0x28  crc_recv=0x84  crc_calc=0x84  raw=28 02 4d 00 1f 39 76 3f 00 00 00 00 00 00 00 84
2026-03-10 15:52:04,810 [INFO]   📡 HR: {'measure_type': 2, 'heart_rate': 77, 'spo2': 0}
2026-03-10 15:52:05,800 [INFO] ← RX [16b] cmd=0x28  crc_recv=0x85  crc_calc=0x85  raw=28 02 4e 00 1f 39 76 3f 00 00 00 00 00 00 00 85
2026-03-10 15:52:05,800 [INFO]   📡 HR: {'measure_type': 2, 'heart_rate': 78, 'spo2': 0}
2026-03-10 15:52:06,789 [INFO] ← RX [16b] cmd=0x28  crc_recv=0x86  crc_calc=0x86  raw=28 02 4f 00 1f 39 76 3f 00 00 00 00 00 00 00 86
2026-03-10 15:52:06,790 [INFO]   📡 HR: {'measure_type': 2, 'heart_rate': 79, 'spo2': 0}
2026-03-10 15:52:07,825 [INFO] ← RX [16b] cmd=0x28  crc_recv=0x89  crc_calc=0x89  raw=28 02 52 00 1f 39 76 3f 00 00 00 00 00 00 00 89
2026-03-10 15:52:07,825 [INFO]   📡 HR: {'measure_type': 2, 'heart_rate': 82, 'spo2': 0}
2026-03-10 15:52:08,815 [INFO] ← RX [16b] cmd=0x28  crc_recv=0x8c  crc_calc=0x8c  raw=28 02 55 00 1f 39 76 3f 00 00 00 00 00 00 00 8c
2026-03-10 15:52:08,815 [INFO]   📡 HR: {'measure_type': 2, 'heart_rate': 85, 'spo2': 0}
2026-03-10 15:52:09,805 [INFO] ← RX [16b] cmd=0x28  crc_recv=0x8b  crc_calc=0x8b  raw=28 02 54 00 1f 39 76 3f 00 00 00 00 00 00 00 8b
2026-03-10 15:52:09,805 [INFO]   📡 HR: {'measure_type': 2, 'heart_rate': 84, 'spo2': 0}
2026-03-10 15:52:10,795 [INFO] ← RX [16b] cmd=0x28  crc_recv=0x89  crc_calc=0x89  raw=28 02 52 00 1f 39 76 3f 00 00 00 00 00 00 00 89
2026-03-10 15:52:10,795 [INFO]   📡 HR: {'measure_type': 2, 'heart_rate': 82, 'spo2': 0}
2026-03-10 15:52:11,830 [INFO] ← RX [16b] cmd=0x28  crc_recv=0x89  crc_calc=0x89  raw=28 02 52 00 1f 39 76 3f 00 00 00 00 00 00 00 89
2026-03-10 15:52:11,830 [INFO]   📡 HR: {'measure_type': 2, 'heart_rate': 82, 'spo2': 0}
2026-03-10 15:52:12,820 [INFO] ← RX [16b] cmd=0x28  crc_recv=0x87  crc_calc=0x87  raw=28 02 50 00 1f 39 76 3f 00 00 00 00 00 00 00 87
2026-03-10 15:52:12,820 [INFO]   📡 HR: {'measure_type': 2, 'heart_rate': 80, 'spo2': 0}
2026-03-10 15:52:13,809 [INFO] ← RX [16b] cmd=0x28  crc_recv=0x87  crc_calc=0x87  raw=28 02 50 00 1f 39 76 3f 00 00 00 00 00 00 00 87
2026-03-10 15:52:13,810 [INFO]   📡 HR: {'measure_type': 2, 'heart_rate': 80, 'spo2': 0}
2026-03-10 15:52:14,800 [INFO] ← RX [16b] cmd=0x28  crc_recv=0x86  crc_calc=0x86  raw=28 02 4f 00 1f 39 76 3f 00 00 00 00 00 00 00 86
2026-03-10 15:52:14,800 [INFO]   📡 HR: {'measure_type': 2, 'heart_rate': 79, 'spo2': 0}
2026-03-10 15:52:15,790 [INFO] ← RX [16b] cmd=0x28  crc_recv=0x85  crc_calc=0x85  raw=28 02 4e 00 1f 39 76 3f 00 00 00 00 00 00 00 85
2026-03-10 15:52:15,790 [INFO]   📡 HR: {'measure_type': 2, 'heart_rate': 78, 'spo2': 0}
2026-03-10 15:52:16,825 [INFO] ← RX [16b] cmd=0x28  crc_recv=0x85  crc_calc=0x85  raw=28 02 4e 00 1f 39 76 3f 00 00 00 00 00 00 00 85
2026-03-10 15:52:16,825 [INFO]   📡 HR: {'measure_type': 2, 'heart_rate': 78, 'spo2': 0}
2026-03-10 15:52:17,815 [INFO] ← RX [16b] cmd=0x28  crc_recv=0x84  crc_calc=0x84  raw=28 02 4d 00 1f 39 76 3f 00 00 00 00 00 00 00 84
2026-03-10 15:52:17,815 [INFO]   📡 HR: {'measure_type': 2, 'heart_rate': 77, 'spo2': 0}
2026-03-10 15:52:18,805 [INFO] ← RX [16b] cmd=0x28  crc_recv=0x84  crc_calc=0x84  raw=28 02 4d 00 1f 39 76 3f 00 00 00 00 00 00 00 84
2026-03-10 15:52:18,805 [INFO]   📡 HR: {'measure_type': 2, 'heart_rate': 77, 'spo2': 0}
2026-03-10 15:52:19,795 [INFO] ← RX [16b] cmd=0x28  crc_recv=0x84  crc_calc=0x84  raw=28 02 4d 00 1f 39 76 3f 00 00 00 00 00 00 00 84
2026-03-10 15:52:19,795 [INFO]   📡 HR: {'measure_type': 2, 'heart_rate': 77, 'spo2': 0}
2026-03-10 15:52:20,830 [INFO] ← RX [16b] cmd=0x28  crc_recv=0x84  crc_calc=0x84  raw=28 02 4d 00 1f 39 76 3f 00 00 00 00 00 00 00 84
2026-03-10 15:52:20,831 [INFO]   📡 HR: {'measure_type': 2, 'heart_rate': 77, 'spo2': 0}
2026-03-10 15:52:21,145 [INFO] ⏹ Real-time HR stopped. 20 samples.
2026-03-10 15:52:26,410 [INFO] ← RX [2b] cmd=0x54  crc_recv=0xff  crc_calc=0x54  raw=54 ff
2026-03-10 15:52:26,410 [INFO] ← No data on device for cmd=0x54
2026-03-10 15:52:26,411 [INFO] No Heart Rate data on device.
2026-03-10 16:42:26,020 [INFO] Disconnected.
2026-03-11 11:22:15,659 [INFO] Connecting to AA:BB:CC:DD:EE:FF...
2026-03-11 11:23:47,856 [INFO] Connecting to AA:BB:CC:DD:EE:FF...
2026-03-11 11:27:19,550 [INFO] Connecting to AA:BB:CC:DD:EE:FF...
2026-03-11 11:27:56,611 [INFO] Connecting to CE:68:27:E4:9F:D0...
2026-03-11 11:28:05,871 [INFO] Connected ✓  (notifications enabled)
2026-03-11 11:28:14,153 [INFO] ═══ Starting full data dump ═══
2026-03-11 11:28:24,951 [INFO] Disconnected.
2026-03-11 11:28:34,372 [INFO] Connecting to CE:68:27:E4:9F:D0...
2026-03-11 11:28:36,962 [INFO] Connected ✓  (notifications enabled)
2026-03-11 11:28:47,322 [INFO] ▶ Real-time HR started (30s)...
2026-03-11 11:28:50,051 [INFO] ← RX [16b] cmd=0x28  crc_recv=0x2a  crc_calc=0x2a  raw=28 02 00 00 00 00 00 00 00 00 00 00 00 00 00 2a
2026-03-11 11:28:50,052 [WARNING]   ⚠  HR=0 — sensor may not be in contact yet. Raw: 28 02 00 00 00 00 00 00 00 00 00 00 00 00 00 2a
2026-03-11 11:28:50,956 [INFO] ← RX [16b] cmd=0x28  crc_recv=0x2a  crc_calc=0x2a  raw=28 02 00 00 00 00 00 00 00 00 00 00 00 00 00 2a
2026-03-11 11:28:50,956 [WARNING]   ⚠  HR=0 — sensor may not be in contact yet. Raw: 28 02 00 00 00 00 00 00 00 00 00 00 00 00 00 2a
2026-03-11 11:28:51,991 [INFO] ← RX [16b] cmd=0x28  crc_recv=0x2a  crc_calc=0x2a  raw=28 02 00 00 00 00 00 00 00 00 00 00 00 00 00 2a
2026-03-11 11:28:51,991 [WARNING]   ⚠  HR=0 — sensor may not be in contact yet. Raw: 28 02 00 00 00 00 00 00 00 00 00 00 00 00 00 2a
2026-03-11 11:28:52,981 [INFO] ← RX [16b] cmd=0x28  crc_recv=0x2a  crc_calc=0x2a  raw=28 02 00 00 00 00 00 00 00 00 00 00 00 00 00 2a
2026-03-11 11:28:52,981 [WARNING]   ⚠  HR=0 — sensor may not be in contact yet. Raw: 28 02 00 00 00 00 00 00 00 00 00 00 00 00 00 2a
2026-03-11 11:28:53,971 [INFO] ← RX [16b] cmd=0x28  crc_recv=0x2a  crc_calc=0x2a  raw=28 02 00 00 00 00 00 00 00 00 00 00 00 00 00 2a
2026-03-11 11:28:53,971 [WARNING]   ⚠  HR=0 — sensor may not be in contact yet. Raw: 28 02 00 00 00 00 00 00 00 00 00 00 00 00 00 2a
2026-03-11 11:28:54,961 [INFO] ← RX [16b] cmd=0x28  crc_recv=0x2a  crc_calc=0x2a  raw=28 02 00 00 00 00 00 00 00 00 00 00 00 00 00 2a
2026-03-11 11:28:54,961 [WARNING]   ⚠  HR=0 — sensor may not be in contact yet. Raw: 28 02 00 00 00 00 00 00 00 00 00 00 00 00 00 2a
2026-03-11 11:28:55,951 [INFO] ← RX [16b] cmd=0x28  crc_recv=0x2a  crc_calc=0x2a  raw=28 02 00 00 00 00 00 00 00 00 00 00 00 00 00 2a
2026-03-11 11:28:55,951 [WARNING]   ⚠  HR=0 — sensor may not be in contact yet. Raw: 28 02 00 00 00 00 00 00 00 00 00 00 00 00 00 2a
2026-03-11 11:28:56,986 [INFO] ← RX [16b] cmd=0x28  crc_recv=0x2a  crc_calc=0x2a  raw=28 02 00 00 00 00 00 00 00 00 00 00 00 00 00 2a
2026-03-11 11:28:56,986 [WARNING]   ⚠  HR=0 — sensor may not be in contact yet. Raw: 28 02 00 00 00 00 00 00 00 00 00 00 00 00 00 2a
2026-03-11 11:28:57,976 [INFO] ← RX [16b] cmd=0x28  crc_recv=0x2a  crc_calc=0x2a  raw=28 02 00 00 00 00 00 00 00 00 00 00 00 00 00 2a
2026-03-11 11:28:57,976 [WARNING]   ⚠  HR=0 — sensor may not be in contact yet. Raw: 28 02 00 00 00 00 00 00 00 00 00 00 00 00 00 2a
2026-03-11 11:28:58,966 [INFO] ← RX [16b] cmd=0x28  crc_recv=0x2a  crc_calc=0x2a  raw=28 02 00 00 00 00 00 00 00 00 00 00 00 00 00 2a
2026-03-11 11:28:58,966 [WARNING]   ⚠  HR=0 — sensor may not be in contact yet. Raw: 28 02 00 00 00 00 00 00 00 00 00 00 00 00 00 2a
2026-03-11 11:28:59,956 [INFO] ← RX [16b] cmd=0x28  crc_recv=0x2a  crc_calc=0x2a  raw=28 02 00 00 00 00 00 00 00 00 00 00 00 00 00 2a
2026-03-11 11:28:59,956 [WARNING]   ⚠  HR=0 — sensor may not be in contact yet. Raw: 28 02 00 00 00 00 00 00 00 00 00 00 00 00 00 2a
2026-03-11 11:29:00,991 [INFO] ← RX [16b] cmd=0x28  crc_recv=0x2a  crc_calc=0x2a  raw=28 02 00 00 00 00 00 00 00 00 00 00 00 00 00 2a
2026-03-11 11:29:00,991 [WARNING]   ⚠  HR=0 — sensor may not be in contact yet. Raw: 28 02 00 00 00 00 00 00 00 00 00 00 00 00 00 2a
2026-03-11 11:29:01,980 [INFO] ← RX [16b] cmd=0x28  crc_recv=0x2a  crc_calc=0x2a  raw=28 02 00 00 00 00 00 00 00 00 00 00 00 00 00 2a
2026-03-11 11:29:01,981 [WARNING]   ⚠  HR=0 — sensor may not be in contact yet. Raw: 28 02 00 00 00 00 00 00 00 00 00 00 00 00 00 2a
2026-03-11 11:29:02,970 [INFO] ← RX [16b] cmd=0x28  crc_recv=0x2a  crc_calc=0x2a  raw=28 02 00 00 00 00 00 00 00 00 00 00 00 00 00 2a
2026-03-11 11:29:02,971 [WARNING]   ⚠  HR=0 — sensor may not be in contact yet. Raw: 28 02 00 00 00 00 00 00 00 00 00 00 00 00 00 2a
2026-03-11 11:29:03,960 [INFO] ← RX [16b] cmd=0x28  crc_recv=0x2a  crc_calc=0x2a  raw=28 02 00 00 00 00 00 00 00 00 00 00 00 00 00 2a
2026-03-11 11:29:03,961 [WARNING]   ⚠  HR=0 — sensor may not be in contact yet. Raw: 28 02 00 00 00 00 00 00 00 00 00 00 00 00 00 2a
2026-03-11 11:29:04,950 [INFO] ← RX [16b] cmd=0x28  crc_recv=0x2a  crc_calc=0x2a  raw=28 02 00 00 00 00 00 00 00 00 00 00 00 00 00 2a
2026-03-11 11:29:04,951 [WARNING]   ⚠  HR=0 — sensor may not be in contact yet. Raw: 28 02 00 00 00 00 00 00 00 00 00 00 00 00 00 2a
2026-03-11 11:29:05,985 [INFO] ← RX [16b] cmd=0x28  crc_recv=0x2a  crc_calc=0x2a  raw=28 02 00 00 00 00 00 00 00 00 00 00 00 00 00 2a
2026-03-11 11:29:05,985 [WARNING]   ⚠  HR=0 — sensor may not be in contact yet. Raw: 28 02 00 00 00 00 00 00 00 00 00 00 00 00 00 2a
2026-03-11 11:29:06,975 [INFO] ← RX [16b] cmd=0x28  crc_recv=0x2a  crc_calc=0x2a  raw=28 02 00 00 00 00 00 00 00 00 00 00 00 00 00 2a
2026-03-11 11:29:06,976 [WARNING]   ⚠  HR=0 — sensor may not be in contact yet. Raw: 28 02 00 00 00 00 00 00 00 00 00 00 00 00 00 2a
2026-03-11 11:29:07,965 [INFO] ← RX [16b] cmd=0x28  crc_recv=0x2a  crc_calc=0x2a  raw=28 02 00 00 00 00 00 00 00 00 00 00 00 00 00 2a
2026-03-11 11:29:07,966 [WARNING]   ⚠  HR=0 — sensor may not be in contact yet. Raw: 28 02 00 00 00 00 00 00 00 00 00 00 00 00 00 2a
2026-03-11 11:29:08,955 [INFO] ← RX [16b] cmd=0x28  crc_recv=0x2a  crc_calc=0x2a  raw=28 02 00 00 00 00 00 00 00 00 00 00 00 00 00 2a
2026-03-11 11:29:08,955 [WARNING]   ⚠  HR=0 — sensor may not be in contact yet. Raw: 28 02 00 00 00 00 00 00 00 00 00 00 00 00 00 2a
2026-03-11 11:29:09,990 [INFO] ← RX [16b] cmd=0x28  crc_recv=0x2a  crc_calc=0x2a  raw=28 02 00 00 00 00 00 00 00 00 00 00 00 00 00 2a
2026-03-11 11:29:09,991 [WARNING]   ⚠  HR=0 — sensor may not be in contact yet. Raw: 28 02 00 00 00 00 00 00 00 00 00 00 00 00 00 2a
2026-03-11 11:29:10,980 [INFO] ← RX [16b] cmd=0x28  crc_recv=0x2a  crc_calc=0x2a  raw=28 02 00 00 00 00 00 00 00 00 00 00 00 00 00 2a
2026-03-11 11:29:10,980 [WARNING]   ⚠  HR=0 — sensor may not be in contact yet. Raw: 28 02 00 00 00 00 00 00 00 00 00 00 00 00 00 2a
2026-03-11 11:29:11,970 [INFO] ← RX [16b] cmd=0x28  crc_recv=0x2a  crc_calc=0x2a  raw=28 02 00 00 00 00 00 00 00 00 00 00 00 00 00 2a
2026-03-11 11:29:11,971 [WARNING]   ⚠  HR=0 — sensor may not be in contact yet. Raw: 28 02 00 00 00 00 00 00 00 00 00 00 00 00 00 2a
2026-03-11 11:29:12,960 [INFO] ← RX [16b] cmd=0x28  crc_recv=0x2a  crc_calc=0x2a  raw=28 02 00 00 00 00 00 00 00 00 00 00 00 00 00 2a
2026-03-11 11:29:12,960 [WARNING]   ⚠  HR=0 — sensor may not be in contact yet. Raw: 28 02 00 00 00 00 00 00 00 00 00 00 00 00 00 2a
2026-03-11 11:29:13,950 [INFO] ← RX [16b] cmd=0x28  crc_recv=0x2a  crc_calc=0x2a  raw=28 02 00 00 00 00 00 00 00 00 00 00 00 00 00 2a
2026-03-11 11:29:13,950 [WARNING]   ⚠  HR=0 — sensor may not be in contact yet. Raw: 28 02 00 00 00 00 00 00 00 00 00 00 00 00 00 2a
2026-03-11 11:29:14,985 [INFO] ← RX [16b] cmd=0x28  crc_recv=0x2a  crc_calc=0x2a  raw=28 02 00 00 00 00 00 00 00 00 00 00 00 00 00 2a
2026-03-11 11:29:14,985 [WARNING]   ⚠  HR=0 — sensor may not be in contact yet. Raw: 28 02 00 00 00 00 00 00 00 00 00 00 00 00 00 2a
2026-03-11 11:29:15,975 [INFO] ← RX [16b] cmd=0x28  crc_recv=0x2a  crc_calc=0x2a  raw=28 02 00 00 00 00 00 00 00 00 00 00 00 00 00 2a
2026-03-11 11:29:15,975 [WARNING]   ⚠  HR=0 — sensor may not be in contact yet. Raw: 28 02 00 00 00 00 00 00 00 00 00 00 00 00 00 2a
2026-03-11 11:29:16,965 [INFO] ← RX [16b] cmd=0x28  crc_recv=0x2a  crc_calc=0x2a  raw=28 02 00 00 00 00 00 00 00 00 00 00 00 00 00 2a
2026-03-11 11:29:16,965 [WARNING]   ⚠  HR=0 — sensor may not be in contact yet. Raw: 28 02 00 00 00 00 00 00 00 00 00 00 00 00 00 2a
2026-03-11 11:29:17,324 [INFO] ⏹ Real-time HR stopped. 0 samples.
2026-03-11 11:29:28,349 [INFO] ← RX [16b] cmd=0x13  crc_recv=0xd7  crc_calc=0xd7  raw=13 33 00 39 58 00 00 00 00 00 00 00 00 00 00 d7
2026-03-11 11:29:28,350 [INFO] 🔋 Battery: 51%
2026-03-11 11:29:50,864 [INFO] ▶ Real-time HR started (30s)...
2026-03-11 11:29:54,215 [INFO] ← RX [16b] cmd=0x28  crc_recv=0x2a  crc_calc=0x2a  raw=28 02 00 00 00 00 00 00 00 00 00 00 00 00 00 2a
2026-03-11 11:29:54,216 [WARNING]   ⚠  HR=0 — sensor may not be in contact yet. Raw: 28 02 00 00 00 00 00 00 00 00 00 00 00 00 00 2a
2026-03-11 11:29:55,258 [INFO] ← RX [16b] cmd=0x28  crc_recv=0x2a  crc_calc=0x2a  raw=28 02 00 00 00 00 00 00 00 00 00 00 00 00 00 2a
2026-03-11 11:29:55,258 [WARNING]   ⚠  HR=0 — sensor may not be in contact yet. Raw: 28 02 00 00 00 00 00 00 00 00 00 00 00 00 00 2a
2026-03-11 11:29:56,008 [INFO] ← RX [16b] cmd=0x28  crc_recv=0x2a  crc_calc=0x2a  raw=28 02 00 00 00 00 00 00 00 00 00 00 00 00 00 2a
2026-03-11 11:29:56,008 [WARNING]   ⚠  HR=0 — sensor may not be in contact yet. Raw: 28 02 00 00 00 00 00 00 00 00 00 00 00 00 00 2a
2026-03-11 11:29:57,133 [INFO] ← RX [16b] cmd=0x28  crc_recv=0x2a  crc_calc=0x2a  raw=28 02 00 00 00 00 00 00 00 00 00 00 00 00 00 2a
2026-03-11 11:29:57,133 [WARNING]   ⚠  HR=0 — sensor may not be in contact yet. Raw: 28 02 00 00 00 00 00 00 00 00 00 00 00 00 00 2a
2026-03-11 11:29:58,258 [INFO] ← RX [16b] cmd=0x28  crc_recv=0x2a  crc_calc=0x2a  raw=28 02 00 00 00 00 00 00 00 00 00 00 00 00 00 2a
2026-03-11 11:29:58,259 [WARNING]   ⚠  HR=0 — sensor may not be in contact yet. Raw: 28 02 00 00 00 00 00 00 00 00 00 00 00 00 00 2a
2026-03-11 11:29:59,008 [INFO] ← RX [16b] cmd=0x28  crc_recv=0x2a  crc_calc=0x2a  raw=28 02 00 00 00 00 00 00 00 00 00 00 00 00 00 2a
2026-03-11 11:29:59,008 [WARNING]   ⚠  HR=0 — sensor may not be in contact yet. Raw: 28 02 00 00 00 00 00 00 00 00 00 00 00 00 00 2a
2026-03-11 11:30:00,132 [INFO] ← RX [16b] cmd=0x28  crc_recv=0x2a  crc_calc=0x2a  raw=28 02 00 00 00 00 00 00 00 00 00 00 00 00 00 2a
2026-03-11 11:30:00,133 [WARNING]   ⚠  HR=0 — sensor may not be in contact yet. Raw: 28 02 00 00 00 00 00 00 00 00 00 00 00 00 00 2a
2026-03-11 11:30:01,257 [INFO] ← RX [16b] cmd=0x28  crc_recv=0x2a  crc_calc=0x2a  raw=28 02 00 00 00 00 00 00 00 00 00 00 00 00 00 2a
2026-03-11 11:30:01,257 [WARNING]   ⚠  HR=0 — sensor may not be in contact yet. Raw: 28 02 00 00 00 00 00 00 00 00 00 00 00 00 00 2a
2026-03-11 11:30:02,007 [INFO] ← RX [16b] cmd=0x28  crc_recv=0x2a  crc_calc=0x2a  raw=28 02 00 00 00 00 00 00 00 00 00 00 00 00 00 2a
2026-03-11 11:30:02,008 [WARNING]   ⚠  HR=0 — sensor may not be in contact yet. Raw: 28 02 00 00 00 00 00 00 00 00 00 00 00 00 00 2a
2026-03-11 11:30:02,982 [INFO] ← RX [16b] cmd=0x28  crc_recv=0x2a  crc_calc=0x2a  raw=28 02 00 00 00 00 00 00 00 00 00 00 00 00 00 2a
2026-03-11 11:30:02,982 [WARNING]   ⚠  HR=0 — sensor may not be in contact yet. Raw: 28 02 00 00 00 00 00 00 00 00 00 00 00 00 00 2a
2026-03-11 11:30:03,957 [INFO] ← RX [16b] cmd=0x28  crc_recv=0x2a  crc_calc=0x2a  raw=28 02 00 00 00 00 00 00 00 00 00 00 00 00 00 2a
2026-03-11 11:30:03,958 [WARNING]   ⚠  HR=0 — sensor may not be in contact yet. Raw: 28 02 00 00 00 00 00 00 00 00 00 00 00 00 00 2a
2026-03-11 11:30:04,970 [INFO] ← RX [16b] cmd=0x28  crc_recv=0x68  crc_calc=0x68  raw=28 02 3e 00 00 00 00 00 00 00 00 00 00 00 00 68
2026-03-11 11:30:04,970 [INFO]   📡 HR: {'measure_type': 2, 'heart_rate': 62, 'spo2': 0}
2026-03-11 11:30:05,982 [INFO] ← RX [16b] cmd=0x28  crc_recv=0x6a  crc_calc=0x6a  raw=28 02 40 00 00 00 00 00 00 00 00 00 00 00 00 6a
2026-03-11 11:30:05,983 [INFO]   📡 HR: {'measure_type': 2, 'heart_rate': 64, 'spo2': 0}
2026-03-11 11:30:06,957 [INFO] ← RX [16b] cmd=0x28  crc_recv=0x6a  crc_calc=0x6a  raw=28 02 40 00 00 00 00 00 00 00 00 00 00 00 00 6a
2026-03-11 11:30:06,958 [INFO]   📡 HR: {'measure_type': 2, 'heart_rate': 64, 'spo2': 0}
2026-03-11 11:30:07,970 [INFO] ← RX [16b] cmd=0x28  crc_recv=0x68  crc_calc=0x68  raw=28 02 3e 00 00 00 00 00 00 00 00 00 00 00 00 68
2026-03-11 11:30:07,970 [INFO]   📡 HR: {'measure_type': 2, 'heart_rate': 62, 'spo2': 0}
2026-03-11 11:30:08,982 [INFO] ← RX [16b] cmd=0x28  crc_recv=0x68  crc_calc=0x68  raw=28 02 3e 00 00 00 00 00 00 00 00 00 00 00 00 68
2026-03-11 11:30:08,983 [INFO]   📡 HR: {'measure_type': 2, 'heart_rate': 62, 'spo2': 0}
2026-03-11 11:30:09,957 [INFO] ← RX [16b] cmd=0x28  crc_recv=0x6a  crc_calc=0x6a  raw=28 02 40 00 00 00 00 00 00 00 00 00 00 00 00 6a
2026-03-11 11:30:09,958 [INFO]   📡 HR: {'measure_type': 2, 'heart_rate': 64, 'spo2': 0}
2026-03-11 11:30:10,970 [INFO] ← RX [16b] cmd=0x28  crc_recv=0x69  crc_calc=0x69  raw=28 02 3f 00 00 00 00 00 00 00 00 00 00 00 00 69
2026-03-11 11:30:10,970 [INFO]   📡 HR: {'measure_type': 2, 'heart_rate': 63, 'spo2': 0}
2026-03-11 11:30:11,982 [INFO] ← RX [16b] cmd=0x28  crc_recv=0x68  crc_calc=0x68  raw=28 02 3e 00 00 00 00 00 00 00 00 00 00 00 00 68
2026-03-11 11:30:11,983 [INFO]   📡 HR: {'measure_type': 2, 'heart_rate': 62, 'spo2': 0}
2026-03-11 11:30:12,957 [INFO] ← RX [16b] cmd=0x28  crc_recv=0x68  crc_calc=0x68  raw=28 02 3e 00 00 00 00 00 00 00 00 00 00 00 00 68
2026-03-11 11:30:12,957 [INFO]   📡 HR: {'measure_type': 2, 'heart_rate': 62, 'spo2': 0}
2026-03-11 11:30:13,969 [INFO] ← RX [16b] cmd=0x28  crc_recv=0x68  crc_calc=0x68  raw=28 02 3e 00 00 00 00 00 00 00 00 00 00 00 00 68
2026-03-11 11:30:13,970 [INFO]   📡 HR: {'measure_type': 2, 'heart_rate': 62, 'spo2': 0}
2026-03-11 11:30:14,982 [INFO] ← RX [16b] cmd=0x28  crc_recv=0x68  crc_calc=0x68  raw=28 02 3e 00 00 00 00 00 00 00 00 00 00 00 00 68
2026-03-11 11:30:14,983 [INFO]   📡 HR: {'measure_type': 2, 'heart_rate': 62, 'spo2': 0}
2026-03-11 11:30:15,957 [INFO] ← RX [16b] cmd=0x28  crc_recv=0x69  crc_calc=0x69  raw=28 02 3f 00 00 00 00 00 00 00 00 00 00 00 00 69
2026-03-11 11:30:15,957 [INFO]   📡 HR: {'measure_type': 2, 'heart_rate': 63, 'spo2': 0}
2026-03-11 11:30:16,969 [INFO] ← RX [16b] cmd=0x28  crc_recv=0x6a  crc_calc=0x6a  raw=28 02 40 00 00 00 00 00 00 00 00 00 00 00 00 6a
2026-03-11 11:30:16,970 [INFO]   📡 HR: {'measure_type': 2, 'heart_rate': 64, 'spo2': 0}
2026-03-11 11:30:17,982 [INFO] ← RX [16b] cmd=0x28  crc_recv=0x6a  crc_calc=0x6a  raw=28 02 40 00 00 00 00 00 00 00 00 00 00 00 00 6a
2026-03-11 11:30:17,982 [INFO]   📡 HR: {'measure_type': 2, 'heart_rate': 64, 'spo2': 0}
2026-03-11 11:30:18,957 [INFO] ← RX [16b] cmd=0x28  crc_recv=0x6c  crc_calc=0x6c  raw=28 02 42 00 00 00 00 00 00 00 00 00 00 00 00 6c
2026-03-11 11:30:18,957 [INFO]   📡 HR: {'measure_type': 2, 'heart_rate': 66, 'spo2': 0}
2026-03-11 11:30:19,969 [INFO] ← RX [16b] cmd=0x28  crc_recv=0x6d  crc_calc=0x6d  raw=28 02 43 00 00 00 00 00 00 00 00 00 00 00 00 6d
2026-03-11 11:30:19,970 [INFO]   📡 HR: {'measure_type': 2, 'heart_rate': 67, 'spo2': 0}
2026-03-11 11:30:20,867 [INFO] ⏹ Real-time HR stopped. 16 samples.
2026-03-11 11:30:24,908 [INFO] ═══ Starting full data dump ═══
2026-03-11 11:30:25,069 [INFO] ← RX [16b] cmd=0x01  crc_recv=0xf5  crc_calc=0xf5  raw=01 f4 00 00 00 00 00 00 00 00 00 00 00 00 00 f5
2026-03-11 11:30:25,069 [INFO] ⏰ Time sync: OK
2026-03-11 11:30:25,144 [INFO] ← RX [16b] cmd=0x13  crc_recv=0xe2  crc_calc=0xe2  raw=13 34 00 39 62 00 00 00 00 00 00 00 00 00 00 e2
2026-03-11 11:30:25,145 [INFO] 🔋 Battery: 52%
2026-03-11 11:30:25,219 [INFO] ← RX [16b] cmd=0x41  crc_recv=0xa9  crc_calc=0xa9  raw=41 26 03 11 11 30 24 03 f4 00 d4 fe 00 00 00 a9
2026-03-11 11:30:25,294 [INFO] ← RX [2b] cmd=0x54  crc_recv=0xff  crc_calc=0x54  raw=54 ff
2026-03-11 11:30:25,294 [INFO] ← No data on device for cmd=0x54
2026-03-11 11:30:25,295 [INFO] No Heart Rate data on device.
2026-03-11 11:30:25,375 [INFO] ← RX [240b] cmd=0x66  crc_recv=0x5e  crc_calc=0x06  raw=66 00 00 26 03 11 09 32 00 61 66 01 00 26 03 11 09 02 00 63 66 02 00 26 03 10 22 31 50 61 66 03 00 26 03 10 22 01 33 60 66 04 00 26 03 10 21 32 00 60 66 05 00 26 03 10 21 02 00 5e 66 06 00 26 03 10 19 32 00 61 66 07 00 26 03 10 19 02 00 63 66 08 00 26 03 10 18 32 00 62 66 09 00 26 03 10 18 01 41 60 66 0a 00 26 03 10 17 32 00 5e 66 0b 00 26 03 10 17 01 51 5f 66 0c 00 26 03 10 16 31 51 60 66 0d 00 26 03 10 16 02 00 61 66 0e 00 26 03 10 15 31 53 5c 66 0f 00 26 03 10 15 02 00 61 66 10 00 26 03 10 14 32 00 5f 66 11 00 26 03 10 13 32 00 60 66 12 00 26 03 10 13 02 00 5e 66 13 00 26 03 10 12 32 00 5e 66 14 00 26 03 10 12 02 00 63 66 15 00 26 03 10 11 02 00 63 66 16 00 26 03 10 09 32 00 60 66 17 00 26 03 09 21 32 00 5e
2026-03-11 11:30:25,376 [WARNING] CRC mismatch on cmd=0x66 len=240 — got 0x5e, expected 0x06. Full packet: 66 00 00 26 03 11 09 32 00 61 66 01 00 26 03 11 09 02 00 63 66 02 00 26 03 10 22 31 50 61 66 03 00 26 03 10 22 01 33 60 66 04 00 26 03 10 21 32 00 60 66 05 00 26 03 10 21 02 00 5e 66 06 00 26 03 10 19 32 00 61 66 07 00 26 03 10 19 02 00 63 66 08 00 26 03 10 18 32 00 62 66 09 00 26 03 10 18 01 41 60 66 0a 00 26 03 10 17 32 00 5e 66 0b 00 26 03 10 17 01 51 5f 66 0c 00 26 03 10 16 31 51 60 66 0d 00 26 03 10 16 02 00 61 66 0e 00 26 03 10 15 31 53 5c 66 0f 00 26 03 10 15 02 00 61 66 10 00 26 03 10 14 32 00 5f 66 11 00 26 03 10 13 32 00 60 66 12 00 26 03 10 13 02 00 5e 66 13 00 26 03 10 12 32 00 5e 66 14 00 26 03 10 12 02 00 63 66 15 00 26 03 10 11 02 00 63 66 16 00 26 03 10 09 32 00 60 66 17 00 26 03 09 21 32 00 5e
2026-03-11 11:30:25,444 [INFO] ← RX [32b] cmd=0x66  crc_recv=0xff  crc_calc=0x26  raw=66 18 00 26 03 09 21 02 00 61 66 19 00 26 03 09 19 32 00 61 66 1a 00 26 03 09 19 02 00 62 66 ff
2026-03-11 11:30:25,445 [WARNING] CRC mismatch on cmd=0x66 len=32 — got 0xff, expected 0x26. Full packet: 66 18 00 26 03 09 21 02 00 61 66 19 00 26 03 09 19 32 00 61 66 1a 00 26 03 09 19 02 00 62 66 ff
2026-03-11 11:30:35,834 [INFO] Disconnected.
2026-03-11 11:33:37,856 [INFO] Connecting to CE:68:27:E4:9F:D0...
2026-03-11 11:33:42,253 [INFO] Connected ✓  (notifications enabled)
2026-03-11 11:33:51,985 [INFO] ▶ Real-time HR started (30s)...
2026-03-11 11:33:55,023 [INFO] ← RX [16b] cmd=0x28  crc_recv=0x2a  crc_calc=0x2a  raw=28 02 00 00 00 00 00 00 00 00 00 00 00 00 00 2a
2026-03-11 11:33:55,024 [WARNING]   ⚠  HR=0 — sensor may not be in contact yet. Raw: 28 02 00 00 00 00 00 00 00 00 00 00 00 00 00 2a
2026-03-11 11:33:55,976 [INFO] ← RX [16b] cmd=0x28  crc_recv=0x2a  crc_calc=0x2a  raw=28 02 00 00 00 00 00 00 00 00 00 00 00 00 00 2a
2026-03-11 11:33:55,976 [WARNING]   ⚠  HR=0 — sensor may not be in contact yet. Raw: 28 02 00 00 00 00 00 00 00 00 00 00 00 00 00 2a
2026-03-11 11:33:56,966 [INFO] ← RX [16b] cmd=0x28  crc_recv=0x2a  crc_calc=0x2a  raw=28 02 00 00 00 00 00 00 00 00 00 00 00 00 00 2a
2026-03-11 11:33:56,966 [WARNING]   ⚠  HR=0 — sensor may not be in contact yet. Raw: 28 02 00 00 00 00 00 00 00 00 00 00 00 00 00 2a
2026-03-11 11:33:57,956 [INFO] ← RX [16b] cmd=0x28  crc_recv=0x2a  crc_calc=0x2a  raw=28 02 00 00 00 00 00 00 00 00 00 00 00 00 00 2a
2026-03-11 11:33:57,956 [WARNING]   ⚠  HR=0 — sensor may not be in contact yet. Raw: 28 02 00 00 00 00 00 00 00 00 00 00 00 00 00 2a
2026-03-11 11:33:58,946 [INFO] ← RX [16b] cmd=0x28  crc_recv=0x2a  crc_calc=0x2a  raw=28 02 00 00 00 00 00 00 00 00 00 00 00 00 00 2a
2026-03-11 11:33:58,946 [WARNING]   ⚠  HR=0 — sensor may not be in contact yet. Raw: 28 02 00 00 00 00 00 00 00 00 00 00 00 00 00 2a
2026-03-11 11:33:59,936 [INFO] ← RX [16b] cmd=0x28  crc_recv=0x2a  crc_calc=0x2a  raw=28 02 00 00 00 00 00 00 00 00 00 00 00 00 00 2a
2026-03-11 11:33:59,936 [WARNING]   ⚠  HR=0 — sensor may not be in contact yet. Raw: 28 02 00 00 00 00 00 00 00 00 00 00 00 00 00 2a
2026-03-11 11:34:00,971 [INFO] ← RX [16b] cmd=0x28  crc_recv=0x2a  crc_calc=0x2a  raw=28 02 00 00 00 00 00 00 00 00 00 00 00 00 00 2a
2026-03-11 11:34:00,972 [WARNING]   ⚠  HR=0 — sensor may not be in contact yet. Raw: 28 02 00 00 00 00 00 00 00 00 00 00 00 00 00 2a
2026-03-11 11:34:02,051 [INFO] ← RX [16b] cmd=0x28  crc_recv=0x2a  crc_calc=0x2a  raw=28 02 00 00 00 00 00 00 00 00 00 00 00 00 00 2a
2026-03-11 11:34:02,051 [WARNING]   ⚠  HR=0 — sensor may not be in contact yet. Raw: 28 02 00 00 00 00 00 00 00 00 00 00 00 00 00 2a
2026-03-11 11:34:02,996 [INFO] ← RX [16b] cmd=0x28  crc_recv=0x2a  crc_calc=0x2a  raw=28 02 00 00 00 00 00 00 00 00 00 00 00 00 00 2a
2026-03-11 11:34:02,996 [WARNING]   ⚠  HR=0 — sensor may not be in contact yet. Raw: 28 02 00 00 00 00 00 00 00 00 00 00 00 00 00 2a
2026-03-11 11:34:04,121 [INFO] ← RX [16b] cmd=0x28  crc_recv=0x72  crc_calc=0x72  raw=28 02 48 00 00 00 00 00 00 00 00 00 00 00 00 72
2026-03-11 11:34:04,121 [INFO]   📡 HR: {'measure_type': 2, 'heart_rate': 72, 'spo2': 0}
2026-03-11 11:34:05,066 [INFO] ← RX [16b] cmd=0x28  crc_recv=0x71  crc_calc=0x71  raw=28 02 47 00 00 00 00 00 00 00 00 00 00 00 00 71
2026-03-11 11:34:05,067 [INFO]   📡 HR: {'measure_type': 2, 'heart_rate': 71, 'spo2': 0}
2026-03-11 11:34:05,966 [INFO] ← RX [16b] cmd=0x28  crc_recv=0x71  crc_calc=0x71  raw=28 02 47 00 00 00 00 00 00 00 00 00 00 00 00 71
2026-03-11 11:34:05,967 [INFO]   📡 HR: {'measure_type': 2, 'heart_rate': 71, 'spo2': 0}
2026-03-11 11:34:07,046 [INFO] ← RX [16b] cmd=0x28  crc_recv=0x71  crc_calc=0x71  raw=28 02 47 00 00 00 00 00 00 00 00 00 00 00 00 71
2026-03-11 11:34:07,046 [INFO]   📡 HR: {'measure_type': 2, 'heart_rate': 71, 'spo2': 0}
2026-03-11 11:34:08,036 [INFO] ← RX [16b] cmd=0x28  crc_recv=0x6e  crc_calc=0x6e  raw=28 02 44 00 00 00 00 00 00 00 00 00 00 00 00 6e
2026-03-11 11:34:08,036 [INFO]   📡 HR: {'measure_type': 2, 'heart_rate': 68, 'spo2': 0}
2026-03-11 11:34:08,936 [INFO] ← RX [16b] cmd=0x28  crc_recv=0x6f  crc_calc=0x6f  raw=28 02 45 00 00 00 00 00 00 00 00 00 00 00 00 6f
2026-03-11 11:34:08,937 [INFO]   📡 HR: {'measure_type': 2, 'heart_rate': 69, 'spo2': 0}
2026-03-11 11:34:10,016 [INFO] ← RX [16b] cmd=0x28  crc_recv=0xde  crc_calc=0xde  raw=28 02 4c 00 3b 2d 00 00 00 00 00 00 00 00 00 de
2026-03-11 11:34:10,017 [INFO]   📡 HR: {'measure_type': 2, 'heart_rate': 76, 'spo2': 0}
2026-03-11 11:34:11,141 [INFO] ← RX [16b] cmd=0x28  crc_recv=0xde  crc_calc=0xde  raw=28 02 4c 00 3b 2d 00 00 00 00 00 00 00 00 00 de
2026-03-11 11:34:11,142 [INFO]   📡 HR: {'measure_type': 2, 'heart_rate': 76, 'spo2': 0}
2026-03-11 11:34:11,951 [INFO] ← RX [16b] cmd=0x28  crc_recv=0xdd  crc_calc=0xdd  raw=28 02 4b 00 3b 2d 00 00 00 00 00 00 00 00 00 dd
2026-03-11 11:34:11,951 [INFO]   📡 HR: {'measure_type': 2, 'heart_rate': 75, 'spo2': 0}
2026-03-11 11:34:12,985 [INFO] ← RX [16b] cmd=0x28  crc_recv=0xdb  crc_calc=0xdb  raw=28 02 49 00 3b 2d 00 00 00 00 00 00 00 00 00 db
2026-03-11 11:34:12,986 [INFO]   📡 HR: {'measure_type': 2, 'heart_rate': 73, 'spo2': 0}
2026-03-11 11:34:13,975 [INFO] ← RX [16b] cmd=0x28  crc_recv=0xd9  crc_calc=0xd9  raw=28 02 47 00 3b 2d 00 00 00 00 00 00 00 00 00 d9
2026-03-11 11:34:13,976 [INFO]   📡 HR: {'measure_type': 2, 'heart_rate': 71, 'spo2': 0}
2026-03-11 11:34:15,011 [INFO] ← RX [16b] cmd=0x28  crc_recv=0xd9  crc_calc=0xd9  raw=28 02 47 00 3b 2d 00 00 00 00 00 00 00 00 00 d9
2026-03-11 11:34:15,011 [INFO]   📡 HR: {'measure_type': 2, 'heart_rate': 71, 'spo2': 0}
2026-03-11 11:34:15,956 [INFO] ← RX [16b] cmd=0x28  crc_recv=0xd9  crc_calc=0xd9  raw=28 02 47 00 3b 2d 00 00 00 00 00 00 00 00 00 d9
2026-03-11 11:34:15,956 [INFO]   📡 HR: {'measure_type': 2, 'heart_rate': 71, 'spo2': 0}
2026-03-11 11:34:17,035 [INFO] ← RX [16b] cmd=0x28  crc_recv=0xd8  crc_calc=0xd8  raw=28 02 46 00 3b 2d 00 00 00 00 00 00 00 00 00 d8
2026-03-11 11:34:17,036 [INFO]   📡 HR: {'measure_type': 2, 'heart_rate': 70, 'spo2': 0}
2026-03-11 11:34:17,981 [INFO] ← RX [16b] cmd=0x28  crc_recv=0xd8  crc_calc=0xd8  raw=28 02 46 00 3b 2d 00 00 00 00 00 00 00 00 00 d8
2026-03-11 11:34:17,981 [INFO]   📡 HR: {'measure_type': 2, 'heart_rate': 70, 'spo2': 0}
2026-03-11 11:34:19,105 [INFO] ← RX [16b] cmd=0x28  crc_recv=0xd7  crc_calc=0xd7  raw=28 02 45 00 3b 2d 00 00 00 00 00 00 00 00 00 d7
2026-03-11 11:34:19,106 [INFO]   📡 HR: {'measure_type': 2, 'heart_rate': 69, 'spo2': 0}
2026-03-11 11:34:20,050 [INFO] ← RX [16b] cmd=0x28  crc_recv=0xd7  crc_calc=0xd7  raw=28 02 45 00 3b 2d 00 00 00 00 00 00 00 00 00 d7
2026-03-11 11:34:20,051 [INFO]   📡 HR: {'measure_type': 2, 'heart_rate': 69, 'spo2': 0}
2026-03-11 11:34:21,220 [INFO] ← RX [16b] cmd=0x28  crc_recv=0xd7  crc_calc=0xd7  raw=28 02 45 00 3b 2d 00 00 00 00 00 00 00 00 00 d7
2026-03-11 11:34:21,221 [INFO]   📡 HR: {'measure_type': 2, 'heart_rate': 69, 'spo2': 0}
2026-03-11 11:34:21,940 [INFO] ← RX [16b] cmd=0x28  crc_recv=0xd6  crc_calc=0xd6  raw=28 02 44 00 3b 2d 00 00 00 00 00 00 00 00 00 d6
2026-03-11 11:34:21,941 [INFO]   📡 HR: {'measure_type': 2, 'heart_rate': 68, 'spo2': 0}
2026-03-11 11:34:21,987 [INFO] ⏹ Real-time HR stopped. 19 samples.
2026-03-11 11:34:26,853 [INFO] ═══ Starting full data dump ═══
2026-03-11 11:34:27,026 [INFO] ← RX [16b] cmd=0x01  crc_recv=0xf5  crc_calc=0xf5  raw=01 f4 00 00 00 00 00 00 00 00 00 00 00 00 00 f5
2026-03-11 11:34:27,026 [INFO] ⏰ Time sync: OK
2026-03-11 11:34:27,115 [INFO] ← RX [16b] cmd=0x13  crc_recv=0xca  crc_calc=0xca  raw=13 2c 00 38 53 00 00 00 00 00 00 00 00 00 00 ca
2026-03-11 11:34:27,115 [INFO] 🔋 Battery: 44%
2026-03-11 11:34:27,251 [INFO] ← RX [16b] cmd=0x41  crc_recv=0xaf  crc_calc=0xaf  raw=41 26 03 11 11 34 26 03 f4 00 d4 fe 00 00 00 af
2026-03-11 11:34:27,430 [INFO] ← RX [2b] cmd=0x54  crc_recv=0xff  crc_calc=0x54  raw=54 ff
2026-03-11 11:34:27,430 [INFO] ← No data on device for cmd=0x54
2026-03-11 11:34:27,431 [INFO] No Heart Rate data on device.
2026-03-11 11:34:27,835 [INFO] ← RX [240b] cmd=0x66  crc_recv=0x60  crc_calc=0x00  raw=66 00 00 26 03 11 11 32 00 62 66 01 00 26 03 11 09 32 00 61 66 02 00 26 03 11 09 02 00 63 66 03 00 26 03 10 22 31 50 61 66 04 00 26 03 10 22 01 33 60 66 05 00 26 03 10 21 32 00 60 66 06 00 26 03 10 21 02 00 5e 66 07 00 26 03 10 19 32 00 61 66 08 00 26 03 10 19 02 00 63 66 09 00 26 03 10 18 32 00 62 66 0a 00 26 03 10 18 01 41 60 66 0b 00 26 03 10 17 32 00 5e 66 0c 00 26 03 10 17 01 51 5f 66 0d 00 26 03 10 16 31 51 60 66 0e 00 26 03 10 16 02 00 61 66 0f 00 26 03 10 15 31 53 5c 66 10 00 26 03 10 15 02 00 61 66 11 00 26 03 10 14 32 00 5f 66 12 00 26 03 10 13 32 00 60 66 13 00 26 03 10 13 02 00 5e 66 14 00 26 03 10 12 32 00 5e 66 15 00 26 03 10 12 02 00 63 66 16 00 26 03 10 11 02 00 63 66 17 00 26 03 10 09 32 00 60
2026-03-11 11:34:27,836 [WARNING] CRC mismatch on cmd=0x66 len=240 — got 0x60, expected 0x00. Full packet: 66 00 00 26 03 11 11 32 00 62 66 01 00 26 03 11 09 32 00 61 66 02 00 26 03 11 09 02 00 63 66 03 00 26 03 10 22 31 50 61 66 04 00 26 03 10 22 01 33 60 66 05 00 26 03 10 21 32 00 60 66 06 00 26 03 10 21 02 00 5e 66 07 00 26 03 10 19 32 00 61 66 08 00 26 03 10 19 02 00 63 66 09 00 26 03 10 18 32 00 62 66 0a 00 26 03 10 18 01 41 60 66 0b 00 26 03 10 17 32 00 5e 66 0c 00 26 03 10 17 01 51 5f 66 0d 00 26 03 10 16 31 51 60 66 0e 00 26 03 10 16 02 00 61 66 0f 00 26 03 10 15 31 53 5c 66 10 00 26 03 10 15 02 00 61 66 11 00 26 03 10 14 32 00 5f 66 12 00 26 03 10 13 32 00 60 66 13 00 26 03 10 13 02 00 5e 66 14 00 26 03 10 12 32 00 5e 66 15 00 26 03 10 12 02 00 63 66 16 00 26 03 10 11 02 00 63 66 17 00 26 03 10 09 32 00 60
2026-03-11 11:34:27,970 [INFO] ← RX [42b] cmd=0x66  crc_recv=0xff  crc_calc=0x8a  raw=66 18 00 26 03 09 21 32 00 5e 66 19 00 26 03 09 21 02 00 61 66 1a 00 26 03 09 19 32 00 61 66 1b 00 26 03 09 19 02 00 62 66 ff
2026-03-11 11:34:27,970 [WARNING] CRC mismatch on cmd=0x66 len=42 — got 0xff, expected 0x8a. Full packet: 66 18 00 26 03 09 21 32 00 5e 66 19 00 26 03 09 21 02 00 61 66 1a 00 26 03 09 19 32 00 61 66 1b 00 26 03 09 19 02 00 62 66 ff
2026-03-11 11:34:37,871 [INFO] Disconnected.
2026-03-11 12:01:16,364 [INFO] Connecting to CE:68:27:E4:9F:D0...
2026-03-11 12:01:49,489 [INFO] Connecting to CE:68:27:E4:9F:D0...
2026-03-11 12:01:55,273 [INFO] Connected ✓  (notifications enabled)
2026-03-11 12:02:01,139 [INFO] ▶ Real-time HR started (30s)...
2026-03-11 12:02:03,995 [INFO] ← RX [16b] cmd=0x28  crc_recv=0x47  crc_calc=0x47  raw=28 02 00 00 3b 2d 76 3f 00 00 00 00 00 00 00 47
2026-03-11 12:02:03,996 [INFO]   🔬 HR mode raw packet — HR=0  CC(SpO2 field)=0  (0=not populated, >0=device may dual-sense)
2026-03-11 12:02:03,996 [WARNING]   ⚠  HR=0 — sensor may not be in contact yet. Raw: 28 02 00 00 3b 2d 76 3f 00 00 00 00 00 00 00 47
2026-03-11 12:02:04,947 [INFO] ← RX [16b] cmd=0x28  crc_recv=0x47  crc_calc=0x47  raw=28 02 00 00 3b 2d 76 3f 00 00 00 00 00 00 00 47
2026-03-11 12:02:04,948 [INFO]   🔬 HR mode raw packet — HR=0  CC(SpO2 field)=0  (0=not populated, >0=device may dual-sense)
2026-03-11 12:02:04,948 [WARNING]   ⚠  HR=0 — sensor may not be in contact yet. Raw: 28 02 00 00 3b 2d 76 3f 00 00 00 00 00 00 00 47
2026-03-11 12:02:05,937 [INFO] ← RX [16b] cmd=0x28  crc_recv=0x47  crc_calc=0x47  raw=28 02 00 00 3b 2d 76 3f 00 00 00 00 00 00 00 47
2026-03-11 12:02:05,937 [INFO]   🔬 HR mode raw packet — HR=0  CC(SpO2 field)=0  (0=not populated, >0=device may dual-sense)
2026-03-11 12:02:05,945 [WARNING]   ⚠  HR=0 — sensor may not be in contact yet. Raw: 28 02 00 00 3b 2d 76 3f 00 00 00 00 00 00 00 47
2026-03-11 12:02:06,927 [INFO] ← RX [16b] cmd=0x28  crc_recv=0x47  crc_calc=0x47  raw=28 02 00 00 3b 2d 76 3f 00 00 00 00 00 00 00 47
2026-03-11 12:02:06,927 [INFO]   🔬 HR mode raw packet — HR=0  CC(SpO2 field)=0  (0=not populated, >0=device may dual-sense)
2026-03-11 12:02:06,927 [WARNING]   ⚠  HR=0 — sensor may not be in contact yet. Raw: 28 02 00 00 3b 2d 76 3f 00 00 00 00 00 00 00 47
2026-03-11 12:02:07,917 [INFO] ← RX [16b] cmd=0x28  crc_recv=0x47  crc_calc=0x47  raw=28 02 00 00 3b 2d 76 3f 00 00 00 00 00 00 00 47
2026-03-11 12:02:07,917 [INFO]   🔬 HR mode raw packet — HR=0  CC(SpO2 field)=0  (0=not populated, >0=device may dual-sense)
2026-03-11 12:02:07,918 [WARNING]   ⚠  HR=0 — sensor may not be in contact yet. Raw: 28 02 00 00 3b 2d 76 3f 00 00 00 00 00 00 00 47
2026-03-11 12:02:08,907 [INFO] ← RX [16b] cmd=0x28  crc_recv=0x47  crc_calc=0x47  raw=28 02 00 00 3b 2d 76 3f 00 00 00 00 00 00 00 47
2026-03-11 12:02:08,907 [INFO]   🔬 HR mode raw packet — HR=0  CC(SpO2 field)=0  (0=not populated, >0=device may dual-sense)
2026-03-11 12:02:08,908 [WARNING]   ⚠  HR=0 — sensor may not be in contact yet. Raw: 28 02 00 00 3b 2d 76 3f 00 00 00 00 00 00 00 47
2026-03-11 12:02:09,942 [INFO] ← RX [16b] cmd=0x28  crc_recv=0x47  crc_calc=0x47  raw=28 02 00 00 3b 2d 76 3f 00 00 00 00 00 00 00 47
2026-03-11 12:02:09,942 [INFO]   🔬 HR mode raw packet — HR=0  CC(SpO2 field)=0  (0=not populated, >0=device may dual-sense)
2026-03-11 12:02:09,943 [WARNING]   ⚠  HR=0 — sensor may not be in contact yet. Raw: 28 02 00 00 3b 2d 76 3f 00 00 00 00 00 00 00 47
2026-03-11 12:02:10,932 [INFO] ← RX [16b] cmd=0x28  crc_recv=0x47  crc_calc=0x47  raw=28 02 00 00 3b 2d 76 3f 00 00 00 00 00 00 00 47
2026-03-11 12:02:10,932 [INFO]   🔬 HR mode raw packet — HR=0  CC(SpO2 field)=0  (0=not populated, >0=device may dual-sense)
2026-03-11 12:02:10,933 [WARNING]   ⚠  HR=0 — sensor may not be in contact yet. Raw: 28 02 00 00 3b 2d 76 3f 00 00 00 00 00 00 00 47
2026-03-11 12:02:11,922 [INFO] ← RX [16b] cmd=0x28  crc_recv=0x47  crc_calc=0x47  raw=28 02 00 00 3b 2d 76 3f 00 00 00 00 00 00 00 47
2026-03-11 12:02:11,922 [INFO]   🔬 HR mode raw packet — HR=0  CC(SpO2 field)=0  (0=not populated, >0=device may dual-sense)
2026-03-11 12:02:11,922 [WARNING]   ⚠  HR=0 — sensor may not be in contact yet. Raw: 28 02 00 00 3b 2d 76 3f 00 00 00 00 00 00 00 47
2026-03-11 12:02:12,912 [INFO] ← RX [16b] cmd=0x28  crc_recv=0x8e  crc_calc=0x8e  raw=28 02 47 00 3b 2d 76 3f 00 00 00 00 00 00 00 8e
2026-03-11 12:02:12,912 [INFO]   🔬 HR mode raw packet — HR=71  CC(SpO2 field)=0  (0=not populated, >0=device may dual-sense)
2026-03-11 12:02:12,913 [INFO]   📡 HR: {'measure_type': 2, 'heart_rate': 71, 'spo2': 0}
2026-03-11 12:02:13,947 [INFO] ← RX [16b] cmd=0x28  crc_recv=0x8e  crc_calc=0x8e  raw=28 02 47 00 3b 2d 76 3f 00 00 00 00 00 00 00 8e
2026-03-11 12:02:13,947 [INFO]   🔬 HR mode raw packet — HR=71  CC(SpO2 field)=0  (0=not populated, >0=device may dual-sense)
2026-03-11 12:02:13,947 [INFO]   📡 HR: {'measure_type': 2, 'heart_rate': 71, 'spo2': 0}
2026-03-11 12:02:14,936 [INFO] ← RX [16b] cmd=0x28  crc_recv=0x8e  crc_calc=0x8e  raw=28 02 47 00 3b 2d 76 3f 00 00 00 00 00 00 00 8e
2026-03-11 12:02:14,937 [INFO]   🔬 HR mode raw packet — HR=71  CC(SpO2 field)=0  (0=not populated, >0=device may dual-sense)
2026-03-11 12:02:14,937 [INFO]   📡 HR: {'measure_type': 2, 'heart_rate': 71, 'spo2': 0}
2026-03-11 12:02:15,926 [INFO] ← RX [16b] cmd=0x28  crc_recv=0x8e  crc_calc=0x8e  raw=28 02 47 00 3b 2d 76 3f 00 00 00 00 00 00 00 8e
2026-03-11 12:02:15,927 [INFO]   🔬 HR mode raw packet — HR=71  CC(SpO2 field)=0  (0=not populated, >0=device may dual-sense)
2026-03-11 12:02:15,927 [INFO]   📡 HR: {'measure_type': 2, 'heart_rate': 71, 'spo2': 0}
2026-03-11 12:02:16,916 [INFO] ← RX [16b] cmd=0x28  crc_recv=0x8c  crc_calc=0x8c  raw=28 02 45 00 3b 2d 76 3f 00 00 00 00 00 00 00 8c
2026-03-11 12:02:16,917 [INFO]   🔬 HR mode raw packet — HR=69  CC(SpO2 field)=0  (0=not populated, >0=device may dual-sense)
2026-03-11 12:02:16,917 [INFO]   📡 HR: {'measure_type': 2, 'heart_rate': 69, 'spo2': 0}
2026-03-11 12:02:17,906 [INFO] ← RX [16b] cmd=0x28  crc_recv=0x8b  crc_calc=0x8b  raw=28 02 44 00 3b 2d 76 3f 00 00 00 00 00 00 00 8b
2026-03-11 12:02:17,907 [INFO]   🔬 HR mode raw packet — HR=68  CC(SpO2 field)=0  (0=not populated, >0=device may dual-sense)
2026-03-11 12:02:17,907 [INFO]   📡 HR: {'measure_type': 2, 'heart_rate': 68, 'spo2': 0}
2026-03-11 12:02:18,941 [INFO] ← RX [16b] cmd=0x28  crc_recv=0x91  crc_calc=0x91  raw=28 02 4a 00 3b 2d 76 3f 00 00 00 00 00 00 00 91
2026-03-11 12:02:18,942 [INFO]   🔬 HR mode raw packet — HR=74  CC(SpO2 field)=0  (0=not populated, >0=device may dual-sense)
2026-03-11 12:02:18,942 [INFO]   📡 HR: {'measure_type': 2, 'heart_rate': 74, 'spo2': 0}
2026-03-11 12:02:19,931 [INFO] ← RX [16b] cmd=0x28  crc_recv=0x91  crc_calc=0x91  raw=28 02 4a 00 3b 2d 76 3f 00 00 00 00 00 00 00 91
2026-03-11 12:02:19,931 [INFO]   🔬 HR mode raw packet — HR=74  CC(SpO2 field)=0  (0=not populated, >0=device may dual-sense)
2026-03-11 12:02:19,932 [INFO]   📡 HR: {'measure_type': 2, 'heart_rate': 74, 'spo2': 0}
2026-03-11 12:02:20,921 [INFO] ← RX [16b] cmd=0x28  crc_recv=0x90  crc_calc=0x90  raw=28 02 49 00 3b 2d 76 3f 00 00 00 00 00 00 00 90
2026-03-11 12:02:20,921 [INFO]   🔬 HR mode raw packet — HR=73  CC(SpO2 field)=0  (0=not populated, >0=device may dual-sense)
2026-03-11 12:02:20,922 [INFO]   📡 HR: {'measure_type': 2, 'heart_rate': 73, 'spo2': 0}
2026-03-11 12:02:21,911 [INFO] ← RX [16b] cmd=0x28  crc_recv=0x8f  crc_calc=0x8f  raw=28 02 48 00 3b 2d 76 3f 00 00 00 00 00 00 00 8f
2026-03-11 12:02:21,911 [INFO]   🔬 HR mode raw packet — HR=72  CC(SpO2 field)=0  (0=not populated, >0=device may dual-sense)
2026-03-11 12:02:21,911 [INFO]   📡 HR: {'measure_type': 2, 'heart_rate': 72, 'spo2': 0}
2026-03-11 12:02:22,945 [INFO] ← RX [16b] cmd=0x28  crc_recv=0x8d  crc_calc=0x8d  raw=28 02 46 00 3b 2d 76 3f 00 00 00 00 00 00 00 8d
2026-03-11 12:02:22,946 [INFO]   🔬 HR mode raw packet — HR=70  CC(SpO2 field)=0  (0=not populated, >0=device may dual-sense)
2026-03-11 12:02:22,946 [INFO]   📡 HR: {'measure_type': 2, 'heart_rate': 70, 'spo2': 0}
2026-03-11 12:02:23,936 [INFO] ← RX [16b] cmd=0x28  crc_recv=0x8d  crc_calc=0x8d  raw=28 02 46 00 3b 2d 76 3f 00 00 00 00 00 00 00 8d
2026-03-11 12:02:23,936 [INFO]   🔬 HR mode raw packet — HR=70  CC(SpO2 field)=0  (0=not populated, >0=device may dual-sense)
2026-03-11 12:02:23,937 [INFO]   📡 HR: {'measure_type': 2, 'heart_rate': 70, 'spo2': 0}
2026-03-11 12:02:24,926 [INFO] ← RX [16b] cmd=0x28  crc_recv=0x8d  crc_calc=0x8d  raw=28 02 46 00 3b 2d 76 3f 00 00 00 00 00 00 00 8d
2026-03-11 12:02:24,926 [INFO]   🔬 HR mode raw packet — HR=70  CC(SpO2 field)=0  (0=not populated, >0=device may dual-sense)
2026-03-11 12:02:24,927 [INFO]   📡 HR: {'measure_type': 2, 'heart_rate': 70, 'spo2': 0}
2026-03-11 12:02:25,916 [INFO] ← RX [16b] cmd=0x28  crc_recv=0x8d  crc_calc=0x8d  raw=28 02 46 00 3b 2d 76 3f 00 00 00 00 00 00 00 8d
2026-03-11 12:02:25,916 [INFO]   🔬 HR mode raw packet — HR=70  CC(SpO2 field)=0  (0=not populated, >0=device may dual-sense)
2026-03-11 12:02:25,917 [INFO]   📡 HR: {'measure_type': 2, 'heart_rate': 70, 'spo2': 0}
2026-03-11 12:02:26,906 [INFO] ← RX [16b] cmd=0x28  crc_recv=0x8c  crc_calc=0x8c  raw=28 02 45 00 3b 2d 76 3f 00 00 00 00 00 00 00 8c
2026-03-11 12:02:26,906 [INFO]   🔬 HR mode raw packet — HR=69  CC(SpO2 field)=0  (0=not populated, >0=device may dual-sense)
2026-03-11 12:02:26,907 [INFO]   📡 HR: {'measure_type': 2, 'heart_rate': 69, 'spo2': 0}
2026-03-11 12:02:27,941 [INFO] ← RX [16b] cmd=0x28  crc_recv=0x8b  crc_calc=0x8b  raw=28 02 44 00 3b 2d 76 3f 00 00 00 00 00 00 00 8b
2026-03-11 12:02:27,941 [INFO]   🔬 HR mode raw packet — HR=68  CC(SpO2 field)=0  (0=not populated, >0=device may dual-sense)
2026-03-11 12:02:27,942 [INFO]   📡 HR: {'measure_type': 2, 'heart_rate': 68, 'spo2': 0}
2026-03-11 12:02:28,931 [INFO] ← RX [16b] cmd=0x28  crc_recv=0x8a  crc_calc=0x8a  raw=28 02 43 00 3b 2d 76 3f 00 00 00 00 00 00 00 8a
2026-03-11 12:02:28,931 [INFO]   🔬 HR mode raw packet — HR=67  CC(SpO2 field)=0  (0=not populated, >0=device may dual-sense)
2026-03-11 12:02:28,932 [INFO]   📡 HR: {'measure_type': 2, 'heart_rate': 67, 'spo2': 0}
2026-03-11 12:02:29,921 [INFO] ← RX [16b] cmd=0x28  crc_recv=0x89  crc_calc=0x89  raw=28 02 42 00 3b 2d 76 3f 00 00 00 00 00 00 00 89
2026-03-11 12:02:29,921 [INFO]   🔬 HR mode raw packet — HR=66  CC(SpO2 field)=0  (0=not populated, >0=device may dual-sense)
2026-03-11 12:02:29,921 [INFO]   📡 HR: {'measure_type': 2, 'heart_rate': 66, 'spo2': 0}
2026-03-11 12:02:30,910 [INFO] ← RX [16b] cmd=0x28  crc_recv=0x89  crc_calc=0x89  raw=28 02 42 00 3b 2d 76 3f 00 00 00 00 00 00 00 89
2026-03-11 12:02:30,911 [INFO]   🔬 HR mode raw packet — HR=66  CC(SpO2 field)=0  (0=not populated, >0=device may dual-sense)
2026-03-11 12:02:30,911 [INFO]   📡 HR: {'measure_type': 2, 'heart_rate': 66, 'spo2': 0}
2026-03-11 12:02:31,142 [INFO] ⏹ Real-time HR stopped. 19 samples.
2026-03-11 12:14:39,076 [INFO] Disconnected.
2026-03-11 12:14:43,928 [INFO] Connecting to CE:68:27:E4:9F:D0...
2026-03-11 12:14:48,462 [INFO] Connected ✓  (notifications enabled)
2026-03-11 12:14:54,656 [INFO] ▶ Real-time SpO2 started (30s)...
2026-03-11 12:14:56,877 [INFO] ← RX [16b] cmd=0x28  crc_recv=0x2b  crc_calc=0x2b  raw=28 03 00 00 00 00 00 00 00 00 00 00 00 00 00 2b
2026-03-11 12:14:56,877 [WARNING]   ⚠  SpO2=0 — sensor may not be in contact yet. Raw: 28 03 00 00 00 00 00 00 00 00 00 00 00 00 00 2b
2026-03-11 12:14:57,912 [INFO] ← RX [16b] cmd=0x28  crc_recv=0x2b  crc_calc=0x2b  raw=28 03 00 00 00 00 00 00 00 00 00 00 00 00 00 2b
2026-03-11 12:14:57,912 [WARNING]   ⚠  SpO2=0 — sensor may not be in contact yet. Raw: 28 03 00 00 00 00 00 00 00 00 00 00 00 00 00 2b
2026-03-11 12:14:58,902 [INFO] ← RX [16b] cmd=0x28  crc_recv=0x2b  crc_calc=0x2b  raw=28 03 00 00 00 00 00 00 00 00 00 00 00 00 00 2b
2026-03-11 12:14:58,902 [WARNING]   ⚠  SpO2=0 — sensor may not be in contact yet. Raw: 28 03 00 00 00 00 00 00 00 00 00 00 00 00 00 2b
2026-03-11 12:14:59,892 [INFO] ← RX [16b] cmd=0x28  crc_recv=0x2b  crc_calc=0x2b  raw=28 03 00 00 00 00 00 00 00 00 00 00 00 00 00 2b
2026-03-11 12:14:59,892 [WARNING]   ⚠  SpO2=0 — sensor may not be in contact yet. Raw: 28 03 00 00 00 00 00 00 00 00 00 00 00 00 00 2b
2026-03-11 12:15:00,882 [INFO] ← RX [16b] cmd=0x28  crc_recv=0x2b  crc_calc=0x2b  raw=28 03 00 00 00 00 00 00 00 00 00 00 00 00 00 2b
2026-03-11 12:15:00,882 [WARNING]   ⚠  SpO2=0 — sensor may not be in contact yet. Raw: 28 03 00 00 00 00 00 00 00 00 00 00 00 00 00 2b
2026-03-11 12:15:01,917 [INFO] ← RX [16b] cmd=0x28  crc_recv=0x2b  crc_calc=0x2b  raw=28 03 00 00 00 00 00 00 00 00 00 00 00 00 00 2b
2026-03-11 12:15:01,917 [WARNING]   ⚠  SpO2=0 — sensor may not be in contact yet. Raw: 28 03 00 00 00 00 00 00 00 00 00 00 00 00 00 2b
2026-03-11 12:15:02,907 [INFO] ← RX [16b] cmd=0x28  crc_recv=0x2b  crc_calc=0x2b  raw=28 03 00 00 00 00 00 00 00 00 00 00 00 00 00 2b
2026-03-11 12:15:02,907 [WARNING]   ⚠  SpO2=0 — sensor may not be in contact yet. Raw: 28 03 00 00 00 00 00 00 00 00 00 00 00 00 00 2b
2026-03-11 12:15:03,897 [INFO] ← RX [16b] cmd=0x28  crc_recv=0x2b  crc_calc=0x2b  raw=28 03 00 00 00 00 00 00 00 00 00 00 00 00 00 2b
2026-03-11 12:15:03,897 [WARNING]   ⚠  SpO2=0 — sensor may not be in contact yet. Raw: 28 03 00 00 00 00 00 00 00 00 00 00 00 00 00 2b
2026-03-11 12:15:04,887 [INFO] ← RX [16b] cmd=0x28  crc_recv=0x2b  crc_calc=0x2b  raw=28 03 00 00 00 00 00 00 00 00 00 00 00 00 00 2b
2026-03-11 12:15:04,887 [WARNING]   ⚠  SpO2=0 — sensor may not be in contact yet. Raw: 28 03 00 00 00 00 00 00 00 00 00 00 00 00 00 2b
2026-03-11 12:15:05,877 [INFO] ← RX [16b] cmd=0x28  crc_recv=0x2b  crc_calc=0x2b  raw=28 03 00 00 00 00 00 00 00 00 00 00 00 00 00 2b
2026-03-11 12:15:05,877 [WARNING]   ⚠  SpO2=0 — sensor may not be in contact yet. Raw: 28 03 00 00 00 00 00 00 00 00 00 00 00 00 00 2b
2026-03-11 12:15:06,912 [INFO] ← RX [16b] cmd=0x28  crc_recv=0x67  crc_calc=0x67  raw=28 03 3c 00 00 00 00 00 00 00 00 00 00 00 00 67
2026-03-11 12:15:06,912 [WARNING]   ⚠  SpO2=0 — sensor may not be in contact yet. Raw: 28 03 3c 00 00 00 00 00 00 00 00 00 00 00 00 67
2026-03-11 12:15:07,902 [INFO] ← RX [16b] cmd=0x28  crc_recv=0x66  crc_calc=0x66  raw=28 03 3b 00 00 00 00 00 00 00 00 00 00 00 00 66
2026-03-11 12:15:07,902 [WARNING]   ⚠  SpO2=0 — sensor may not be in contact yet. Raw: 28 03 3b 00 00 00 00 00 00 00 00 00 00 00 00 66
2026-03-11 12:15:08,892 [INFO] ← RX [16b] cmd=0x28  crc_recv=0xc0  crc_calc=0xc0  raw=28 03 3b 00 4c 0e 00 00 00 00 00 00 00 00 00 c0
2026-03-11 12:15:08,892 [WARNING]   ⚠  SpO2=0 — sensor may not be in contact yet. Raw: 28 03 3b 00 4c 0e 00 00 00 00 00 00 00 00 00 c0
2026-03-11 12:15:09,882 [INFO] ← RX [16b] cmd=0x28  crc_recv=0xc0  crc_calc=0xc0  raw=28 03 3b 00 4c 0e 00 00 00 00 00 00 00 00 00 c0
2026-03-11 12:15:09,882 [WARNING]   ⚠  SpO2=0 — sensor may not be in contact yet. Raw: 28 03 3b 00 4c 0e 00 00 00 00 00 00 00 00 00 c0
2026-03-11 12:15:10,917 [INFO] ← RX [16b] cmd=0x28  crc_recv=0xc5  crc_calc=0xc5  raw=28 03 40 00 4c 0e 00 00 00 00 00 00 00 00 00 c5
2026-03-11 12:15:10,917 [WARNING]   ⚠  SpO2=0 — sensor may not be in contact yet. Raw: 28 03 40 00 4c 0e 00 00 00 00 00 00 00 00 00 c5
2026-03-11 12:15:11,906 [INFO] ← RX [16b] cmd=0x28  crc_recv=0xc9  crc_calc=0xc9  raw=28 03 44 00 4c 0e 00 00 00 00 00 00 00 00 00 c9
2026-03-11 12:15:11,906 [WARNING]   ⚠  SpO2=0 — sensor may not be in contact yet. Raw: 28 03 44 00 4c 0e 00 00 00 00 00 00 00 00 00 c9
2026-03-11 12:15:12,897 [INFO] ← RX [16b] cmd=0x28  crc_recv=0xc8  crc_calc=0xc8  raw=28 03 43 00 4c 0e 00 00 00 00 00 00 00 00 00 c8
2026-03-11 12:15:12,897 [WARNING]   ⚠  SpO2=0 — sensor may not be in contact yet. Raw: 28 03 43 00 4c 0e 00 00 00 00 00 00 00 00 00 c8
2026-03-11 12:15:13,887 [INFO] ← RX [16b] cmd=0x28  crc_recv=0xc8  crc_calc=0xc8  raw=28 03 43 00 4c 0e 00 00 00 00 00 00 00 00 00 c8
2026-03-11 12:15:13,887 [WARNING]   ⚠  SpO2=0 — sensor may not be in contact yet. Raw: 28 03 43 00 4c 0e 00 00 00 00 00 00 00 00 00 c8
2026-03-11 12:15:14,876 [INFO] ← RX [16b] cmd=0x28  crc_recv=0xc9  crc_calc=0xc9  raw=28 03 44 00 4c 0e 00 00 00 00 00 00 00 00 00 c9
2026-03-11 12:15:14,877 [WARNING]   ⚠  SpO2=0 — sensor may not be in contact yet. Raw: 28 03 44 00 4c 0e 00 00 00 00 00 00 00 00 00 c9
2026-03-11 12:15:15,911 [INFO] ← RX [16b] cmd=0x28  crc_recv=0xc9  crc_calc=0xc9  raw=28 03 44 00 4c 0e 00 00 00 00 00 00 00 00 00 c9
2026-03-11 12:15:15,912 [WARNING]   ⚠  SpO2=0 — sensor may not be in contact yet. Raw: 28 03 44 00 4c 0e 00 00 00 00 00 00 00 00 00 c9
2026-03-11 12:15:16,902 [INFO] ← RX [16b] cmd=0x28  crc_recv=0xc7  crc_calc=0xc7  raw=28 03 42 00 4c 0e 00 00 00 00 00 00 00 00 00 c7
2026-03-11 12:15:16,902 [WARNING]   ⚠  SpO2=0 — sensor may not be in contact yet. Raw: 28 03 42 00 4c 0e 00 00 00 00 00 00 00 00 00 c7
2026-03-11 12:15:17,891 [INFO] ← RX [16b] cmd=0x28  crc_recv=0xc5  crc_calc=0xc5  raw=28 03 40 00 4c 0e 00 00 00 00 00 00 00 00 00 c5
2026-03-11 12:15:17,892 [WARNING]   ⚠  SpO2=0 — sensor may not be in contact yet. Raw: 28 03 40 00 4c 0e 00 00 00 00 00 00 00 00 00 c5
2026-03-11 12:15:18,881 [INFO] ← RX [16b] cmd=0x28  crc_recv=0xc4  crc_calc=0xc4  raw=28 03 3f 00 4c 0e 00 00 00 00 00 00 00 00 00 c4
2026-03-11 12:15:18,882 [WARNING]   ⚠  SpO2=0 — sensor may not be in contact yet. Raw: 28 03 3f 00 4c 0e 00 00 00 00 00 00 00 00 00 c4
2026-03-11 12:15:19,916 [INFO] ← RX [16b] cmd=0x28  crc_recv=0x25  crc_calc=0x25  raw=28 03 3f 61 4c 0e 00 00 00 00 00 00 00 00 00 25
2026-03-11 12:15:19,917 [INFO]   📡 SpO2: {'measure_type': 3, 'heart_rate': 63, 'spo2': 97}
2026-03-11 12:15:20,906 [INFO] ← RX [16b] cmd=0x28  crc_recv=0x25  crc_calc=0x25  raw=28 03 3f 61 4c 0e 00 00 00 00 00 00 00 00 00 25
2026-03-11 12:15:20,907 [INFO]   📡 SpO2: {'measure_type': 3, 'heart_rate': 63, 'spo2': 97}
2026-03-11 12:15:21,896 [INFO] ← RX [16b] cmd=0x28  crc_recv=0x25  crc_calc=0x25  raw=28 03 3f 61 4c 0e 00 00 00 00 00 00 00 00 00 25
2026-03-11 12:15:21,897 [INFO]   📡 SpO2: {'measure_type': 3, 'heart_rate': 63, 'spo2': 97}
2026-03-11 12:15:22,886 [INFO] ← RX [16b] cmd=0x28  crc_recv=0x25  crc_calc=0x25  raw=28 03 3f 61 4c 0e 00 00 00 00 00 00 00 00 00 25
2026-03-11 12:15:22,887 [INFO]   📡 SpO2: {'measure_type': 3, 'heart_rate': 63, 'spo2': 97}
2026-03-11 12:15:23,876 [INFO] ← RX [16b] cmd=0x28  crc_recv=0x25  crc_calc=0x25  raw=28 03 3f 61 4c 0e 00 00 00 00 00 00 00 00 00 25
2026-03-11 12:15:23,877 [INFO]   📡 SpO2: {'measure_type': 3, 'heart_rate': 63, 'spo2': 97}
2026-03-11 12:15:24,660 [INFO] ⏹ Real-time SpO2 stopped. 5 samples.
2026-03-11 12:17:32,012 [INFO] ▶ Real-time SpO2 started (30s)...
2026-03-11 12:17:35,064 [INFO] ← RX [16b] cmd=0x28  crc_recv=0x85  crc_calc=0x85  raw=28 03 00 00 4c 0e 00 00 00 00 00 00 00 00 00 85
2026-03-11 12:17:35,065 [WARNING]   ⚠  SpO2=0 — sensor may not be in contact yet. Raw: 28 03 00 00 4c 0e 00 00 00 00 00 00 00 00 00 85
2026-03-11 12:17:36,189 [INFO] ← RX [16b] cmd=0x28  crc_recv=0x85  crc_calc=0x85  raw=28 03 00 00 4c 0e 00 00 00 00 00 00 00 00 00 85
2026-03-11 12:17:36,190 [WARNING]   ⚠  SpO2=0 — sensor may not be in contact yet. Raw: 28 03 00 00 4c 0e 00 00 00 00 00 00 00 00 00 85
2026-03-11 12:17:36,940 [INFO] ← RX [16b] cmd=0x28  crc_recv=0x85  crc_calc=0x85  raw=28 03 00 00 4c 0e 00 00 00 00 00 00 00 00 00 85
2026-03-11 12:17:36,940 [WARNING]   ⚠  SpO2=0 — sensor may not be in contact yet. Raw: 28 03 00 00 4c 0e 00 00 00 00 00 00 00 00 00 85
2026-03-11 12:17:37,877 [INFO] ← RX [16b] cmd=0x28  crc_recv=0x85  crc_calc=0x85  raw=28 03 00 00 4c 0e 00 00 00 00 00 00 00 00 00 85
2026-03-11 12:17:37,877 [WARNING]   ⚠  SpO2=0 — sensor may not be in contact yet. Raw: 28 03 00 00 4c 0e 00 00 00 00 00 00 00 00 00 85
2026-03-11 12:17:38,889 [INFO] ← RX [16b] cmd=0x28  crc_recv=0x85  crc_calc=0x85  raw=28 03 00 00 4c 0e 00 00 00 00 00 00 00 00 00 85
2026-03-11 12:17:38,890 [WARNING]   ⚠  SpO2=0 — sensor may not be in contact yet. Raw: 28 03 00 00 4c 0e 00 00 00 00 00 00 00 00 00 85
2026-03-11 12:17:39,902 [INFO] ← RX [16b] cmd=0x28  crc_recv=0x85  crc_calc=0x85  raw=28 03 00 00 4c 0e 00 00 00 00 00 00 00 00 00 85
2026-03-11 12:17:39,902 [WARNING]   ⚠  SpO2=0 — sensor may not be in contact yet. Raw: 28 03 00 00 4c 0e 00 00 00 00 00 00 00 00 00 85
2026-03-11 12:17:40,877 [INFO] ← RX [16b] cmd=0x28  crc_recv=0x85  crc_calc=0x85  raw=28 03 00 00 4c 0e 00 00 00 00 00 00 00 00 00 85
2026-03-11 12:17:40,877 [WARNING]   ⚠  SpO2=0 — sensor may not be in contact yet. Raw: 28 03 00 00 4c 0e 00 00 00 00 00 00 00 00 00 85
2026-03-11 12:17:41,889 [INFO] ← RX [16b] cmd=0x28  crc_recv=0x85  crc_calc=0x85  raw=28 03 00 00 4c 0e 00 00 00 00 00 00 00 00 00 85
2026-03-11 12:17:41,890 [WARNING]   ⚠  SpO2=0 — sensor may not be in contact yet. Raw: 28 03 00 00 4c 0e 00 00 00 00 00 00 00 00 00 85
2026-03-11 12:17:42,901 [INFO] ← RX [16b] cmd=0x28  crc_recv=0x85  crc_calc=0x85  raw=28 03 00 00 4c 0e 00 00 00 00 00 00 00 00 00 85
2026-03-11 12:17:42,902 [WARNING]   ⚠  SpO2=0 — sensor may not be in contact yet. Raw: 28 03 00 00 4c 0e 00 00 00 00 00 00 00 00 00 85
2026-03-11 12:17:43,877 [INFO] ← RX [16b] cmd=0x28  crc_recv=0xd0  crc_calc=0xd0  raw=28 03 4b 00 4c 0e 00 00 00 00 00 00 00 00 00 d0
2026-03-11 12:17:43,877 [WARNING]   ⚠  SpO2=0 — sensor may not be in contact yet. Raw: 28 03 4b 00 4c 0e 00 00 00 00 00 00 00 00 00 d0
2026-03-11 12:17:44,889 [INFO] ← RX [16b] cmd=0x28  crc_recv=0xcf  crc_calc=0xcf  raw=28 03 4a 00 4c 0e 00 00 00 00 00 00 00 00 00 cf
2026-03-11 12:17:44,890 [WARNING]   ⚠  SpO2=0 — sensor may not be in contact yet. Raw: 28 03 4a 00 4c 0e 00 00 00 00 00 00 00 00 00 cf
2026-03-11 12:17:45,902 [INFO] ← RX [16b] cmd=0x28  crc_recv=0xcf  crc_calc=0xcf  raw=28 03 4a 00 4c 0e 00 00 00 00 00 00 00 00 00 cf
2026-03-11 12:17:45,902 [WARNING]   ⚠  SpO2=0 — sensor may not be in contact yet. Raw: 28 03 4a 00 4c 0e 00 00 00 00 00 00 00 00 00 cf
2026-03-11 12:17:46,877 [INFO] ← RX [16b] cmd=0x28  crc_recv=0xcf  crc_calc=0xcf  raw=28 03 4a 00 4c 0e 00 00 00 00 00 00 00 00 00 cf
2026-03-11 12:17:46,877 [WARNING]   ⚠  SpO2=0 — sensor may not be in contact yet. Raw: 28 03 4a 00 4c 0e 00 00 00 00 00 00 00 00 00 cf
2026-03-11 12:17:47,889 [INFO] ← RX [16b] cmd=0x28  crc_recv=0xc7  crc_calc=0xc7  raw=28 03 42 00 4c 0e 00 00 00 00 00 00 00 00 00 c7
2026-03-11 12:17:47,890 [WARNING]   ⚠  SpO2=0 — sensor may not be in contact yet. Raw: 28 03 42 00 4c 0e 00 00 00 00 00 00 00 00 00 c7
2026-03-11 12:17:48,902 [INFO] ← RX [16b] cmd=0x28  crc_recv=0xc8  crc_calc=0xc8  raw=28 03 43 00 4c 0e 00 00 00 00 00 00 00 00 00 c8
2026-03-11 12:17:48,902 [WARNING]   ⚠  SpO2=0 — sensor may not be in contact yet. Raw: 28 03 43 00 4c 0e 00 00 00 00 00 00 00 00 00 c8
2026-03-11 12:17:49,877 [INFO] ← RX [16b] cmd=0x28  crc_recv=0xd2  crc_calc=0xd2  raw=28 03 4d 00 4c 0e 00 00 00 00 00 00 00 00 00 d2
2026-03-11 12:17:49,877 [WARNING]   ⚠  SpO2=0 — sensor may not be in contact yet. Raw: 28 03 4d 00 4c 0e 00 00 00 00 00 00 00 00 00 d2
2026-03-11 12:17:50,889 [INFO] ← RX [16b] cmd=0x28  crc_recv=0xd2  crc_calc=0xd2  raw=28 03 4d 00 4c 0e 00 00 00 00 00 00 00 00 00 d2
2026-03-11 12:17:50,890 [WARNING]   ⚠  SpO2=0 — sensor may not be in contact yet. Raw: 28 03 4d 00 4c 0e 00 00 00 00 00 00 00 00 00 d2
2026-03-11 12:17:51,902 [INFO] ← RX [16b] cmd=0x28  crc_recv=0xd1  crc_calc=0xd1  raw=28 03 4c 00 4c 0e 00 00 00 00 00 00 00 00 00 d1
2026-03-11 12:17:51,902 [WARNING]   ⚠  SpO2=0 — sensor may not be in contact yet. Raw: 28 03 4c 00 4c 0e 00 00 00 00 00 00 00 00 00 d1
2026-03-11 12:17:52,877 [INFO] ← RX [16b] cmd=0x28  crc_recv=0xcf  crc_calc=0xcf  raw=28 03 4a 00 4c 0e 00 00 00 00 00 00 00 00 00 cf
2026-03-11 12:17:52,877 [WARNING]   ⚠  SpO2=0 — sensor may not be in contact yet. Raw: 28 03 4a 00 4c 0e 00 00 00 00 00 00 00 00 00 cf
2026-03-11 12:17:53,889 [INFO] ← RX [16b] cmd=0x28  crc_recv=0xcd  crc_calc=0xcd  raw=28 03 48 00 4c 0e 00 00 00 00 00 00 00 00 00 cd
2026-03-11 12:17:53,889 [WARNING]   ⚠  SpO2=0 — sensor may not be in contact yet. Raw: 28 03 48 00 4c 0e 00 00 00 00 00 00 00 00 00 cd
2026-03-11 12:17:54,902 [INFO] ← RX [16b] cmd=0x28  crc_recv=0xcd  crc_calc=0xcd  raw=28 03 48 00 4c 0e 00 00 00 00 00 00 00 00 00 cd
2026-03-11 12:17:54,902 [WARNING]   ⚠  SpO2=0 — sensor may not be in contact yet. Raw: 28 03 48 00 4c 0e 00 00 00 00 00 00 00 00 00 cd
2026-03-11 12:17:55,914 [INFO] ← RX [16b] cmd=0x28  crc_recv=0xcd  crc_calc=0xcd  raw=28 03 48 00 4c 0e 00 00 00 00 00 00 00 00 00 cd
2026-03-11 12:17:55,915 [WARNING]   ⚠  SpO2=0 — sensor may not be in contact yet. Raw: 28 03 48 00 4c 0e 00 00 00 00 00 00 00 00 00 cd
2026-03-11 12:17:56,889 [INFO] ← RX [16b] cmd=0x28  crc_recv=0xcc  crc_calc=0xcc  raw=28 03 47 00 4c 0e 00 00 00 00 00 00 00 00 00 cc
2026-03-11 12:17:56,890 [WARNING]   ⚠  SpO2=0 — sensor may not be in contact yet. Raw: 28 03 47 00 4c 0e 00 00 00 00 00 00 00 00 00 cc
2026-03-11 12:17:57,902 [INFO] ← RX [16b] cmd=0x28  crc_recv=0xcb  crc_calc=0xcb  raw=28 03 46 00 4c 0e 00 00 00 00 00 00 00 00 00 cb
2026-03-11 12:17:57,902 [WARNING]   ⚠  SpO2=0 — sensor may not be in contact yet. Raw: 28 03 46 00 4c 0e 00 00 00 00 00 00 00 00 00 cb
2026-03-11 12:17:58,876 [INFO] ← RX [16b] cmd=0x28  crc_recv=0xca  crc_calc=0xca  raw=28 03 45 00 4c 0e 00 00 00 00 00 00 00 00 00 ca
2026-03-11 12:17:58,877 [WARNING]   ⚠  SpO2=0 — sensor may not be in contact yet. Raw: 28 03 45 00 4c 0e 00 00 00 00 00 00 00 00 00 ca
2026-03-11 12:17:59,889 [INFO] ← RX [16b] cmd=0x28  crc_recv=0xca  crc_calc=0xca  raw=28 03 45 00 4c 0e 00 00 00 00 00 00 00 00 00 ca
2026-03-11 12:17:59,889 [WARNING]   ⚠  SpO2=0 — sensor may not be in contact yet. Raw: 28 03 45 00 4c 0e 00 00 00 00 00 00 00 00 00 ca
2026-03-11 12:18:00,901 [INFO] ← RX [16b] cmd=0x28  crc_recv=0xc9  crc_calc=0xc9  raw=28 03 44 00 4c 0e 00 00 00 00 00 00 00 00 00 c9
2026-03-11 12:18:00,902 [WARNING]   ⚠  SpO2=0 — sensor may not be in contact yet. Raw: 28 03 44 00 4c 0e 00 00 00 00 00 00 00 00 00 c9
2026-03-11 12:18:01,876 [INFO] ← RX [16b] cmd=0x28  crc_recv=0xc9  crc_calc=0xc9  raw=28 03 44 00 4c 0e 00 00 00 00 00 00 00 00 00 c9
2026-03-11 12:18:01,877 [WARNING]   ⚠  SpO2=0 — sensor may not be in contact yet. Raw: 28 03 44 00 4c 0e 00 00 00 00 00 00 00 00 00 c9
2026-03-11 12:18:02,015 [INFO] ⏹ Real-time SpO2 stopped. 0 samples.
2026-03-11 12:18:13,536 [INFO] ▶ Real-time SpO2 started (30s)...
2026-03-11 12:18:15,901 [INFO] ← RX [16b] cmd=0x28  crc_recv=0x85  crc_calc=0x85  raw=28 03 00 00 4c 0e 00 00 00 00 00 00 00 00 00 85
2026-03-11 12:18:15,902 [WARNING]   ⚠  SpO2=0 — sensor may not be in contact yet. Raw: 28 03 00 00 4c 0e 00 00 00 00 00 00 00 00 00 85
2026-03-11 12:18:16,876 [INFO] ← RX [16b] cmd=0x28  crc_recv=0x85  crc_calc=0x85  raw=28 03 00 00 4c 0e 00 00 00 00 00 00 00 00 00 85
2026-03-11 12:18:16,877 [WARNING]   ⚠  SpO2=0 — sensor may not be in contact yet. Raw: 28 03 00 00 4c 0e 00 00 00 00 00 00 00 00 00 85
2026-03-11 12:18:17,889 [INFO] ← RX [16b] cmd=0x28  crc_recv=0x85  crc_calc=0x85  raw=28 03 00 00 4c 0e 00 00 00 00 00 00 00 00 00 85
2026-03-11 12:18:17,889 [WARNING]   ⚠  SpO2=0 — sensor may not be in contact yet. Raw: 28 03 00 00 4c 0e 00 00 00 00 00 00 00 00 00 85
2026-03-11 12:18:18,901 [INFO] ← RX [16b] cmd=0x28  crc_recv=0x85  crc_calc=0x85  raw=28 03 00 00 4c 0e 00 00 00 00 00 00 00 00 00 85
2026-03-11 12:18:18,902 [WARNING]   ⚠  SpO2=0 — sensor may not be in contact yet. Raw: 28 03 00 00 4c 0e 00 00 00 00 00 00 00 00 00 85
2026-03-11 12:18:19,876 [INFO] ← RX [16b] cmd=0x28  crc_recv=0x85  crc_calc=0x85  raw=28 03 00 00 4c 0e 00 00 00 00 00 00 00 00 00 85
2026-03-11 12:18:19,877 [WARNING]   ⚠  SpO2=0 — sensor may not be in contact yet. Raw: 28 03 00 00 4c 0e 00 00 00 00 00 00 00 00 00 85
2026-03-11 12:18:20,889 [INFO] ← RX [16b] cmd=0x28  crc_recv=0x85  crc_calc=0x85  raw=28 03 00 00 4c 0e 00 00 00 00 00 00 00 00 00 85
2026-03-11 12:18:20,889 [WARNING]   ⚠  SpO2=0 — sensor may not be in contact yet. Raw: 28 03 00 00 4c 0e 00 00 00 00 00 00 00 00 00 85
2026-03-11 12:18:21,901 [INFO] ← RX [16b] cmd=0x28  crc_recv=0x85  crc_calc=0x85  raw=28 03 00 00 4c 0e 00 00 00 00 00 00 00 00 00 85
2026-03-11 12:18:21,902 [WARNING]   ⚠  SpO2=0 — sensor may not be in contact yet. Raw: 28 03 00 00 4c 0e 00 00 00 00 00 00 00 00 00 85
2026-03-11 12:18:22,876 [INFO] ← RX [16b] cmd=0x28  crc_recv=0x85  crc_calc=0x85  raw=28 03 00 00 4c 0e 00 00 00 00 00 00 00 00 00 85
2026-03-11 12:18:22,876 [WARNING]   ⚠  SpO2=0 — sensor may not be in contact yet. Raw: 28 03 00 00 4c 0e 00 00 00 00 00 00 00 00 00 85
2026-03-11 12:18:23,889 [INFO] ← RX [16b] cmd=0x28  crc_recv=0x85  crc_calc=0x85  raw=28 03 00 00 4c 0e 00 00 00 00 00 00 00 00 00 85
2026-03-11 12:18:23,889 [WARNING]   ⚠  SpO2=0 — sensor may not be in contact yet. Raw: 28 03 00 00 4c 0e 00 00 00 00 00 00 00 00 00 85
2026-03-11 12:18:24,901 [INFO] ← RX [16b] cmd=0x28  crc_recv=0x85  crc_calc=0x85  raw=28 03 00 00 4c 0e 00 00 00 00 00 00 00 00 00 85
2026-03-11 12:18:24,902 [WARNING]   ⚠  SpO2=0 — sensor may not be in contact yet. Raw: 28 03 00 00 4c 0e 00 00 00 00 00 00 00 00 00 85
2026-03-11 12:18:25,876 [INFO] ← RX [16b] cmd=0x28  crc_recv=0xc0  crc_calc=0xc0  raw=28 03 3b 00 4c 0e 00 00 00 00 00 00 00 00 00 c0
2026-03-11 12:18:25,876 [WARNING]   ⚠  SpO2=0 — sensor may not be in contact yet. Raw: 28 03 3b 00 4c 0e 00 00 00 00 00 00 00 00 00 c0
2026-03-11 12:18:26,889 [INFO] ← RX [16b] cmd=0x28  crc_recv=0xc0  crc_calc=0xc0  raw=28 03 3b 00 4c 0e 00 00 00 00 00 00 00 00 00 c0
2026-03-11 12:18:26,889 [WARNING]   ⚠  SpO2=0 — sensor may not be in contact yet. Raw: 28 03 3b 00 4c 0e 00 00 00 00 00 00 00 00 00 c0
2026-03-11 12:18:27,901 [INFO] ← RX [16b] cmd=0x28  crc_recv=0xc0  crc_calc=0xc0  raw=28 03 3b 00 4c 0e 00 00 00 00 00 00 00 00 00 c0
2026-03-11 12:18:27,901 [WARNING]   ⚠  SpO2=0 — sensor may not be in contact yet. Raw: 28 03 3b 00 4c 0e 00 00 00 00 00 00 00 00 00 c0
2026-03-11 12:18:28,876 [INFO] ← RX [16b] cmd=0x28  crc_recv=0xc0  crc_calc=0xc0  raw=28 03 3b 00 4c 0e 00 00 00 00 00 00 00 00 00 c0
2026-03-11 12:18:28,876 [WARNING]   ⚠  SpO2=0 — sensor may not be in contact yet. Raw: 28 03 3b 00 4c 0e 00 00 00 00 00 00 00 00 00 c0
2026-03-11 12:18:29,888 [INFO] ← RX [16b] cmd=0x28  crc_recv=0xc7  crc_calc=0xc7  raw=28 03 42 00 4c 0e 00 00 00 00 00 00 00 00 00 c7
2026-03-11 12:18:29,889 [WARNING]   ⚠  SpO2=0 — sensor may not be in contact yet. Raw: 28 03 42 00 4c 0e 00 00 00 00 00 00 00 00 00 c7
2026-03-11 12:18:30,901 [INFO] ← RX [16b] cmd=0x28  crc_recv=0xcd  crc_calc=0xcd  raw=28 03 48 00 4c 0e 00 00 00 00 00 00 00 00 00 cd
2026-03-11 12:18:30,901 [WARNING]   ⚠  SpO2=0 — sensor may not be in contact yet. Raw: 28 03 48 00 4c 0e 00 00 00 00 00 00 00 00 00 cd
2026-03-11 12:18:31,876 [INFO] ← RX [16b] cmd=0x28  crc_recv=0xcb  crc_calc=0xcb  raw=28 03 46 00 4c 0e 00 00 00 00 00 00 00 00 00 cb
2026-03-11 12:18:31,876 [WARNING]   ⚠  SpO2=0 — sensor may not be in contact yet. Raw: 28 03 46 00 4c 0e 00 00 00 00 00 00 00 00 00 cb
2026-03-11 12:18:32,888 [INFO] ← RX [16b] cmd=0x28  crc_recv=0xca  crc_calc=0xca  raw=28 03 45 00 4c 0e 00 00 00 00 00 00 00 00 00 ca
2026-03-11 12:18:32,888 [WARNING]   ⚠  SpO2=0 — sensor may not be in contact yet. Raw: 28 03 45 00 4c 0e 00 00 00 00 00 00 00 00 00 ca
2026-03-11 12:18:33,901 [INFO] ← RX [16b] cmd=0x28  crc_recv=0xcb  crc_calc=0xcb  raw=28 03 46 00 4c 0e 00 00 00 00 00 00 00 00 00 cb
2026-03-11 12:18:33,901 [WARNING]   ⚠  SpO2=0 — sensor may not be in contact yet. Raw: 28 03 46 00 4c 0e 00 00 00 00 00 00 00 00 00 cb
2026-03-11 12:18:34,876 [INFO] ← RX [16b] cmd=0x28  crc_recv=0xcd  crc_calc=0xcd  raw=28 03 48 00 4c 0e 00 00 00 00 00 00 00 00 00 cd
2026-03-11 12:18:34,876 [WARNING]   ⚠  SpO2=0 — sensor may not be in contact yet. Raw: 28 03 48 00 4c 0e 00 00 00 00 00 00 00 00 00 cd
2026-03-11 12:18:35,888 [INFO] ← RX [16b] cmd=0x28  crc_recv=0xcc  crc_calc=0xcc  raw=28 03 47 00 4c 0e 00 00 00 00 00 00 00 00 00 cc
2026-03-11 12:18:35,888 [WARNING]   ⚠  SpO2=0 — sensor may not be in contact yet. Raw: 28 03 47 00 4c 0e 00 00 00 00 00 00 00 00 00 cc
2026-03-11 12:18:36,901 [INFO] ← RX [16b] cmd=0x28  crc_recv=0xc8  crc_calc=0xc8  raw=28 03 43 00 4c 0e 00 00 00 00 00 00 00 00 00 c8
2026-03-11 12:18:36,901 [WARNING]   ⚠  SpO2=0 — sensor may not be in contact yet. Raw: 28 03 43 00 4c 0e 00 00 00 00 00 00 00 00 00 c8
2026-03-11 12:18:37,876 [INFO] ← RX [16b] cmd=0x28  crc_recv=0xc8  crc_calc=0xc8  raw=28 03 43 00 4c 0e 00 00 00 00 00 00 00 00 00 c8
2026-03-11 12:18:37,876 [WARNING]   ⚠  SpO2=0 — sensor may not be in contact yet. Raw: 28 03 43 00 4c 0e 00 00 00 00 00 00 00 00 00 c8
2026-03-11 12:18:38,888 [INFO] ← RX [16b] cmd=0x28  crc_recv=0xc8  crc_calc=0xc8  raw=28 03 43 00 4c 0e 00 00 00 00 00 00 00 00 00 c8
2026-03-11 12:18:38,889 [WARNING]   ⚠  SpO2=0 — sensor may not be in contact yet. Raw: 28 03 43 00 4c 0e 00 00 00 00 00 00 00 00 00 c8
2026-03-11 12:18:39,901 [INFO] ← RX [16b] cmd=0x28  crc_recv=0xc8  crc_calc=0xc8  raw=28 03 43 00 4c 0e 00 00 00 00 00 00 00 00 00 c8
2026-03-11 12:18:39,901 [WARNING]   ⚠  SpO2=0 — sensor may not be in contact yet. Raw: 28 03 43 00 4c 0e 00 00 00 00 00 00 00 00 00 c8
2026-03-11 12:18:40,876 [INFO] ← RX [16b] cmd=0x28  crc_recv=0xc8  crc_calc=0xc8  raw=28 03 43 00 4c 0e 00 00 00 00 00 00 00 00 00 c8
2026-03-11 12:18:40,876 [WARNING]   ⚠  SpO2=0 — sensor may not be in contact yet. Raw: 28 03 43 00 4c 0e 00 00 00 00 00 00 00 00 00 c8
2026-03-11 12:18:41,888 [INFO] ← RX [16b] cmd=0x28  crc_recv=0xc9  crc_calc=0xc9  raw=28 03 44 00 4c 0e 00 00 00 00 00 00 00 00 00 c9
2026-03-11 12:18:41,889 [WARNING]   ⚠  SpO2=0 — sensor may not be in contact yet. Raw: 28 03 44 00 4c 0e 00 00 00 00 00 00 00 00 00 c9
2026-03-11 12:18:42,901 [INFO] ← RX [16b] cmd=0x28  crc_recv=0xc9  crc_calc=0xc9  raw=28 03 44 00 4c 0e 00 00 00 00 00 00 00 00 00 c9
2026-03-11 12:18:42,901 [WARNING]   ⚠  SpO2=0 — sensor may not be in contact yet. Raw: 28 03 44 00 4c 0e 00 00 00 00 00 00 00 00 00 c9
2026-03-11 12:18:43,540 [INFO] ⏹ Real-time SpO2 stopped. 0 samples.
2026-03-11 12:19:28,126 [INFO] Disconnected.
2026-03-11 12:19:54,770 [INFO] Connecting to CE:68:27:E4:9F:D0...
2026-03-11 12:19:58,257 [INFO] Connected ✓  (notifications enabled)
2026-03-11 12:20:05,482 [INFO] ▶ Real-time SpO2 started (30s)...
2026-03-11 12:20:07,884 [INFO] ← RX [16b] cmd=0x28  crc_recv=0x85  crc_calc=0x85  raw=28 03 00 00 4c 0e 00 00 00 00 00 00 00 00 00 85
2026-03-11 12:20:07,885 [WARNING]   ⚠  SpO2=0 — sensor may not be in contact yet. Raw: 28 03 00 00 4c 0e 00 00 00 00 00 00 00 00 00 85
2026-03-11 12:20:08,874 [INFO] ← RX [16b] cmd=0x28  crc_recv=0x85  crc_calc=0x85  raw=28 03 00 00 4c 0e 00 00 00 00 00 00 00 00 00 85
2026-03-11 12:20:08,875 [WARNING]   ⚠  SpO2=0 — sensor may not be in contact yet. Raw: 28 03 00 00 4c 0e 00 00 00 00 00 00 00 00 00 85
2026-03-11 12:20:09,909 [INFO] ← RX [16b] cmd=0x28  crc_recv=0x85  crc_calc=0x85  raw=28 03 00 00 4c 0e 00 00 00 00 00 00 00 00 00 85
2026-03-11 12:20:09,910 [WARNING]   ⚠  SpO2=0 — sensor may not be in contact yet. Raw: 28 03 00 00 4c 0e 00 00 00 00 00 00 00 00 00 85
2026-03-11 12:20:10,900 [INFO] ← RX [16b] cmd=0x28  crc_recv=0x85  crc_calc=0x85  raw=28 03 00 00 4c 0e 00 00 00 00 00 00 00 00 00 85
2026-03-11 12:20:10,900 [WARNING]   ⚠  SpO2=0 — sensor may not be in contact yet. Raw: 28 03 00 00 4c 0e 00 00 00 00 00 00 00 00 00 85
2026-03-11 12:20:11,890 [INFO] ← RX [16b] cmd=0x28  crc_recv=0x85  crc_calc=0x85  raw=28 03 00 00 4c 0e 00 00 00 00 00 00 00 00 00 85
2026-03-11 12:20:11,890 [WARNING]   ⚠  SpO2=0 — sensor may not be in contact yet. Raw: 28 03 00 00 4c 0e 00 00 00 00 00 00 00 00 00 85
2026-03-11 12:20:12,880 [INFO] ← RX [16b] cmd=0x28  crc_recv=0x85  crc_calc=0x85  raw=28 03 00 00 4c 0e 00 00 00 00 00 00 00 00 00 85
2026-03-11 12:20:12,881 [WARNING]   ⚠  SpO2=0 — sensor may not be in contact yet. Raw: 28 03 00 00 4c 0e 00 00 00 00 00 00 00 00 00 85
2026-03-11 12:20:13,870 [INFO] ← RX [16b] cmd=0x28  crc_recv=0x85  crc_calc=0x85  raw=28 03 00 00 4c 0e 00 00 00 00 00 00 00 00 00 85
2026-03-11 12:20:13,870 [WARNING]   ⚠  SpO2=0 — sensor may not be in contact yet. Raw: 28 03 00 00 4c 0e 00 00 00 00 00 00 00 00 00 85
2026-03-11 12:20:14,904 [INFO] ← RX [16b] cmd=0x28  crc_recv=0x85  crc_calc=0x85  raw=28 03 00 00 4c 0e 00 00 00 00 00 00 00 00 00 85
2026-03-11 12:20:14,905 [WARNING]   ⚠  SpO2=0 — sensor may not be in contact yet. Raw: 28 03 00 00 4c 0e 00 00 00 00 00 00 00 00 00 85
2026-03-11 12:20:15,895 [INFO] ← RX [16b] cmd=0x28  crc_recv=0x85  crc_calc=0x85  raw=28 03 00 00 4c 0e 00 00 00 00 00 00 00 00 00 85
2026-03-11 12:20:15,895 [WARNING]   ⚠  SpO2=0 — sensor may not be in contact yet. Raw: 28 03 00 00 4c 0e 00 00 00 00 00 00 00 00 00 85
2026-03-11 12:20:16,885 [INFO] ← RX [16b] cmd=0x28  crc_recv=0x85  crc_calc=0x85  raw=28 03 00 00 4c 0e 00 00 00 00 00 00 00 00 00 85
2026-03-11 12:20:16,885 [WARNING]   ⚠  SpO2=0 — sensor may not be in contact yet. Raw: 28 03 00 00 4c 0e 00 00 00 00 00 00 00 00 00 85
2026-03-11 12:20:17,875 [INFO] ← RX [16b] cmd=0x28  crc_recv=0xbf  crc_calc=0xbf  raw=28 03 3a 00 4c 0e 00 00 00 00 00 00 00 00 00 bf
2026-03-11 12:20:17,875 [WARNING]   ⚠  SpO2=0 — sensor may not be in contact yet. Raw: 28 03 3a 00 4c 0e 00 00 00 00 00 00 00 00 00 bf
2026-03-11 12:20:18,910 [INFO] ← RX [16b] cmd=0x28  crc_recv=0xbe  crc_calc=0xbe  raw=28 03 39 00 4c 0e 00 00 00 00 00 00 00 00 00 be
2026-03-11 12:20:18,910 [WARNING]   ⚠  SpO2=0 — sensor may not be in contact yet. Raw: 28 03 39 00 4c 0e 00 00 00 00 00 00 00 00 00 be
2026-03-11 12:20:19,900 [INFO] ← RX [16b] cmd=0x28  crc_recv=0xbe  crc_calc=0xbe  raw=28 03 39 00 4c 0e 00 00 00 00 00 00 00 00 00 be
2026-03-11 12:20:19,900 [WARNING]   ⚠  SpO2=0 — sensor may not be in contact yet. Raw: 28 03 39 00 4c 0e 00 00 00 00 00 00 00 00 00 be
2026-03-11 12:20:20,890 [INFO] ← RX [16b] cmd=0x28  crc_recv=0xbe  crc_calc=0xbe  raw=28 03 39 00 4c 0e 00 00 00 00 00 00 00 00 00 be
2026-03-11 12:20:20,890 [WARNING]   ⚠  SpO2=0 — sensor may not be in contact yet. Raw: 28 03 39 00 4c 0e 00 00 00 00 00 00 00 00 00 be
2026-03-11 12:20:21,880 [INFO] ← RX [16b] cmd=0x28  crc_recv=0xbe  crc_calc=0xbe  raw=28 03 39 00 4c 0e 00 00 00 00 00 00 00 00 00 be
2026-03-11 12:20:21,880 [WARNING]   ⚠  SpO2=0 — sensor may not be in contact yet. Raw: 28 03 39 00 4c 0e 00 00 00 00 00 00 00 00 00 be
2026-03-11 12:20:22,870 [INFO] ← RX [16b] cmd=0x28  crc_recv=0xca  crc_calc=0xca  raw=28 03 45 00 4c 0e 00 00 00 00 00 00 00 00 00 ca
2026-03-11 12:20:22,870 [WARNING]   ⚠  SpO2=0 — sensor may not be in contact yet. Raw: 28 03 45 00 4c 0e 00 00 00 00 00 00 00 00 00 ca
2026-03-11 12:20:23,904 [INFO] ← RX [16b] cmd=0x28  crc_recv=0xca  crc_calc=0xca  raw=28 03 45 00 4c 0e 00 00 00 00 00 00 00 00 00 ca
2026-03-11 12:20:23,905 [WARNING]   ⚠  SpO2=0 — sensor may not be in contact yet. Raw: 28 03 45 00 4c 0e 00 00 00 00 00 00 00 00 00 ca
2026-03-11 12:20:24,894 [INFO] ← RX [16b] cmd=0x28  crc_recv=0xca  crc_calc=0xca  raw=28 03 45 00 4c 0e 00 00 00 00 00 00 00 00 00 ca
2026-03-11 12:20:24,895 [WARNING]   ⚠  SpO2=0 — sensor may not be in contact yet. Raw: 28 03 45 00 4c 0e 00 00 00 00 00 00 00 00 00 ca
2026-03-11 12:20:25,884 [INFO] ← RX [16b] cmd=0x28  crc_recv=0xcb  crc_calc=0xcb  raw=28 03 46 00 4c 0e 00 00 00 00 00 00 00 00 00 cb
2026-03-11 12:20:25,885 [WARNING]   ⚠  SpO2=0 — sensor may not be in contact yet. Raw: 28 03 46 00 4c 0e 00 00 00 00 00 00 00 00 00 cb
2026-03-11 12:20:26,874 [INFO] ← RX [16b] cmd=0x28  crc_recv=0xcb  crc_calc=0xcb  raw=28 03 46 00 4c 0e 00 00 00 00 00 00 00 00 00 cb
2026-03-11 12:20:26,875 [WARNING]   ⚠  SpO2=0 — sensor may not be in contact yet. Raw: 28 03 46 00 4c 0e 00 00 00 00 00 00 00 00 00 cb
2026-03-11 12:20:27,909 [INFO] ← RX [16b] cmd=0x28  crc_recv=0xc8  crc_calc=0xc8  raw=28 03 43 00 4c 0e 00 00 00 00 00 00 00 00 00 c8
2026-03-11 12:20:27,909 [WARNING]   ⚠  SpO2=0 — sensor may not be in contact yet. Raw: 28 03 43 00 4c 0e 00 00 00 00 00 00 00 00 00 c8
2026-03-11 12:20:28,899 [INFO] ← RX [16b] cmd=0x28  crc_recv=0xc5  crc_calc=0xc5  raw=28 03 40 00 4c 0e 00 00 00 00 00 00 00 00 00 c5
2026-03-11 12:20:28,899 [WARNING]   ⚠  SpO2=0 — sensor may not be in contact yet. Raw: 28 03 40 00 4c 0e 00 00 00 00 00 00 00 00 00 c5
2026-03-11 12:20:29,889 [INFO] ← RX [16b] cmd=0x28  crc_recv=0xc5  crc_calc=0xc5  raw=28 03 40 00 4c 0e 00 00 00 00 00 00 00 00 00 c5
2026-03-11 12:20:29,889 [WARNING]   ⚠  SpO2=0 — sensor may not be in contact yet. Raw: 28 03 40 00 4c 0e 00 00 00 00 00 00 00 00 00 c5
2026-03-11 12:20:30,879 [INFO] ← RX [16b] cmd=0x28  crc_recv=0xc4  crc_calc=0xc4  raw=28 03 3f 00 4c 0e 00 00 00 00 00 00 00 00 00 c4
2026-03-11 12:20:30,879 [WARNING]   ⚠  SpO2=0 — sensor may not be in contact yet. Raw: 28 03 3f 00 4c 0e 00 00 00 00 00 00 00 00 00 c4
2026-03-11 12:20:31,869 [INFO] ← RX [16b] cmd=0x28  crc_recv=0xc4  crc_calc=0xc4  raw=28 03 3f 00 4c 0e 00 00 00 00 00 00 00 00 00 c4
2026-03-11 12:20:31,870 [WARNING]   ⚠  SpO2=0 — sensor may not be in contact yet. Raw: 28 03 3f 00 4c 0e 00 00 00 00 00 00 00 00 00 c4
2026-03-11 12:20:32,904 [INFO] ← RX [16b] cmd=0x28  crc_recv=0xc3  crc_calc=0xc3  raw=28 03 3e 00 4c 0e 00 00 00 00 00 00 00 00 00 c3
2026-03-11 12:20:32,905 [WARNING]   ⚠  SpO2=0 — sensor may not be in contact yet. Raw: 28 03 3e 00 4c 0e 00 00 00 00 00 00 00 00 00 c3
2026-03-11 12:20:33,894 [INFO] ← RX [16b] cmd=0x28  crc_recv=0xc3  crc_calc=0xc3  raw=28 03 3e 00 4c 0e 00 00 00 00 00 00 00 00 00 c3
2026-03-11 12:20:33,895 [WARNING]   ⚠  SpO2=0 — sensor may not be in contact yet. Raw: 28 03 3e 00 4c 0e 00 00 00 00 00 00 00 00 00 c3
2026-03-11 12:20:34,884 [INFO] ← RX [16b] cmd=0x28  crc_recv=0xc3  crc_calc=0xc3  raw=28 03 3e 00 4c 0e 00 00 00 00 00 00 00 00 00 c3
2026-03-11 12:20:34,884 [WARNING]   ⚠  SpO2=0 — sensor may not be in contact yet. Raw: 28 03 3e 00 4c 0e 00 00 00 00 00 00 00 00 00 c3
2026-03-11 12:20:35,485 [INFO] ⏹ Real-time SpO2 stopped. 0 samples.
2026-03-11 12:20:42,680 [INFO] ▶ Real-time HR started (30s)...
2026-03-11 12:20:44,874 [INFO] ← RX [16b] cmd=0x28  crc_recv=0x84  crc_calc=0x84  raw=28 02 00 00 4c 0e 00 00 00 00 00 00 00 00 00 84
2026-03-11 12:20:44,875 [INFO]   🔬 HR mode raw packet — HR=0  CC(SpO2 field)=0  (0=not populated, >0=device may dual-sense)
2026-03-11 12:20:44,875 [WARNING]   ⚠  HR=0 — sensor may not be in contact yet. Raw: 28 02 00 00 4c 0e 00 00 00 00 00 00 00 00 00 84
2026-03-11 12:20:45,909 [INFO] ← RX [16b] cmd=0x28  crc_recv=0x84  crc_calc=0x84  raw=28 02 00 00 4c 0e 00 00 00 00 00 00 00 00 00 84
2026-03-11 12:20:45,910 [INFO]   🔬 HR mode raw packet — HR=0  CC(SpO2 field)=0  (0=not populated, >0=device may dual-sense)
2026-03-11 12:20:45,910 [WARNING]   ⚠  HR=0 — sensor may not be in contact yet. Raw: 28 02 00 00 4c 0e 00 00 00 00 00 00 00 00 00 84
2026-03-11 12:20:46,899 [INFO] ← RX [16b] cmd=0x28  crc_recv=0x84  crc_calc=0x84  raw=28 02 00 00 4c 0e 00 00 00 00 00 00 00 00 00 84
2026-03-11 12:20:46,899 [INFO]   🔬 HR mode raw packet — HR=0  CC(SpO2 field)=0  (0=not populated, >0=device may dual-sense)
2026-03-11 12:20:46,899 [WARNING]   ⚠  HR=0 — sensor may not be in contact yet. Raw: 28 02 00 00 4c 0e 00 00 00 00 00 00 00 00 00 84
2026-03-11 12:20:47,889 [INFO] ← RX [16b] cmd=0x28  crc_recv=0x84  crc_calc=0x84  raw=28 02 00 00 4c 0e 00 00 00 00 00 00 00 00 00 84
2026-03-11 12:20:47,889 [INFO]   🔬 HR mode raw packet — HR=0  CC(SpO2 field)=0  (0=not populated, >0=device may dual-sense)
2026-03-11 12:20:47,890 [WARNING]   ⚠  HR=0 — sensor may not be in contact yet. Raw: 28 02 00 00 4c 0e 00 00 00 00 00 00 00 00 00 84
2026-03-11 12:20:48,879 [INFO] ← RX [16b] cmd=0x28  crc_recv=0x84  crc_calc=0x84  raw=28 02 00 00 4c 0e 00 00 00 00 00 00 00 00 00 84
2026-03-11 12:20:48,879 [INFO]   🔬 HR mode raw packet — HR=0  CC(SpO2 field)=0  (0=not populated, >0=device may dual-sense)
2026-03-11 12:20:48,880 [WARNING]   ⚠  HR=0 — sensor may not be in contact yet. Raw: 28 02 00 00 4c 0e 00 00 00 00 00 00 00 00 00 84
2026-03-11 12:20:49,869 [INFO] ← RX [16b] cmd=0x28  crc_recv=0x84  crc_calc=0x84  raw=28 02 00 00 4c 0e 00 00 00 00 00 00 00 00 00 84
2026-03-11 12:20:49,870 [INFO]   🔬 HR mode raw packet — HR=0  CC(SpO2 field)=0  (0=not populated, >0=device may dual-sense)
2026-03-11 12:20:49,870 [WARNING]   ⚠  HR=0 — sensor may not be in contact yet. Raw: 28 02 00 00 4c 0e 00 00 00 00 00 00 00 00 00 84
2026-03-11 12:20:50,904 [INFO] ← RX [16b] cmd=0x28  crc_recv=0x84  crc_calc=0x84  raw=28 02 00 00 4c 0e 00 00 00 00 00 00 00 00 00 84
2026-03-11 12:20:50,904 [INFO]   🔬 HR mode raw packet — HR=0  CC(SpO2 field)=0  (0=not populated, >0=device may dual-sense)
2026-03-11 12:20:50,904 [WARNING]   ⚠  HR=0 — sensor may not be in contact yet. Raw: 28 02 00 00 4c 0e 00 00 00 00 00 00 00 00 00 84
2026-03-11 12:20:51,894 [INFO] ← RX [16b] cmd=0x28  crc_recv=0x84  crc_calc=0x84  raw=28 02 00 00 4c 0e 00 00 00 00 00 00 00 00 00 84
2026-03-11 12:20:51,894 [INFO]   🔬 HR mode raw packet — HR=0  CC(SpO2 field)=0  (0=not populated, >0=device may dual-sense)
2026-03-11 12:20:51,895 [WARNING]   ⚠  HR=0 — sensor may not be in contact yet. Raw: 28 02 00 00 4c 0e 00 00 00 00 00 00 00 00 00 84
2026-03-11 12:20:52,884 [INFO] ← RX [16b] cmd=0x28  crc_recv=0x84  crc_calc=0x84  raw=28 02 00 00 4c 0e 00 00 00 00 00 00 00 00 00 84
2026-03-11 12:20:52,885 [INFO]   🔬 HR mode raw packet — HR=0  CC(SpO2 field)=0  (0=not populated, >0=device may dual-sense)
2026-03-11 12:20:52,885 [WARNING]   ⚠  HR=0 — sensor may not be in contact yet. Raw: 28 02 00 00 4c 0e 00 00 00 00 00 00 00 00 00 84
2026-03-11 12:20:53,874 [INFO] ← RX [16b] cmd=0x28  crc_recv=0xcb  crc_calc=0xcb  raw=28 02 47 00 4c 0e 00 00 00 00 00 00 00 00 00 cb
2026-03-11 12:20:53,874 [INFO]   🔬 HR mode raw packet — HR=71  CC(SpO2 field)=0  (0=not populated, >0=device may dual-sense)
2026-03-11 12:20:53,875 [INFO]   📡 HR: {'measure_type': 2, 'heart_rate': 71, 'spo2': 0}
2026-03-11 12:20:54,909 [INFO] ← RX [16b] cmd=0x28  crc_recv=0xca  crc_calc=0xca  raw=28 02 46 00 4c 0e 00 00 00 00 00 00 00 00 00 ca
2026-03-11 12:20:54,909 [INFO]   🔬 HR mode raw packet — HR=70  CC(SpO2 field)=0  (0=not populated, >0=device may dual-sense)
2026-03-11 12:20:54,909 [INFO]   📡 HR: {'measure_type': 2, 'heart_rate': 70, 'spo2': 0}
2026-03-11 12:20:55,899 [INFO] ← RX [16b] cmd=0x28  crc_recv=0xca  crc_calc=0xca  raw=28 02 46 00 4c 0e 00 00 00 00 00 00 00 00 00 ca
2026-03-11 12:20:55,899 [INFO]   🔬 HR mode raw packet — HR=70  CC(SpO2 field)=0  (0=not populated, >0=device may dual-sense)
2026-03-11 12:20:55,900 [INFO]   📡 HR: {'measure_type': 2, 'heart_rate': 70, 'spo2': 0}
2026-03-11 12:20:56,889 [INFO] ← RX [16b] cmd=0x28  crc_recv=0xca  crc_calc=0xca  raw=28 02 46 00 4c 0e 00 00 00 00 00 00 00 00 00 ca
2026-03-11 12:20:56,889 [INFO]   🔬 HR mode raw packet — HR=70  CC(SpO2 field)=0  (0=not populated, >0=device may dual-sense)
2026-03-11 12:20:56,890 [INFO]   📡 HR: {'measure_type': 2, 'heart_rate': 70, 'spo2': 0}
2026-03-11 12:20:57,879 [INFO] ← RX [16b] cmd=0x28  crc_recv=0xc8  crc_calc=0xc8  raw=28 02 44 00 4c 0e 00 00 00 00 00 00 00 00 00 c8
2026-03-11 12:20:57,879 [INFO]   🔬 HR mode raw packet — HR=68  CC(SpO2 field)=0  (0=not populated, >0=device may dual-sense)
2026-03-11 12:20:57,880 [INFO]   📡 HR: {'measure_type': 2, 'heart_rate': 68, 'spo2': 0}
2026-03-11 12:20:58,869 [INFO] ← RX [16b] cmd=0x28  crc_recv=0xc9  crc_calc=0xc9  raw=28 02 45 00 4c 0e 00 00 00 00 00 00 00 00 00 c9
2026-03-11 12:20:58,869 [INFO]   🔬 HR mode raw packet — HR=69  CC(SpO2 field)=0  (0=not populated, >0=device may dual-sense)
2026-03-11 12:20:58,870 [INFO]   📡 HR: {'measure_type': 2, 'heart_rate': 69, 'spo2': 0}
2026-03-11 12:20:59,904 [INFO] ← RX [16b] cmd=0x28  crc_recv=0xcf  crc_calc=0xcf  raw=28 02 4b 00 4c 0e 00 00 00 00 00 00 00 00 00 cf
2026-03-11 12:20:59,904 [INFO]   🔬 HR mode raw packet — HR=75  CC(SpO2 field)=0  (0=not populated, >0=device may dual-sense)
2026-03-11 12:20:59,904 [INFO]   📡 HR: {'measure_type': 2, 'heart_rate': 75, 'spo2': 0}
2026-03-11 12:21:00,894 [INFO] ← RX [16b] cmd=0x28  crc_recv=0xd0  crc_calc=0xd0  raw=28 02 4c 00 4c 0e 00 00 00 00 00 00 00 00 00 d0
2026-03-11 12:21:00,894 [INFO]   🔬 HR mode raw packet — HR=76  CC(SpO2 field)=0  (0=not populated, >0=device may dual-sense)
2026-03-11 12:21:00,895 [INFO]   📡 HR: {'measure_type': 2, 'heart_rate': 76, 'spo2': 0}
2026-03-11 12:21:01,884 [INFO] ← RX [16b] cmd=0x28  crc_recv=0xd0  crc_calc=0xd0  raw=28 02 4c 00 4c 0e 00 00 00 00 00 00 00 00 00 d0
2026-03-11 12:21:01,884 [INFO]   🔬 HR mode raw packet — HR=76  CC(SpO2 field)=0  (0=not populated, >0=device may dual-sense)
2026-03-11 12:21:01,885 [INFO]   📡 HR: {'measure_type': 2, 'heart_rate': 76, 'spo2': 0}
2026-03-11 12:21:02,874 [INFO] ← RX [16b] cmd=0x28  crc_recv=0xce  crc_calc=0xce  raw=28 02 4a 00 4c 0e 00 00 00 00 00 00 00 00 00 ce
2026-03-11 12:21:02,874 [INFO]   🔬 HR mode raw packet — HR=74  CC(SpO2 field)=0  (0=not populated, >0=device may dual-sense)
2026-03-11 12:21:02,875 [INFO]   📡 HR: {'measure_type': 2, 'heart_rate': 74, 'spo2': 0}
2026-03-11 12:21:03,909 [INFO] ← RX [16b] cmd=0x28  crc_recv=0xcc  crc_calc=0xcc  raw=28 02 48 00 4c 0e 00 00 00 00 00 00 00 00 00 cc
2026-03-11 12:21:03,909 [INFO]   🔬 HR mode raw packet — HR=72  CC(SpO2 field)=0  (0=not populated, >0=device may dual-sense)
2026-03-11 12:21:03,910 [INFO]   📡 HR: {'measure_type': 2, 'heart_rate': 72, 'spo2': 0}
2026-03-11 12:21:04,899 [INFO] ← RX [16b] cmd=0x28  crc_recv=0xcb  crc_calc=0xcb  raw=28 02 47 00 4c 0e 00 00 00 00 00 00 00 00 00 cb
2026-03-11 12:21:04,899 [INFO]   🔬 HR mode raw packet — HR=71  CC(SpO2 field)=0  (0=not populated, >0=device may dual-sense)
2026-03-11 12:21:04,900 [INFO]   📡 HR: {'measure_type': 2, 'heart_rate': 71, 'spo2': 0}
2026-03-11 12:21:05,889 [INFO] ← RX [16b] cmd=0x28  crc_recv=0xcb  crc_calc=0xcb  raw=28 02 47 00 4c 0e 00 00 00 00 00 00 00 00 00 cb
2026-03-11 12:21:05,889 [INFO]   🔬 HR mode raw packet — HR=71  CC(SpO2 field)=0  (0=not populated, >0=device may dual-sense)
2026-03-11 12:21:05,890 [INFO]   📡 HR: {'measure_type': 2, 'heart_rate': 71, 'spo2': 0}
2026-03-11 12:21:06,879 [INFO] ← RX [16b] cmd=0x28  crc_recv=0xcb  crc_calc=0xcb  raw=28 02 47 00 4c 0e 00 00 00 00 00 00 00 00 00 cb
2026-03-11 12:21:06,879 [INFO]   🔬 HR mode raw packet — HR=71  CC(SpO2 field)=0  (0=not populated, >0=device may dual-sense)
2026-03-11 12:21:06,879 [INFO]   📡 HR: {'measure_type': 2, 'heart_rate': 71, 'spo2': 0}
2026-03-11 12:21:07,869 [INFO] ← RX [16b] cmd=0x28  crc_recv=0xca  crc_calc=0xca  raw=28 02 46 00 4c 0e 00 00 00 00 00 00 00 00 00 ca
2026-03-11 12:21:07,869 [INFO]   🔬 HR mode raw packet — HR=70  CC(SpO2 field)=0  (0=not populated, >0=device may dual-sense)
2026-03-11 12:21:07,870 [INFO]   📡 HR: {'measure_type': 2, 'heart_rate': 70, 'spo2': 0}
2026-03-11 12:21:08,904 [INFO] ← RX [16b] cmd=0x28  crc_recv=0xc9  crc_calc=0xc9  raw=28 02 45 00 4c 0e 00 00 00 00 00 00 00 00 00 c9
2026-03-11 12:21:08,904 [INFO]   🔬 HR mode raw packet — HR=69  CC(SpO2 field)=0  (0=not populated, >0=device may dual-sense)
2026-03-11 12:21:08,904 [INFO]   📡 HR: {'measure_type': 2, 'heart_rate': 69, 'spo2': 0}
2026-03-11 12:21:09,894 [INFO] ← RX [16b] cmd=0x28  crc_recv=0xc9  crc_calc=0xc9  raw=28 02 45 00 4c 0e 00 00 00 00 00 00 00 00 00 c9
2026-03-11 12:21:09,894 [INFO]   🔬 HR mode raw packet — HR=69  CC(SpO2 field)=0  (0=not populated, >0=device may dual-sense)
2026-03-11 12:21:09,895 [INFO]   📡 HR: {'measure_type': 2, 'heart_rate': 69, 'spo2': 0}
2026-03-11 12:21:10,884 [INFO] ← RX [16b] cmd=0x28  crc_recv=0xc9  crc_calc=0xc9  raw=28 02 45 00 4c 0e 00 00 00 00 00 00 00 00 00 c9
2026-03-11 12:21:10,884 [INFO]   🔬 HR mode raw packet — HR=69  CC(SpO2 field)=0  (0=not populated, >0=device may dual-sense)
2026-03-11 12:21:10,885 [INFO]   📡 HR: {'measure_type': 2, 'heart_rate': 69, 'spo2': 0}
2026-03-11 12:21:11,874 [INFO] ← RX [16b] cmd=0x28  crc_recv=0xc9  crc_calc=0xc9  raw=28 02 45 00 4c 0e 00 00 00 00 00 00 00 00 00 c9
2026-03-11 12:21:11,874 [INFO]   🔬 HR mode raw packet — HR=69  CC(SpO2 field)=0  (0=not populated, >0=device may dual-sense)
2026-03-11 12:21:11,875 [INFO]   📡 HR: {'measure_type': 2, 'heart_rate': 69, 'spo2': 0}
2026-03-11 12:21:12,684 [INFO] ⏹ Real-time HR stopped. 19 samples.
2026-03-11 12:21:19,412 [INFO] ▶ Real-time SpO2 started (30s)...
2026-03-11 12:21:21,909 [INFO] ← RX [16b] cmd=0x28  crc_recv=0x85  crc_calc=0x85  raw=28 03 00 00 4c 0e 00 00 00 00 00 00 00 00 00 85
2026-03-11 12:21:21,909 [WARNING]   ⚠  SpO2=0 — sensor may not be in contact yet. Raw: 28 03 00 00 4c 0e 00 00 00 00 00 00 00 00 00 85
2026-03-11 12:21:22,899 [INFO] ← RX [16b] cmd=0x28  crc_recv=0x85  crc_calc=0x85  raw=28 03 00 00 4c 0e 00 00 00 00 00 00 00 00 00 85
2026-03-11 12:21:22,899 [WARNING]   ⚠  SpO2=0 — sensor may not be in contact yet. Raw: 28 03 00 00 4c 0e 00 00 00 00 00 00 00 00 00 85
2026-03-11 12:21:23,889 [INFO] ← RX [16b] cmd=0x28  crc_recv=0x85  crc_calc=0x85  raw=28 03 00 00 4c 0e 00 00 00 00 00 00 00 00 00 85
2026-03-11 12:21:23,889 [WARNING]   ⚠  SpO2=0 — sensor may not be in contact yet. Raw: 28 03 00 00 4c 0e 00 00 00 00 00 00 00 00 00 85
2026-03-11 12:21:24,879 [INFO] ← RX [16b] cmd=0x28  crc_recv=0x85  crc_calc=0x85  raw=28 03 00 00 4c 0e 00 00 00 00 00 00 00 00 00 85
2026-03-11 12:21:24,879 [WARNING]   ⚠  SpO2=0 — sensor may not be in contact yet. Raw: 28 03 00 00 4c 0e 00 00 00 00 00 00 00 00 00 85
2026-03-11 12:21:25,868 [INFO] ← RX [16b] cmd=0x28  crc_recv=0x85  crc_calc=0x85  raw=28 03 00 00 4c 0e 00 00 00 00 00 00 00 00 00 85
2026-03-11 12:21:25,869 [WARNING]   ⚠  SpO2=0 — sensor may not be in contact yet. Raw: 28 03 00 00 4c 0e 00 00 00 00 00 00 00 00 00 85
2026-03-11 12:21:26,903 [INFO] ← RX [16b] cmd=0x28  crc_recv=0x85  crc_calc=0x85  raw=28 03 00 00 4c 0e 00 00 00 00 00 00 00 00 00 85
2026-03-11 12:21:26,904 [WARNING]   ⚠  SpO2=0 — sensor may not be in contact yet. Raw: 28 03 00 00 4c 0e 00 00 00 00 00 00 00 00 00 85
2026-03-11 12:21:27,893 [INFO] ← RX [16b] cmd=0x28  crc_recv=0x85  crc_calc=0x85  raw=28 03 00 00 4c 0e 00 00 00 00 00 00 00 00 00 85
2026-03-11 12:21:27,893 [WARNING]   ⚠  SpO2=0 — sensor may not be in contact yet. Raw: 28 03 00 00 4c 0e 00 00 00 00 00 00 00 00 00 85
2026-03-11 12:21:28,883 [INFO] ← RX [16b] cmd=0x28  crc_recv=0x85  crc_calc=0x85  raw=28 03 00 00 4c 0e 00 00 00 00 00 00 00 00 00 85
2026-03-11 12:21:28,884 [WARNING]   ⚠  SpO2=0 — sensor may not be in contact yet. Raw: 28 03 00 00 4c 0e 00 00 00 00 00 00 00 00 00 85
2026-03-11 12:21:29,873 [INFO] ← RX [16b] cmd=0x28  crc_recv=0x85  crc_calc=0x85  raw=28 03 00 00 4c 0e 00 00 00 00 00 00 00 00 00 85
2026-03-11 12:21:29,874 [WARNING]   ⚠  SpO2=0 — sensor may not be in contact yet. Raw: 28 03 00 00 4c 0e 00 00 00 00 00 00 00 00 00 85
2026-03-11 12:21:30,908 [INFO] ← RX [16b] cmd=0x28  crc_recv=0xca  crc_calc=0xca  raw=28 03 45 00 4c 0e 00 00 00 00 00 00 00 00 00 ca
2026-03-11 12:21:30,909 [WARNING]   ⚠  SpO2=0 — sensor may not be in contact yet. Raw: 28 03 45 00 4c 0e 00 00 00 00 00 00 00 00 00 ca
2026-03-11 12:21:31,898 [INFO] ← RX [16b] cmd=0x28  crc_recv=0xc9  crc_calc=0xc9  raw=28 03 44 00 4c 0e 00 00 00 00 00 00 00 00 00 c9
2026-03-11 12:21:31,899 [WARNING]   ⚠  SpO2=0 — sensor may not be in contact yet. Raw: 28 03 44 00 4c 0e 00 00 00 00 00 00 00 00 00 c9
2026-03-11 12:21:32,888 [INFO] ← RX [16b] cmd=0x28  crc_recv=0xc9  crc_calc=0xc9  raw=28 03 44 00 4c 0e 00 00 00 00 00 00 00 00 00 c9
2026-03-11 12:21:32,889 [WARNING]   ⚠  SpO2=0 — sensor may not be in contact yet. Raw: 28 03 44 00 4c 0e 00 00 00 00 00 00 00 00 00 c9
2026-03-11 12:21:33,878 [INFO] ← RX [16b] cmd=0x28  crc_recv=0xc9  crc_calc=0xc9  raw=28 03 44 00 4c 0e 00 00 00 00 00 00 00 00 00 c9
2026-03-11 12:21:33,879 [WARNING]   ⚠  SpO2=0 — sensor may not be in contact yet. Raw: 28 03 44 00 4c 0e 00 00 00 00 00 00 00 00 00 c9
2026-03-11 12:21:34,868 [INFO] ← RX [16b] cmd=0x28  crc_recv=0xc9  crc_calc=0xc9  raw=28 03 44 00 4c 0e 00 00 00 00 00 00 00 00 00 c9
2026-03-11 12:21:34,870 [WARNING]   ⚠  SpO2=0 — sensor may not be in contact yet. Raw: 28 03 44 00 4c 0e 00 00 00 00 00 00 00 00 00 c9
2026-03-11 12:21:35,903 [INFO] ← RX [16b] cmd=0x28  crc_recv=0xca  crc_calc=0xca  raw=28 03 45 00 4c 0e 00 00 00 00 00 00 00 00 00 ca
2026-03-11 12:21:35,904 [WARNING]   ⚠  SpO2=0 — sensor may not be in contact yet. Raw: 28 03 45 00 4c 0e 00 00 00 00 00 00 00 00 00 ca
2026-03-11 12:21:36,893 [INFO] ← RX [16b] cmd=0x28  crc_recv=0xd0  crc_calc=0xd0  raw=28 03 4b 00 4c 0e 00 00 00 00 00 00 00 00 00 d0
2026-03-11 12:21:36,894 [WARNING]   ⚠  SpO2=0 — sensor may not be in contact yet. Raw: 28 03 4b 00 4c 0e 00 00 00 00 00 00 00 00 00 d0
2026-03-11 12:21:37,883 [INFO] ← RX [16b] cmd=0x28  crc_recv=0xcf  crc_calc=0xcf  raw=28 03 4a 00 4c 0e 00 00 00 00 00 00 00 00 00 cf
2026-03-11 12:21:37,884 [WARNING]   ⚠  SpO2=0 — sensor may not be in contact yet. Raw: 28 03 4a 00 4c 0e 00 00 00 00 00 00 00 00 00 cf
2026-03-11 12:21:38,873 [INFO] ← RX [16b] cmd=0x28  crc_recv=0xcf  crc_calc=0xcf  raw=28 03 4a 00 4c 0e 00 00 00 00 00 00 00 00 00 cf
2026-03-11 12:21:38,874 [WARNING]   ⚠  SpO2=0 — sensor may not be in contact yet. Raw: 28 03 4a 00 4c 0e 00 00 00 00 00 00 00 00 00 cf
2026-03-11 12:21:39,908 [INFO] ← RX [16b] cmd=0x28  crc_recv=0xce  crc_calc=0xce  raw=28 03 49 00 4c 0e 00 00 00 00 00 00 00 00 00 ce
2026-03-11 12:21:39,909 [WARNING]   ⚠  SpO2=0 — sensor may not be in contact yet. Raw: 28 03 49 00 4c 0e 00 00 00 00 00 00 00 00 00 ce
2026-03-11 12:21:40,898 [INFO] ← RX [16b] cmd=0x28  crc_recv=0xcd  crc_calc=0xcd  raw=28 03 48 00 4c 0e 00 00 00 00 00 00 00 00 00 cd
2026-03-11 12:21:40,899 [WARNING]   ⚠  SpO2=0 — sensor may not be in contact yet. Raw: 28 03 48 00 4c 0e 00 00 00 00 00 00 00 00 00 cd
2026-03-11 12:21:41,888 [INFO] ← RX [16b] cmd=0x28  crc_recv=0xcb  crc_calc=0xcb  raw=28 03 46 00 4c 0e 00 00 00 00 00 00 00 00 00 cb
2026-03-11 12:21:41,889 [WARNING]   ⚠  SpO2=0 — sensor may not be in contact yet. Raw: 28 03 46 00 4c 0e 00 00 00 00 00 00 00 00 00 cb
2026-03-11 12:21:42,878 [INFO] ← RX [16b] cmd=0x28  crc_recv=0xcb  crc_calc=0xcb  raw=28 03 46 00 4c 0e 00 00 00 00 00 00 00 00 00 cb
2026-03-11 12:21:42,878 [WARNING]   ⚠  SpO2=0 — sensor may not be in contact yet. Raw: 28 03 46 00 4c 0e 00 00 00 00 00 00 00 00 00 cb
2026-03-11 12:21:43,868 [INFO] ← RX [16b] cmd=0x28  crc_recv=0xca  crc_calc=0xca  raw=28 03 45 00 4c 0e 00 00 00 00 00 00 00 00 00 ca
2026-03-11 12:21:43,869 [WARNING]   ⚠  SpO2=0 — sensor may not be in contact yet. Raw: 28 03 45 00 4c 0e 00 00 00 00 00 00 00 00 00 ca
2026-03-11 12:21:44,903 [INFO] ← RX [16b] cmd=0x28  crc_recv=0x2b  crc_calc=0x2b  raw=28 03 45 61 4c 0e 00 00 00 00 00 00 00 00 00 2b
2026-03-11 12:21:44,903 [INFO]   📡 SpO2: {'measure_type': 3, 'heart_rate': 69, 'spo2': 97}
2026-03-11 12:21:45,893 [INFO] ← RX [16b] cmd=0x28  crc_recv=0x2a  crc_calc=0x2a  raw=28 03 44 61 4c 0e 00 00 00 00 00 00 00 00 00 2a
2026-03-11 12:21:45,894 [INFO]   📡 SpO2: {'measure_type': 3, 'heart_rate': 68, 'spo2': 97}
2026-03-11 12:21:46,883 [INFO] ← RX [16b] cmd=0x28  crc_recv=0x29  crc_calc=0x29  raw=28 03 44 60 4c 0e 00 00 00 00 00 00 00 00 00 29
2026-03-11 12:21:46,884 [INFO]   📡 SpO2: {'measure_type': 3, 'heart_rate': 68, 'spo2': 96}
2026-03-11 12:21:47,873 [INFO] ← RX [16b] cmd=0x28  crc_recv=0x28  crc_calc=0x28  raw=28 03 43 60 4c 0e 00 00 00 00 00 00 00 00 00 28
2026-03-11 12:21:47,873 [INFO]   📡 SpO2: {'measure_type': 3, 'heart_rate': 67, 'spo2': 96}
2026-03-11 12:21:48,908 [INFO] ← RX [16b] cmd=0x28  crc_recv=0x28  crc_calc=0x28  raw=28 03 43 60 4c 0e 00 00 00 00 00 00 00 00 00 28
2026-03-11 12:21:48,908 [INFO]   📡 SpO2: {'measure_type': 3, 'heart_rate': 67, 'spo2': 96}
2026-03-11 12:21:49,414 [INFO] ⏹ Real-time SpO2 stopped. 5 samples.
2026-03-11 12:48:07,010 [INFO] Disconnected.
2026-03-11 13:04:47,341 [INFO] Connecting to CE:68:27:E4:9F:D0...
2026-03-11 13:04:52,416 [INFO] Connected ✓  (notifications enabled)
2026-03-11 13:05:05,368 [INFO] 🌡  Warming up sensor (5s HR mode) before HRV...
2026-03-11 13:05:08,159 [INFO] ← RX [16b] cmd=0x28  crc_recv=0x2a  crc_calc=0x2a  raw=28 02 00 00 00 00 00 00 00 00 00 00 00 00 00 2a
2026-03-11 13:05:09,065 [INFO] ← RX [16b] cmd=0x28  crc_recv=0x90  crc_calc=0x90  raw=28 02 00 00 3b 2b 00 00 00 00 00 00 00 00 00 90
2026-03-11 13:05:10,055 [INFO] ← RX [16b] cmd=0x28  crc_recv=0x90  crc_calc=0x90  raw=28 02 00 00 3b 2b 00 00 00 00 00 00 00 00 00 90
2026-03-11 13:05:10,676 [INFO] ▶ HRV measurement started (60s)...
2026-03-11 13:05:12,080 [INFO] ← RX [16b] cmd=0x28  crc_recv=0x8f  crc_calc=0x8f  raw=28 01 00 00 3b 2b 00 00 00 00 00 00 00 00 00 8f
2026-03-11 13:05:12,081 [INFO]   🧠 HRV raw [2026-03-11T13:05:12.081] — type=1 hrv=0 spo2=0 fatigue=0 sbp=0 dbp=0  raw=28 01 00 00 3b 2b 00 00 00 00 00 00 00 00 00 8f
2026-03-11 13:05:13,070 [INFO] ← RX [16b] cmd=0x28  crc_recv=0x8f  crc_calc=0x8f  raw=28 01 00 00 3b 2b 00 00 00 00 00 00 00 00 00 8f
2026-03-11 13:05:13,071 [INFO]   🧠 HRV raw [2026-03-11T13:05:13.071] — type=1 hrv=0 spo2=0 fatigue=0 sbp=0 dbp=0  raw=28 01 00 00 3b 2b 00 00 00 00 00 00 00 00 00 8f
2026-03-11 13:06:10,728 [INFO] ⏹ HRV stopped. 2 samples received.
2026-03-11 13:06:10,728 [INFO]   Sample rate: ~0.03 samples/sec  (1 sample = point-in-time, multiple = device updates as it refines)
2026-03-11 13:06:32,543 [INFO] ▶ Real-time HR started (60s)...
2026-03-11 13:06:35,411 [INFO] ← RX [16b] cmd=0x28  crc_recv=0x90  crc_calc=0x90  raw=28 02 00 00 3b 2b 00 00 00 00 00 00 00 00 00 90
2026-03-11 13:06:35,411 [INFO]   🔬 HR mode raw packet — HR=0  CC(SpO2 field)=0  (0=not populated, >0=device may dual-sense)
2026-03-11 13:06:35,412 [WARNING]   ⚠  HR=0 — sensor may not be in contact yet. Raw: 28 02 00 00 3b 2b 00 00 00 00 00 00 00 00 00 90
2026-03-11 13:06:36,069 [INFO] ← RX [16b] cmd=0x28  crc_recv=0x90  crc_calc=0x90  raw=28 02 00 00 3b 2b 00 00 00 00 00 00 00 00 00 90
2026-03-11 13:06:36,069 [INFO]   🔬 HR mode raw packet — HR=0  CC(SpO2 field)=0  (0=not populated, >0=device may dual-sense)
2026-03-11 13:06:36,070 [WARNING]   ⚠  HR=0 — sensor may not be in contact yet. Raw: 28 02 00 00 3b 2b 00 00 00 00 00 00 00 00 00 90
2026-03-11 13:06:37,194 [INFO] ← RX [16b] cmd=0x28  crc_recv=0x90  crc_calc=0x90  raw=28 02 00 00 3b 2b 00 00 00 00 00 00 00 00 00 90
2026-03-11 13:06:37,195 [INFO]   🔬 HR mode raw packet — HR=0  CC(SpO2 field)=0  (0=not populated, >0=device may dual-sense)
2026-03-11 13:06:37,195 [WARNING]   ⚠  HR=0 — sensor may not be in contact yet. Raw: 28 02 00 00 3b 2b 00 00 00 00 00 00 00 00 00 90
2026-03-11 13:06:38,319 [INFO] ← RX [16b] cmd=0x28  crc_recv=0x90  crc_calc=0x90  raw=28 02 00 00 3b 2b 00 00 00 00 00 00 00 00 00 90
2026-03-11 13:06:38,320 [INFO]   🔬 HR mode raw packet — HR=0  CC(SpO2 field)=0  (0=not populated, >0=device may dual-sense)
2026-03-11 13:06:38,320 [WARNING]   ⚠  HR=0 — sensor may not be in contact yet. Raw: 28 02 00 00 3b 2b 00 00 00 00 00 00 00 00 00 90
2026-03-11 13:06:39,069 [INFO] ← RX [16b] cmd=0x28  crc_recv=0x90  crc_calc=0x90  raw=28 02 00 00 3b 2b 00 00 00 00 00 00 00 00 00 90
2026-03-11 13:06:39,070 [INFO]   🔬 HR mode raw packet — HR=0  CC(SpO2 field)=0  (0=not populated, >0=device may dual-sense)
2026-03-11 13:06:39,070 [WARNING]   ⚠  HR=0 — sensor may not be in contact yet. Raw: 28 02 00 00 3b 2b 00 00 00 00 00 00 00 00 00 90
2026-03-11 13:06:40,194 [INFO] ← RX [16b] cmd=0x28  crc_recv=0x90  crc_calc=0x90  raw=28 02 00 00 3b 2b 00 00 00 00 00 00 00 00 00 90
2026-03-11 13:06:40,195 [INFO]   🔬 HR mode raw packet — HR=0  CC(SpO2 field)=0  (0=not populated, >0=device may dual-sense)
2026-03-11 13:06:40,195 [WARNING]   ⚠  HR=0 — sensor may not be in contact yet. Raw: 28 02 00 00 3b 2b 00 00 00 00 00 00 00 00 00 90
2026-03-11 13:06:41,320 [INFO] ← RX [16b] cmd=0x28  crc_recv=0x90  crc_calc=0x90  raw=28 02 00 00 3b 2b 00 00 00 00 00 00 00 00 00 90
2026-03-11 13:06:41,321 [INFO]   🔬 HR mode raw packet — HR=0  CC(SpO2 field)=0  (0=not populated, >0=device may dual-sense)
2026-03-11 13:06:41,321 [WARNING]   ⚠  HR=0 — sensor may not be in contact yet. Raw: 28 02 00 00 3b 2b 00 00 00 00 00 00 00 00 00 90
2026-03-11 13:06:42,069 [INFO] ← RX [16b] cmd=0x28  crc_recv=0x90  crc_calc=0x90  raw=28 02 00 00 3b 2b 00 00 00 00 00 00 00 00 00 90
2026-03-11 13:06:42,069 [INFO]   🔬 HR mode raw packet — HR=0  CC(SpO2 field)=0  (0=not populated, >0=device may dual-sense)
2026-03-11 13:06:42,070 [WARNING]   ⚠  HR=0 — sensor may not be in contact yet. Raw: 28 02 00 00 3b 2b 00 00 00 00 00 00 00 00 00 90
2026-03-11 13:06:43,194 [INFO] ← RX [16b] cmd=0x28  crc_recv=0x90  crc_calc=0x90  raw=28 02 00 00 3b 2b 00 00 00 00 00 00 00 00 00 90
2026-03-11 13:06:43,195 [INFO]   🔬 HR mode raw packet — HR=0  CC(SpO2 field)=0  (0=not populated, >0=device may dual-sense)
2026-03-11 13:06:43,195 [WARNING]   ⚠  HR=0 — sensor may not be in contact yet. Raw: 28 02 00 00 3b 2b 00 00 00 00 00 00 00 00 00 90
2026-03-11 13:06:44,319 [INFO] ← RX [16b] cmd=0x28  crc_recv=0xd1  crc_calc=0xd1  raw=28 02 41 00 3b 2b 00 00 00 00 00 00 00 00 00 d1
2026-03-11 13:06:44,320 [INFO]   🔬 HR mode raw packet — HR=65  CC(SpO2 field)=0  (0=not populated, >0=device may dual-sense)
2026-03-11 13:06:44,320 [INFO]   📡 HR: {'measure_type': 2, 'heart_rate': 65, 'spo2': 0}
2026-03-11 13:06:45,069 [INFO] ← RX [16b] cmd=0x28  crc_recv=0xd1  crc_calc=0xd1  raw=28 02 41 00 3b 2b 00 00 00 00 00 00 00 00 00 d1
2026-03-11 13:06:45,070 [INFO]   🔬 HR mode raw packet — HR=65  CC(SpO2 field)=0  (0=not populated, >0=device may dual-sense)
2026-03-11 13:06:45,077 [INFO]   📡 HR: {'measure_type': 2, 'heart_rate': 65, 'spo2': 0}
2026-03-11 13:06:46,082 [INFO] ← RX [16b] cmd=0x28  crc_recv=0xd0  crc_calc=0xd0  raw=28 02 40 00 3b 2b 00 00 00 00 00 00 00 00 00 d0
2026-03-11 13:06:46,082 [INFO]   🔬 HR mode raw packet — HR=64  CC(SpO2 field)=0  (0=not populated, >0=device may dual-sense)
2026-03-11 13:06:46,083 [INFO]   📡 HR: {'measure_type': 2, 'heart_rate': 64, 'spo2': 0}
2026-03-11 13:06:47,057 [INFO] ← RX [16b] cmd=0x28  crc_recv=0xd0  crc_calc=0xd0  raw=28 02 40 00 3b 2b 00 00 00 00 00 00 00 00 00 d0
2026-03-11 13:06:47,057 [INFO]   🔬 HR mode raw packet — HR=64  CC(SpO2 field)=0  (0=not populated, >0=device may dual-sense)
2026-03-11 13:06:47,057 [INFO]   📡 HR: {'measure_type': 2, 'heart_rate': 64, 'spo2': 0}
2026-03-11 13:06:48,070 [INFO] ← RX [16b] cmd=0x28  crc_recv=0xcf  crc_calc=0xcf  raw=28 02 3f 00 3b 2b 00 00 00 00 00 00 00 00 00 cf
2026-03-11 13:06:48,070 [INFO]   🔬 HR mode raw packet — HR=63  CC(SpO2 field)=0  (0=not populated, >0=device may dual-sense)
2026-03-11 13:06:48,071 [INFO]   📡 HR: {'measure_type': 2, 'heart_rate': 63, 'spo2': 0}
2026-03-11 13:06:49,082 [INFO] ← RX [16b] cmd=0x28  crc_recv=0xd0  crc_calc=0xd0  raw=28 02 40 00 3b 2b 00 00 00 00 00 00 00 00 00 d0
2026-03-11 13:06:49,082 [INFO]   🔬 HR mode raw packet — HR=64  CC(SpO2 field)=0  (0=not populated, >0=device may dual-sense)
2026-03-11 13:06:49,082 [INFO]   📡 HR: {'measure_type': 2, 'heart_rate': 64, 'spo2': 0}
2026-03-11 13:06:50,057 [INFO] ← RX [16b] cmd=0x28  crc_recv=0xd9  crc_calc=0xd9  raw=28 02 49 00 3b 2b 00 00 00 00 00 00 00 00 00 d9
2026-03-11 13:06:50,057 [INFO]   🔬 HR mode raw packet — HR=73  CC(SpO2 field)=0  (0=not populated, >0=device may dual-sense)
2026-03-11 13:06:50,058 [INFO]   📡 HR: {'measure_type': 2, 'heart_rate': 73, 'spo2': 0}
2026-03-11 13:06:51,070 [INFO] ← RX [16b] cmd=0x28  crc_recv=0xd9  crc_calc=0xd9  raw=28 02 49 00 3b 2b 00 00 00 00 00 00 00 00 00 d9
2026-03-11 13:06:51,070 [INFO]   🔬 HR mode raw packet — HR=73  CC(SpO2 field)=0  (0=not populated, >0=device may dual-sense)
2026-03-11 13:06:51,071 [INFO]   📡 HR: {'measure_type': 2, 'heart_rate': 73, 'spo2': 0}
2026-03-11 13:06:52,082 [INFO] ← RX [16b] cmd=0x28  crc_recv=0xd9  crc_calc=0xd9  raw=28 02 49 00 3b 2b 00 00 00 00 00 00 00 00 00 d9
2026-03-11 13:06:52,082 [INFO]   🔬 HR mode raw packet — HR=73  CC(SpO2 field)=0  (0=not populated, >0=device may dual-sense)
2026-03-11 13:06:52,083 [INFO]   📡 HR: {'measure_type': 2, 'heart_rate': 73, 'spo2': 0}
2026-03-11 13:06:53,057 [INFO] ← RX [16b] cmd=0x28  crc_recv=0xd7  crc_calc=0xd7  raw=28 02 47 00 3b 2b 00 00 00 00 00 00 00 00 00 d7
2026-03-11 13:06:53,058 [INFO]   🔬 HR mode raw packet — HR=71  CC(SpO2 field)=0  (0=not populated, >0=device may dual-sense)
2026-03-11 13:06:53,058 [INFO]   📡 HR: {'measure_type': 2, 'heart_rate': 71, 'spo2': 0}
2026-03-11 13:06:54,070 [INFO] ← RX [16b] cmd=0x28  crc_recv=0xd5  crc_calc=0xd5  raw=28 02 45 00 3b 2b 00 00 00 00 00 00 00 00 00 d5
2026-03-11 13:06:54,070 [INFO]   🔬 HR mode raw packet — HR=69  CC(SpO2 field)=0  (0=not populated, >0=device may dual-sense)
2026-03-11 13:06:54,071 [INFO]   📡 HR: {'measure_type': 2, 'heart_rate': 69, 'spo2': 0}
2026-03-11 13:06:55,082 [INFO] ← RX [16b] cmd=0x28  crc_recv=0xd3  crc_calc=0xd3  raw=28 02 43 00 3b 2b 00 00 00 00 00 00 00 00 00 d3
2026-03-11 13:06:55,082 [INFO]   🔬 HR mode raw packet — HR=67  CC(SpO2 field)=0  (0=not populated, >0=device may dual-sense)
2026-03-11 13:06:55,083 [INFO]   📡 HR: {'measure_type': 2, 'heart_rate': 67, 'spo2': 0}
2026-03-11 13:06:56,057 [INFO] ← RX [16b] cmd=0x28  crc_recv=0xd2  crc_calc=0xd2  raw=28 02 42 00 3b 2b 00 00 00 00 00 00 00 00 00 d2
2026-03-11 13:06:56,058 [INFO]   🔬 HR mode raw packet — HR=66  CC(SpO2 field)=0  (0=not populated, >0=device may dual-sense)
2026-03-11 13:06:56,058 [INFO]   📡 HR: {'measure_type': 2, 'heart_rate': 66, 'spo2': 0}
2026-03-11 13:06:57,070 [INFO] ← RX [16b] cmd=0x28  crc_recv=0xd2  crc_calc=0xd2  raw=28 02 42 00 3b 2b 00 00 00 00 00 00 00 00 00 d2
2026-03-11 13:06:57,070 [INFO]   🔬 HR mode raw packet — HR=66  CC(SpO2 field)=0  (0=not populated, >0=device may dual-sense)
2026-03-11 13:06:57,071 [INFO]   📡 HR: {'measure_type': 2, 'heart_rate': 66, 'spo2': 0}
2026-03-11 13:06:58,083 [INFO] ← RX [16b] cmd=0x28  crc_recv=0xd2  crc_calc=0xd2  raw=28 02 42 00 3b 2b 00 00 00 00 00 00 00 00 00 d2
2026-03-11 13:06:58,083 [INFO]   🔬 HR mode raw packet — HR=66  CC(SpO2 field)=0  (0=not populated, >0=device may dual-sense)
2026-03-11 13:06:58,083 [INFO]   📡 HR: {'measure_type': 2, 'heart_rate': 66, 'spo2': 0}
2026-03-11 13:06:59,058 [INFO] ← RX [16b] cmd=0x28  crc_recv=0xd2  crc_calc=0xd2  raw=28 02 42 00 3b 2b 00 00 00 00 00 00 00 00 00 d2
2026-03-11 13:06:59,058 [INFO]   🔬 HR mode raw packet — HR=66  CC(SpO2 field)=0  (0=not populated, >0=device may dual-sense)
2026-03-11 13:06:59,058 [INFO]   📡 HR: {'measure_type': 2, 'heart_rate': 66, 'spo2': 0}
2026-03-11 13:07:00,108 [INFO] ← RX [16b] cmd=0x28  crc_recv=0xd2  crc_calc=0xd2  raw=28 02 42 00 3b 2b 00 00 00 00 00 00 00 00 00 d2
2026-03-11 13:07:00,108 [INFO]   🔬 HR mode raw packet — HR=66  CC(SpO2 field)=0  (0=not populated, >0=device may dual-sense)
2026-03-11 13:07:00,108 [INFO]   📡 HR: {'measure_type': 2, 'heart_rate': 66, 'spo2': 0}
2026-03-11 13:07:01,083 [INFO] ← RX [16b] cmd=0x28  crc_recv=0xd1  crc_calc=0xd1  raw=28 02 41 00 3b 2b 00 00 00 00 00 00 00 00 00 d1
2026-03-11 13:07:01,083 [INFO]   🔬 HR mode raw packet — HR=65  CC(SpO2 field)=0  (0=not populated, >0=device may dual-sense)
2026-03-11 13:07:01,083 [INFO]   📡 HR: {'measure_type': 2, 'heart_rate': 65, 'spo2': 0}
2026-03-11 13:07:02,058 [INFO] ← RX [16b] cmd=0x28  crc_recv=0xd1  crc_calc=0xd1  raw=28 02 41 00 3b 2b 00 00 00 00 00 00 00 00 00 d1
2026-03-11 13:07:02,058 [INFO]   🔬 HR mode raw packet — HR=65  CC(SpO2 field)=0  (0=not populated, >0=device may dual-sense)
2026-03-11 13:07:02,059 [INFO]   📡 HR: {'measure_type': 2, 'heart_rate': 65, 'spo2': 0}
2026-03-11 13:07:03,070 [INFO] ← RX [16b] cmd=0x28  crc_recv=0xd1  crc_calc=0xd1  raw=28 02 41 00 3b 2b 00 00 00 00 00 00 00 00 00 d1
2026-03-11 13:07:03,070 [INFO]   🔬 HR mode raw packet — HR=65  CC(SpO2 field)=0  (0=not populated, >0=device may dual-sense)
2026-03-11 13:07:03,071 [INFO]   📡 HR: {'measure_type': 2, 'heart_rate': 65, 'spo2': 0}
2026-03-11 13:07:04,083 [INFO] ← RX [16b] cmd=0x28  crc_recv=0xd1  crc_calc=0xd1  raw=28 02 41 00 3b 2b 00 00 00 00 00 00 00 00 00 d1
2026-03-11 13:07:04,083 [INFO]   🔬 HR mode raw packet — HR=65  CC(SpO2 field)=0  (0=not populated, >0=device may dual-sense)
2026-03-11 13:07:04,084 [INFO]   📡 HR: {'measure_type': 2, 'heart_rate': 65, 'spo2': 0}
2026-03-11 13:07:05,058 [INFO] ← RX [16b] cmd=0x28  crc_recv=0xd0  crc_calc=0xd0  raw=28 02 40 00 3b 2b 00 00 00 00 00 00 00 00 00 d0
2026-03-11 13:07:05,058 [INFO]   🔬 HR mode raw packet — HR=64  CC(SpO2 field)=0  (0=not populated, >0=device may dual-sense)
2026-03-11 13:07:05,059 [INFO]   📡 HR: {'measure_type': 2, 'heart_rate': 64, 'spo2': 0}
2026-03-11 13:07:06,070 [INFO] ← RX [16b] cmd=0x28  crc_recv=0xd0  crc_calc=0xd0  raw=28 02 40 00 3b 2b 00 00 00 00 00 00 00 00 00 d0
2026-03-11 13:07:06,071 [INFO]   🔬 HR mode raw packet — HR=64  CC(SpO2 field)=0  (0=not populated, >0=device may dual-sense)
2026-03-11 13:07:06,071 [INFO]   📡 HR: {'measure_type': 2, 'heart_rate': 64, 'spo2': 0}
2026-03-11 13:07:07,083 [INFO] ← RX [16b] cmd=0x28  crc_recv=0xd0  crc_calc=0xd0  raw=28 02 40 00 3b 2b 00 00 00 00 00 00 00 00 00 d0
2026-03-11 13:07:07,084 [INFO]   🔬 HR mode raw packet — HR=64  CC(SpO2 field)=0  (0=not populated, >0=device may dual-sense)
2026-03-11 13:07:07,092 [INFO]   📡 HR: {'measure_type': 2, 'heart_rate': 64, 'spo2': 0}
2026-03-11 13:07:08,058 [INFO] ← RX [16b] cmd=0x28  crc_recv=0xd0  crc_calc=0xd0  raw=28 02 40 00 3b 2b 00 00 00 00 00 00 00 00 00 d0
2026-03-11 13:07:08,058 [INFO]   🔬 HR mode raw packet — HR=64  CC(SpO2 field)=0  (0=not populated, >0=device may dual-sense)
2026-03-11 13:07:08,059 [INFO]   📡 HR: {'measure_type': 2, 'heart_rate': 64, 'spo2': 0}
2026-03-11 13:07:09,070 [INFO] ← RX [16b] cmd=0x28  crc_recv=0xcf  crc_calc=0xcf  raw=28 02 3f 00 3b 2b 00 00 00 00 00 00 00 00 00 cf
2026-03-11 13:07:09,071 [INFO]   🔬 HR mode raw packet — HR=63  CC(SpO2 field)=0  (0=not populated, >0=device may dual-sense)
2026-03-11 13:07:09,071 [INFO]   📡 HR: {'measure_type': 2, 'heart_rate': 63, 'spo2': 0}
2026-03-11 13:07:10,083 [INFO] ← RX [16b] cmd=0x28  crc_recv=0xcf  crc_calc=0xcf  raw=28 02 3f 00 3b 2b 00 00 00 00 00 00 00 00 00 cf
2026-03-11 13:07:10,083 [INFO]   🔬 HR mode raw packet — HR=63  CC(SpO2 field)=0  (0=not populated, >0=device may dual-sense)
2026-03-11 13:07:10,084 [INFO]   📡 HR: {'measure_type': 2, 'heart_rate': 63, 'spo2': 0}
2026-03-11 13:07:11,058 [INFO] ← RX [16b] cmd=0x28  crc_recv=0xcf  crc_calc=0xcf  raw=28 02 3f 00 3b 2b 00 00 00 00 00 00 00 00 00 cf
2026-03-11 13:07:11,059 [INFO]   🔬 HR mode raw packet — HR=63  CC(SpO2 field)=0  (0=not populated, >0=device may dual-sense)
2026-03-11 13:07:11,059 [INFO]   📡 HR: {'measure_type': 2, 'heart_rate': 63, 'spo2': 0}
2026-03-11 13:07:12,071 [INFO] ← RX [16b] cmd=0x28  crc_recv=0xcf  crc_calc=0xcf  raw=28 02 3f 00 3b 2b 00 00 00 00 00 00 00 00 00 cf
2026-03-11 13:07:12,071 [INFO]   🔬 HR mode raw packet — HR=63  CC(SpO2 field)=0  (0=not populated, >0=device may dual-sense)
2026-03-11 13:07:12,071 [INFO]   📡 HR: {'measure_type': 2, 'heart_rate': 63, 'spo2': 0}
2026-03-11 13:07:13,083 [INFO] ← RX [16b] cmd=0x28  crc_recv=0xcf  crc_calc=0xcf  raw=28 02 3f 00 3b 2b 00 00 00 00 00 00 00 00 00 cf
2026-03-11 13:07:13,083 [INFO]   🔬 HR mode raw packet — HR=63  CC(SpO2 field)=0  (0=not populated, >0=device may dual-sense)
2026-03-11 13:07:13,083 [INFO]   📡 HR: {'measure_type': 2, 'heart_rate': 63, 'spo2': 0}
2026-03-11 13:07:14,058 [INFO] ← RX [16b] cmd=0x28  crc_recv=0xcf  crc_calc=0xcf  raw=28 02 3f 00 3b 2b 00 00 00 00 00 00 00 00 00 cf
2026-03-11 13:07:14,059 [INFO]   🔬 HR mode raw packet — HR=63  CC(SpO2 field)=0  (0=not populated, >0=device may dual-sense)
2026-03-11 13:07:14,059 [INFO]   📡 HR: {'measure_type': 2, 'heart_rate': 63, 'spo2': 0}
2026-03-11 13:07:14,059 [INFO] ← RX [16b] cmd=0x28  crc_recv=0x27  crc_calc=0x27  raw=28 ff 00 00 00 00 00 00 00 00 00 00 00 00 00 27
2026-03-11 13:07:32,558 [INFO] ⏹ Real-time HR stopped. 31 samples.
2026-03-11 13:07:40,505 [INFO] 🌡  Warming up sensor (5s HR mode) before HRV...
2026-03-11 13:07:43,084 [INFO] ← RX [16b] cmd=0x28  crc_recv=0x90  crc_calc=0x90  raw=28 02 00 00 3b 2b 00 00 00 00 00 00 00 00 00 90
2026-03-11 13:07:44,060 [INFO] ← RX [16b] cmd=0x28  crc_recv=0x90  crc_calc=0x90  raw=28 02 00 00 3b 2b 00 00 00 00 00 00 00 00 00 90
2026-03-11 13:07:45,072 [INFO] ← RX [16b] cmd=0x28  crc_recv=0x90  crc_calc=0x90  raw=28 02 00 00 3b 2b 00 00 00 00 00 00 00 00 00 90
2026-03-11 13:07:45,813 [INFO] ▶ HRV measurement started (60s)...
2026-03-11 13:07:49,171 [INFO] ← RX [16b] cmd=0x28  crc_recv=0x29  crc_calc=0x29  raw=28 01 00 00 00 00 00 00 00 00 00 00 00 00 00 29
2026-03-11 13:07:49,171 [INFO]   🧠 HRV raw [2026-03-11T13:07:49.171] — type=1 hrv=0 spo2=0 fatigue=0 sbp=0 dbp=0  raw=28 01 00 00 00 00 00 00 00 00 00 00 00 00 00 29
2026-03-11 13:07:50,060 [INFO] ← RX [16b] cmd=0x28  crc_recv=0x29  crc_calc=0x29  raw=28 01 00 00 00 00 00 00 00 00 00 00 00 00 00 29
2026-03-11 13:07:50,060 [INFO]   🧠 HRV raw [2026-03-11T13:07:50.060] — type=1 hrv=0 spo2=0 fatigue=0 sbp=0 dbp=0  raw=28 01 00 00 00 00 00 00 00 00 00 00 00 00 00 29
2026-03-11 13:07:51,072 [INFO] ← RX [16b] cmd=0x28  crc_recv=0x29  crc_calc=0x29  raw=28 01 00 00 00 00 00 00 00 00 00 00 00 00 00 29
2026-03-11 13:07:51,073 [INFO]   🧠 HRV raw [2026-03-11T13:07:51.073] — type=1 hrv=0 spo2=0 fatigue=0 sbp=0 dbp=0  raw=28 01 00 00 00 00 00 00 00 00 00 00 00 00 00 29
2026-03-11 13:07:52,085 [INFO] ← RX [16b] cmd=0x28  crc_recv=0x29  crc_calc=0x29  raw=28 01 00 00 00 00 00 00 00 00 00 00 00 00 00 29
2026-03-11 13:07:52,085 [INFO]   🧠 HRV raw [2026-03-11T13:07:52.085] — type=1 hrv=0 spo2=0 fatigue=0 sbp=0 dbp=0  raw=28 01 00 00 00 00 00 00 00 00 00 00 00 00 00 29
2026-03-11 13:07:53,097 [INFO] ← RX [16b] cmd=0x28  crc_recv=0x29  crc_calc=0x29  raw=28 01 00 00 00 00 00 00 00 00 00 00 00 00 00 29
2026-03-11 13:07:53,097 [INFO]   🧠 HRV raw [2026-03-11T13:07:53.097] — type=1 hrv=0 spo2=0 fatigue=0 sbp=0 dbp=0  raw=28 01 00 00 00 00 00 00 00 00 00 00 00 00 00 29
2026-03-11 13:07:54,073 [INFO] ← RX [16b] cmd=0x28  crc_recv=0x29  crc_calc=0x29  raw=28 01 00 00 00 00 00 00 00 00 00 00 00 00 00 29
2026-03-11 13:07:54,073 [INFO]   🧠 HRV raw [2026-03-11T13:07:54.073] — type=1 hrv=0 spo2=0 fatigue=0 sbp=0 dbp=0  raw=28 01 00 00 00 00 00 00 00 00 00 00 00 00 00 29
2026-03-11 13:07:55,085 [INFO] ← RX [16b] cmd=0x28  crc_recv=0x29  crc_calc=0x29  raw=28 01 00 00 00 00 00 00 00 00 00 00 00 00 00 29
2026-03-11 13:07:55,086 [INFO]   🧠 HRV raw [2026-03-11T13:07:55.086] — type=1 hrv=0 spo2=0 fatigue=0 sbp=0 dbp=0  raw=28 01 00 00 00 00 00 00 00 00 00 00 00 00 00 29
2026-03-11 13:07:56,060 [INFO] ← RX [16b] cmd=0x28  crc_recv=0x29  crc_calc=0x29  raw=28 01 00 00 00 00 00 00 00 00 00 00 00 00 00 29
2026-03-11 13:07:56,060 [INFO]   🧠 HRV raw [2026-03-11T13:07:56.060] — type=1 hrv=0 spo2=0 fatigue=0 sbp=0 dbp=0  raw=28 01 00 00 00 00 00 00 00 00 00 00 00 00 00 29
2026-03-11 13:07:57,073 [INFO] ← RX [16b] cmd=0x28  crc_recv=0x29  crc_calc=0x29  raw=28 01 00 00 00 00 00 00 00 00 00 00 00 00 00 29
2026-03-11 13:07:57,073 [INFO]   🧠 HRV raw [2026-03-11T13:07:57.073] — type=1 hrv=0 spo2=0 fatigue=0 sbp=0 dbp=0  raw=28 01 00 00 00 00 00 00 00 00 00 00 00 00 00 29
2026-03-11 13:07:58,085 [INFO] ← RX [16b] cmd=0x28  crc_recv=0x29  crc_calc=0x29  raw=28 01 00 00 00 00 00 00 00 00 00 00 00 00 00 29
2026-03-11 13:07:58,085 [INFO]   🧠 HRV raw [2026-03-11T13:07:58.085] — type=1 hrv=0 spo2=0 fatigue=0 sbp=0 dbp=0  raw=28 01 00 00 00 00 00 00 00 00 00 00 00 00 00 29
2026-03-11 13:07:59,060 [INFO] ← RX [16b] cmd=0x28  crc_recv=0x66  crc_calc=0x66  raw=28 01 3d 00 00 00 00 00 00 00 00 00 00 00 00 66
2026-03-11 13:07:59,061 [INFO]   🧠 HRV raw [2026-03-11T13:07:59.061] — type=1 hrv=61 spo2=0 fatigue=0 sbp=0 dbp=0  raw=28 01 3d 00 00 00 00 00 00 00 00 00 00 00 00 66
2026-03-11 13:08:00,073 [INFO] ← RX [16b] cmd=0x28  crc_recv=0x65  crc_calc=0x65  raw=28 01 3c 00 00 00 00 00 00 00 00 00 00 00 00 65
2026-03-11 13:08:00,073 [INFO]   🧠 HRV raw [2026-03-11T13:08:00.073] — type=1 hrv=60 spo2=0 fatigue=0 sbp=0 dbp=0  raw=28 01 3c 00 00 00 00 00 00 00 00 00 00 00 00 65
2026-03-11 13:08:01,085 [INFO] ← RX [16b] cmd=0x28  crc_recv=0x65  crc_calc=0x65  raw=28 01 3c 00 00 00 00 00 00 00 00 00 00 00 00 65
2026-03-11 13:08:01,086 [INFO]   🧠 HRV raw [2026-03-11T13:08:01.086] — type=1 hrv=60 spo2=0 fatigue=0 sbp=0 dbp=0  raw=28 01 3c 00 00 00 00 00 00 00 00 00 00 00 00 65
2026-03-11 13:08:02,060 [INFO] ← RX [16b] cmd=0x28  crc_recv=0x65  crc_calc=0x65  raw=28 01 3c 00 00 00 00 00 00 00 00 00 00 00 00 65
2026-03-11 13:08:02,060 [INFO]   🧠 HRV raw [2026-03-11T13:08:02.060] — type=1 hrv=60 spo2=0 fatigue=0 sbp=0 dbp=0  raw=28 01 3c 00 00 00 00 00 00 00 00 00 00 00 00 65
2026-03-11 13:08:03,073 [INFO] ← RX [16b] cmd=0x28  crc_recv=0x6d  crc_calc=0x6d  raw=28 01 44 00 00 00 00 00 00 00 00 00 00 00 00 6d
2026-03-11 13:08:03,073 [INFO]   🧠 HRV raw [2026-03-11T13:08:03.073] — type=1 hrv=68 spo2=0 fatigue=0 sbp=0 dbp=0  raw=28 01 44 00 00 00 00 00 00 00 00 00 00 00 00 6d
2026-03-11 13:08:04,085 [INFO] ← RX [16b] cmd=0x28  crc_recv=0x71  crc_calc=0x71  raw=28 01 48 00 00 00 00 00 00 00 00 00 00 00 00 71
2026-03-11 13:08:04,086 [INFO]   🧠 HRV raw [2026-03-11T13:08:04.086] — type=1 hrv=72 spo2=0 fatigue=0 sbp=0 dbp=0  raw=28 01 48 00 00 00 00 00 00 00 00 00 00 00 00 71
2026-03-11 13:08:05,061 [INFO] ← RX [16b] cmd=0x28  crc_recv=0x71  crc_calc=0x71  raw=28 01 48 00 00 00 00 00 00 00 00 00 00 00 00 71
2026-03-11 13:08:05,061 [INFO]   🧠 HRV raw [2026-03-11T13:08:05.061] — type=1 hrv=72 spo2=0 fatigue=0 sbp=0 dbp=0  raw=28 01 48 00 00 00 00 00 00 00 00 00 00 00 00 71
2026-03-11 13:08:06,073 [INFO] ← RX [16b] cmd=0x28  crc_recv=0x72  crc_calc=0x72  raw=28 01 49 00 00 00 00 00 00 00 00 00 00 00 00 72
2026-03-11 13:08:06,074 [INFO]   🧠 HRV raw [2026-03-11T13:08:06.074] — type=1 hrv=73 spo2=0 fatigue=0 sbp=0 dbp=0  raw=28 01 49 00 00 00 00 00 00 00 00 00 00 00 00 72
2026-03-11 13:08:07,086 [INFO] ← RX [16b] cmd=0x28  crc_recv=0x73  crc_calc=0x73  raw=28 01 4a 00 00 00 00 00 00 00 00 00 00 00 00 73
2026-03-11 13:08:07,086 [INFO]   🧠 HRV raw [2026-03-11T13:08:07.086] — type=1 hrv=74 spo2=0 fatigue=0 sbp=0 dbp=0  raw=28 01 4a 00 00 00 00 00 00 00 00 00 00 00 00 73
2026-03-11 13:08:08,061 [INFO] ← RX [16b] cmd=0x28  crc_recv=0x71  crc_calc=0x71  raw=28 01 48 00 00 00 00 00 00 00 00 00 00 00 00 71
2026-03-11 13:08:08,061 [INFO]   🧠 HRV raw [2026-03-11T13:08:08.061] — type=1 hrv=72 spo2=0 fatigue=0 sbp=0 dbp=0  raw=28 01 48 00 00 00 00 00 00 00 00 00 00 00 00 71
2026-03-11 13:08:09,073 [INFO] ← RX [16b] cmd=0x28  crc_recv=0x6f  crc_calc=0x6f  raw=28 01 46 00 00 00 00 00 00 00 00 00 00 00 00 6f
2026-03-11 13:08:09,074 [INFO]   🧠 HRV raw [2026-03-11T13:08:09.074] — type=1 hrv=70 spo2=0 fatigue=0 sbp=0 dbp=0  raw=28 01 46 00 00 00 00 00 00 00 00 00 00 00 00 6f
2026-03-11 13:08:10,086 [INFO] ← RX [16b] cmd=0x28  crc_recv=0x6b  crc_calc=0x6b  raw=28 01 42 00 00 00 00 00 00 00 00 00 00 00 00 6b
2026-03-11 13:08:10,087 [INFO]   🧠 HRV raw [2026-03-11T13:08:10.087] — type=1 hrv=66 spo2=0 fatigue=0 sbp=0 dbp=0  raw=28 01 42 00 00 00 00 00 00 00 00 00 00 00 00 6b
2026-03-11 13:08:11,061 [INFO] ← RX [16b] cmd=0x28  crc_recv=0x6a  crc_calc=0x6a  raw=28 01 41 00 00 00 00 00 00 00 00 00 00 00 00 6a
2026-03-11 13:08:11,061 [INFO]   🧠 HRV raw [2026-03-11T13:08:11.061] — type=1 hrv=65 spo2=0 fatigue=0 sbp=0 dbp=0  raw=28 01 41 00 00 00 00 00 00 00 00 00 00 00 00 6a
2026-03-11 13:08:12,073 [INFO] ← RX [16b] cmd=0x28  crc_recv=0x69  crc_calc=0x69  raw=28 01 40 00 00 00 00 00 00 00 00 00 00 00 00 69
2026-03-11 13:08:12,074 [INFO]   🧠 HRV raw [2026-03-11T13:08:12.074] — type=1 hrv=64 spo2=0 fatigue=0 sbp=0 dbp=0  raw=28 01 40 00 00 00 00 00 00 00 00 00 00 00 00 69
2026-03-11 13:08:13,086 [INFO] ← RX [16b] cmd=0x28  crc_recv=0x6a  crc_calc=0x6a  raw=28 01 41 00 00 00 00 00 00 00 00 00 00 00 00 6a
2026-03-11 13:08:13,086 [INFO]   🧠 HRV raw [2026-03-11T13:08:13.086] — type=1 hrv=65 spo2=0 fatigue=0 sbp=0 dbp=0  raw=28 01 41 00 00 00 00 00 00 00 00 00 00 00 00 6a
2026-03-11 13:08:14,061 [INFO] ← RX [16b] cmd=0x28  crc_recv=0x69  crc_calc=0x69  raw=28 01 40 00 00 00 00 00 00 00 00 00 00 00 00 69
2026-03-11 13:08:14,061 [INFO]   🧠 HRV raw [2026-03-11T13:08:14.061] — type=1 hrv=64 spo2=0 fatigue=0 sbp=0 dbp=0  raw=28 01 40 00 00 00 00 00 00 00 00 00 00 00 00 69
2026-03-11 13:08:15,073 [INFO] ← RX [16b] cmd=0x28  crc_recv=0x69  crc_calc=0x69  raw=28 01 40 00 00 00 00 00 00 00 00 00 00 00 00 69
2026-03-11 13:08:15,074 [INFO]   🧠 HRV raw [2026-03-11T13:08:15.074] — type=1 hrv=64 spo2=0 fatigue=0 sbp=0 dbp=0  raw=28 01 40 00 00 00 00 00 00 00 00 00 00 00 00 69
2026-03-11 13:08:16,124 [INFO] ← RX [16b] cmd=0x28  crc_recv=0x69  crc_calc=0x69  raw=28 01 40 00 00 00 00 00 00 00 00 00 00 00 00 69
2026-03-11 13:08:16,124 [INFO]   🧠 HRV raw [2026-03-11T13:08:16.124] — type=1 hrv=64 spo2=0 fatigue=0 sbp=0 dbp=0  raw=28 01 40 00 00 00 00 00 00 00 00 00 00 00 00 69
2026-03-11 13:08:17,061 [INFO] ← RX [16b] cmd=0x28  crc_recv=0x69  crc_calc=0x69  raw=28 01 40 00 00 00 00 00 00 00 00 00 00 00 00 69
2026-03-11 13:08:17,062 [INFO]   🧠 HRV raw [2026-03-11T13:08:17.061] — type=1 hrv=64 spo2=0 fatigue=0 sbp=0 dbp=0  raw=28 01 40 00 00 00 00 00 00 00 00 00 00 00 00 69
2026-03-11 13:08:18,074 [INFO] ← RX [16b] cmd=0x28  crc_recv=0x68  crc_calc=0x68  raw=28 01 3f 00 00 00 00 00 00 00 00 00 00 00 00 68
2026-03-11 13:08:18,074 [INFO]   🧠 HRV raw [2026-03-11T13:08:18.074] — type=1 hrv=63 spo2=0 fatigue=0 sbp=0 dbp=0  raw=28 01 3f 00 00 00 00 00 00 00 00 00 00 00 00 68
2026-03-11 13:08:19,086 [INFO] ← RX [16b] cmd=0x28  crc_recv=0x68  crc_calc=0x68  raw=28 01 3f 00 00 00 00 00 00 00 00 00 00 00 00 68
2026-03-11 13:08:19,086 [INFO]   🧠 HRV raw [2026-03-11T13:08:19.086] — type=1 hrv=63 spo2=0 fatigue=0 sbp=0 dbp=0  raw=28 01 3f 00 00 00 00 00 00 00 00 00 00 00 00 68
2026-03-11 13:08:20,061 [INFO] ← RX [16b] cmd=0x28  crc_recv=0x68  crc_calc=0x68  raw=28 01 3f 00 00 00 00 00 00 00 00 00 00 00 00 68
2026-03-11 13:08:20,062 [INFO]   🧠 HRV raw [2026-03-11T13:08:20.062] — type=1 hrv=63 spo2=0 fatigue=0 sbp=0 dbp=0  raw=28 01 3f 00 00 00 00 00 00 00 00 00 00 00 00 68
2026-03-11 13:08:21,073 [INFO] ← RX [16b] cmd=0x28  crc_recv=0x68  crc_calc=0x68  raw=28 01 3f 00 00 00 00 00 00 00 00 00 00 00 00 68
2026-03-11 13:08:21,074 [INFO]   🧠 HRV raw [2026-03-11T13:08:21.074] — type=1 hrv=63 spo2=0 fatigue=0 sbp=0 dbp=0  raw=28 01 3f 00 00 00 00 00 00 00 00 00 00 00 00 68
2026-03-11 13:08:22,086 [INFO] ← RX [16b] cmd=0x28  crc_recv=0x69  crc_calc=0x69  raw=28 01 40 00 00 00 00 00 00 00 00 00 00 00 00 69
2026-03-11 13:08:22,087 [INFO]   🧠 HRV raw [2026-03-11T13:08:22.087] — type=1 hrv=64 spo2=0 fatigue=0 sbp=0 dbp=0  raw=28 01 40 00 00 00 00 00 00 00 00 00 00 00 00 69
2026-03-11 13:08:23,061 [INFO] ← RX [16b] cmd=0x28  crc_recv=0x69  crc_calc=0x69  raw=28 01 40 00 00 00 00 00 00 00 00 00 00 00 00 69
2026-03-11 13:08:23,062 [INFO]   🧠 HRV raw [2026-03-11T13:08:23.062] — type=1 hrv=64 spo2=0 fatigue=0 sbp=0 dbp=0  raw=28 01 40 00 00 00 00 00 00 00 00 00 00 00 00 69
2026-03-11 13:08:24,074 [INFO] ← RX [16b] cmd=0x28  crc_recv=0x6a  crc_calc=0x6a  raw=28 01 41 00 00 00 00 00 00 00 00 00 00 00 00 6a
2026-03-11 13:08:24,074 [INFO]   🧠 HRV raw [2026-03-11T13:08:24.074] — type=1 hrv=65 spo2=0 fatigue=0 sbp=0 dbp=0  raw=28 01 41 00 00 00 00 00 00 00 00 00 00 00 00 6a
2026-03-11 13:08:25,086 [INFO] ← RX [16b] cmd=0x28  crc_recv=0x6b  crc_calc=0x6b  raw=28 01 42 00 00 00 00 00 00 00 00 00 00 00 00 6b
2026-03-11 13:08:25,087 [INFO]   🧠 HRV raw [2026-03-11T13:08:25.087] — type=1 hrv=66 spo2=0 fatigue=0 sbp=0 dbp=0  raw=28 01 42 00 00 00 00 00 00 00 00 00 00 00 00 6b
2026-03-11 13:08:26,061 [INFO] ← RX [16b] cmd=0x28  crc_recv=0x6b  crc_calc=0x6b  raw=28 01 42 00 00 00 00 00 00 00 00 00 00 00 00 6b
2026-03-11 13:08:26,062 [INFO]   🧠 HRV raw [2026-03-11T13:08:26.062] — type=1 hrv=66 spo2=0 fatigue=0 sbp=0 dbp=0  raw=28 01 42 00 00 00 00 00 00 00 00 00 00 00 00 6b
2026-03-11 13:08:27,074 [INFO] ← RX [16b] cmd=0x28  crc_recv=0x6b  crc_calc=0x6b  raw=28 01 42 00 00 00 00 00 00 00 00 00 00 00 00 6b
2026-03-11 13:08:27,074 [INFO]   🧠 HRV raw [2026-03-11T13:08:27.074] — type=1 hrv=66 spo2=0 fatigue=0 sbp=0 dbp=0  raw=28 01 42 00 00 00 00 00 00 00 00 00 00 00 00 6b
2026-03-11 13:08:28,087 [INFO] ← RX [16b] cmd=0x28  crc_recv=0x6b  crc_calc=0x6b  raw=28 01 42 00 00 00 00 00 00 00 00 00 00 00 00 6b
2026-03-11 13:08:28,087 [INFO]   🧠 HRV raw [2026-03-11T13:08:28.087] — type=1 hrv=66 spo2=0 fatigue=0 sbp=0 dbp=0  raw=28 01 42 00 00 00 00 00 00 00 00 00 00 00 00 6b
2026-03-11 13:08:29,062 [INFO] ← RX [16b] cmd=0x28  crc_recv=0x6b  crc_calc=0x6b  raw=28 01 42 00 00 00 00 00 00 00 00 00 00 00 00 6b
2026-03-11 13:08:29,062 [INFO]   🧠 HRV raw [2026-03-11T13:08:29.062] — type=1 hrv=66 spo2=0 fatigue=0 sbp=0 dbp=0  raw=28 01 42 00 00 00 00 00 00 00 00 00 00 00 00 6b
2026-03-11 13:08:30,074 [INFO] ← RX [16b] cmd=0x28  crc_recv=0x6b  crc_calc=0x6b  raw=28 01 42 00 00 00 00 00 00 00 00 00 00 00 00 6b
2026-03-11 13:08:30,075 [INFO]   🧠 HRV raw [2026-03-11T13:08:30.074] — type=1 hrv=66 spo2=0 fatigue=0 sbp=0 dbp=0  raw=28 01 42 00 00 00 00 00 00 00 00 00 00 00 00 6b
2026-03-11 13:08:31,087 [INFO] ← RX [16b] cmd=0x28  crc_recv=0x6b  crc_calc=0x6b  raw=28 01 42 00 00 00 00 00 00 00 00 00 00 00 00 6b
2026-03-11 13:08:31,087 [INFO]   🧠 HRV raw [2026-03-11T13:08:31.087] — type=1 hrv=66 spo2=0 fatigue=0 sbp=0 dbp=0  raw=28 01 42 00 00 00 00 00 00 00 00 00 00 00 00 6b
2026-03-11 13:08:32,062 [INFO] ← RX [16b] cmd=0x28  crc_recv=0x6c  crc_calc=0x6c  raw=28 01 43 00 00 00 00 00 00 00 00 00 00 00 00 6c
2026-03-11 13:08:32,062 [INFO]   🧠 HRV raw [2026-03-11T13:08:32.062] — type=1 hrv=67 spo2=0 fatigue=0 sbp=0 dbp=0  raw=28 01 43 00 00 00 00 00 00 00 00 00 00 00 00 6c
2026-03-11 13:08:33,074 [INFO] ← RX [16b] cmd=0x28  crc_recv=0x6c  crc_calc=0x6c  raw=28 01 43 00 00 00 00 00 00 00 00 00 00 00 00 6c
2026-03-11 13:08:33,075 [INFO]   🧠 HRV raw [2026-03-11T13:08:33.075] — type=1 hrv=67 spo2=0 fatigue=0 sbp=0 dbp=0  raw=28 01 43 00 00 00 00 00 00 00 00 00 00 00 00 6c
2026-03-11 13:08:34,087 [INFO] ← RX [16b] cmd=0x28  crc_recv=0x6d  crc_calc=0x6d  raw=28 01 44 00 00 00 00 00 00 00 00 00 00 00 00 6d
2026-03-11 13:08:34,087 [INFO]   🧠 HRV raw [2026-03-11T13:08:34.087] — type=1 hrv=68 spo2=0 fatigue=0 sbp=0 dbp=0  raw=28 01 44 00 00 00 00 00 00 00 00 00 00 00 00 6d
2026-03-11 13:08:35,062 [INFO] ← RX [16b] cmd=0x28  crc_recv=0x6d  crc_calc=0x6d  raw=28 01 44 00 00 00 00 00 00 00 00 00 00 00 00 6d
2026-03-11 13:08:35,062 [INFO]   🧠 HRV raw [2026-03-11T13:08:35.062] — type=1 hrv=68 spo2=0 fatigue=0 sbp=0 dbp=0  raw=28 01 44 00 00 00 00 00 00 00 00 00 00 00 00 6d
2026-03-11 13:08:36,074 [INFO] ← RX [16b] cmd=0x28  crc_recv=0x6d  crc_calc=0x6d  raw=28 01 44 00 00 00 00 00 00 00 00 00 00 00 00 6d
2026-03-11 13:08:36,075 [INFO]   🧠 HRV raw [2026-03-11T13:08:36.075] — type=1 hrv=68 spo2=0 fatigue=0 sbp=0 dbp=0  raw=28 01 44 00 00 00 00 00 00 00 00 00 00 00 00 6d
2026-03-11 13:08:37,087 [INFO] ← RX [16b] cmd=0x28  crc_recv=0x6d  crc_calc=0x6d  raw=28 01 44 00 00 00 00 00 00 00 00 00 00 00 00 6d
2026-03-11 13:08:37,087 [INFO]   🧠 HRV raw [2026-03-11T13:08:37.087] — type=1 hrv=68 spo2=0 fatigue=0 sbp=0 dbp=0  raw=28 01 44 00 00 00 00 00 00 00 00 00 00 00 00 6d
2026-03-11 13:08:38,062 [INFO] ← RX [16b] cmd=0x28  crc_recv=0x6c  crc_calc=0x6c  raw=28 01 43 00 00 00 00 00 00 00 00 00 00 00 00 6c
2026-03-11 13:08:38,062 [INFO]   🧠 HRV raw [2026-03-11T13:08:38.062] — type=1 hrv=67 spo2=0 fatigue=0 sbp=0 dbp=0  raw=28 01 43 00 00 00 00 00 00 00 00 00 00 00 00 6c
2026-03-11 13:08:39,074 [INFO] ← RX [16b] cmd=0x28  crc_recv=0x6c  crc_calc=0x6c  raw=28 01 43 00 00 00 00 00 00 00 00 00 00 00 00 6c
2026-03-11 13:08:39,074 [INFO]   🧠 HRV raw [2026-03-11T13:08:39.074] — type=1 hrv=67 spo2=0 fatigue=0 sbp=0 dbp=0  raw=28 01 43 00 00 00 00 00 00 00 00 00 00 00 00 6c
2026-03-11 13:08:40,087 [INFO] ← RX [16b] cmd=0x28  crc_recv=0x6c  crc_calc=0x6c  raw=28 01 43 00 00 00 00 00 00 00 00 00 00 00 00 6c
2026-03-11 13:08:40,087 [INFO]   🧠 HRV raw [2026-03-11T13:08:40.087] — type=1 hrv=67 spo2=0 fatigue=0 sbp=0 dbp=0  raw=28 01 43 00 00 00 00 00 00 00 00 00 00 00 00 6c
2026-03-11 13:08:41,062 [INFO] ← RX [16b] cmd=0x28  crc_recv=0x6d  crc_calc=0x6d  raw=28 01 44 00 00 00 00 00 00 00 00 00 00 00 00 6d
2026-03-11 13:08:41,063 [INFO]   🧠 HRV raw [2026-03-11T13:08:41.063] — type=1 hrv=68 spo2=0 fatigue=0 sbp=0 dbp=0  raw=28 01 44 00 00 00 00 00 00 00 00 00 00 00 00 6d
2026-03-11 13:08:42,075 [INFO] ← RX [16b] cmd=0x28  crc_recv=0x6d  crc_calc=0x6d  raw=28 01 44 00 00 00 00 00 00 00 00 00 00 00 00 6d
2026-03-11 13:08:42,075 [INFO]   🧠 HRV raw [2026-03-11T13:08:42.075] — type=1 hrv=68 spo2=0 fatigue=0 sbp=0 dbp=0  raw=28 01 44 00 00 00 00 00 00 00 00 00 00 00 00 6d
2026-03-11 13:08:43,087 [INFO] ← RX [16b] cmd=0x28  crc_recv=0x6d  crc_calc=0x6d  raw=28 01 44 00 00 00 00 00 00 00 00 00 00 00 00 6d
2026-03-11 13:08:43,087 [INFO]   🧠 HRV raw [2026-03-11T13:08:43.087] — type=1 hrv=68 spo2=0 fatigue=0 sbp=0 dbp=0  raw=28 01 44 00 00 00 00 00 00 00 00 00 00 00 00 6d
2026-03-11 13:08:44,062 [INFO] ← RX [16b] cmd=0x28  crc_recv=0x6e  crc_calc=0x6e  raw=28 01 45 00 00 00 00 00 00 00 00 00 00 00 00 6e
2026-03-11 13:08:44,063 [INFO]   🧠 HRV raw [2026-03-11T13:08:44.063] — type=1 hrv=69 spo2=0 fatigue=0 sbp=0 dbp=0  raw=28 01 45 00 00 00 00 00 00 00 00 00 00 00 00 6e
2026-03-11 13:08:45,075 [INFO] ← RX [16b] cmd=0x28  crc_recv=0x6e  crc_calc=0x6e  raw=28 01 45 00 00 00 00 00 00 00 00 00 00 00 00 6e
2026-03-11 13:08:45,075 [INFO]   🧠 HRV raw [2026-03-11T13:08:45.075] — type=1 hrv=69 spo2=0 fatigue=0 sbp=0 dbp=0  raw=28 01 45 00 00 00 00 00 00 00 00 00 00 00 00 6e
2026-03-11 13:08:45,816 [INFO] ⏹ HRV stopped. 57 samples received.
2026-03-11 13:08:45,817 [INFO]   Sample rate: ~0.95 samples/sec  (1 sample = point-in-time, multiple = device updates as it refines)
2026-03-11 14:20:21,951 [INFO] Connecting to CE:68:27:E4:9F:D0...
2026-03-11 14:20:27,995 [INFO] Connected ✓  (notifications enabled)
2026-03-11 14:20:41,061 [INFO] ← RX [230b] cmd=0x64  crc_recv=0x02  crc_calc=0x18  raw=64 00 00 26 03 11 11 34 30 02 01 68 03 16 03 6c 03 b3 03 cc 03 75 03 20 03 81 03 be 03 8a 03 2a 03 2b 03 73 03 a9 03 99 03 37 03 6d 03 b0 03 00 00 00 00 00 00 00 00 00 00 00 00 00 00 00 00 00 00 00 00 00 00 00 00 00 00 00 00 00 00 00 00 00 00 00 00 00 00 00 00 00 00 00 00 00 00 00 00 00 00 00 00 00 00 00 00 00 00 00 00 00 00 00 00 00 00 00 00 64 01 00 26 03 11 11 34 30 02 00 ee 02 95 02 67 02 e1 02 db 02 c3 02 f2 02 13 03 5e 03 3c 03 13 03 f0 02 1d 03 4c 03 9b 03 9a 03 63 03 39 03 a6 03 9b 03 ed 03 5b 03 0f 03 1b 03 22 03 f7 02 09 03 5a 03 54 03 93 03 31 03 06 03 6d 03 bc 03 8f 03 1d 03 1a 03 47 03 56 03 2c 03 10 03 49 03 ab 03 55 03 46 03 2b 03 b7 02 12 03 02 03 07 03 20 03 fc 02
2026-03-11 14:20:41,061 [WARNING] CRC mismatch on cmd=0x64 len=230 — got 0x02, expected 0x18. Full packet: 64 00 00 26 03 11 11 34 30 02 01 68 03 16 03 6c 03 b3 03 cc 03 75 03 20 03 81 03 be 03 8a 03 2a 03 2b 03 73 03 a9 03 99 03 37 03 6d 03 b0 03 00 00 00 00 00 00 00 00 00 00 00 00 00 00 00 00 00 00 00 00 00 00 00 00 00 00 00 00 00 00 00 00 00 00 00 00 00 00 00 00 00 00 00 00 00 00 00 00 00 00 00 00 00 00 00 00 00 00 00 00 00 00 00 00 00 00 00 00 64 01 00 26 03 11 11 34 30 02 00 ee 02 95 02 67 02 e1 02 db 02 c3 02 f2 02 13 03 5e 03 3c 03 13 03 f0 02 1d 03 4c 03 9b 03 9a 03 63 03 39 03 a6 03 9b 03 ed 03 5b 03 0f 03 1b 03 22 03 f7 02 09 03 5a 03 54 03 93 03 31 03 06 03 6d 03 bc 03 8f 03 1d 03 1a 03 47 03 56 03 2c 03 10 03 49 03 ab 03 55 03 46 03 2b 03 b7 02 12 03 02 03 07 03 20 03 fc 02
2026-03-11 14:20:41,151 [INFO] ← RX [230b] cmd=0x64  crc_recv=0x02  crc_calc=0xe6  raw=64 02 00 26 03 10 16 04 30 02 01 5b 04 fe 04 e9 02 00 03 f3 02 e7 02 f3 02 00 03 0e 03 21 03 f7 02 1a 04 00 00 00 00 00 00 00 00 00 00 00 00 00 00 00 00 00 00 00 00 00 00 00 00 00 00 00 00 00 00 00 00 00 00 00 00 00 00 00 00 00 00 00 00 00 00 00 00 00 00 00 00 00 00 00 00 00 00 00 00 00 00 00 00 00 00 00 00 00 00 00 00 00 00 00 00 00 00 00 00 64 03 00 26 03 10 16 04 30 02 00 5a 03 17 03 01 03 c0 02 f9 02 84 02 cd 02 fe 02 d5 02 bf 02 af 02 cf 02 08 03 ef 02 b3 02 c0 02 3c 03 f0 02 a3 02 da 02 c9 02 b3 02 ab 02 c0 02 a1 02 9f 02 9c 02 a1 02 9d 02 90 02 a4 02 f3 02 22 03 34 03 df 02 15 03 2d 03 f5 02 cb 02 dc 02 95 02 ba 02 88 02 7b 02 7f 02 8c 02 b4 02 db 02 23 03 e4 02 b7 02 a9 02
2026-03-11 14:20:41,151 [WARNING] CRC mismatch on cmd=0x64 len=230 — got 0x02, expected 0xe6. Full packet: 64 02 00 26 03 10 16 04 30 02 01 5b 04 fe 04 e9 02 00 03 f3 02 e7 02 f3 02 00 03 0e 03 21 03 f7 02 1a 04 00 00 00 00 00 00 00 00 00 00 00 00 00 00 00 00 00 00 00 00 00 00 00 00 00 00 00 00 00 00 00 00 00 00 00 00 00 00 00 00 00 00 00 00 00 00 00 00 00 00 00 00 00 00 00 00 00 00 00 00 00 00 00 00 00 00 00 00 00 00 00 00 00 00 00 00 00 00 00 00 64 03 00 26 03 10 16 04 30 02 00 5a 03 17 03 01 03 c0 02 f9 02 84 02 cd 02 fe 02 d5 02 bf 02 af 02 cf 02 08 03 ef 02 b3 02 c0 02 3c 03 f0 02 a3 02 da 02 c9 02 b3 02 ab 02 c0 02 a1 02 9f 02 9c 02 a1 02 9d 02 90 02 a4 02 f3 02 22 03 34 03 df 02 15 03 2d 03 f5 02 cb 02 dc 02 95 02 ba 02 88 02 7b 02 7f 02 8c 02 b4 02 db 02 23 03 e4 02 b7 02 a9 02
2026-03-11 14:20:41,241 [INFO] ← RX [230b] cmd=0x64  crc_recv=0x02  crc_calc=0xc1  raw=64 04 00 26 03 10 15 34 30 02 01 a9 02 96 02 9a 02 b6 02 d3 02 f9 02 bf 02 aa 02 d3 02 e4 02 f6 02 bc 02 b7 02 00 00 00 00 00 00 00 00 00 00 00 00 00 00 00 00 00 00 00 00 00 00 00 00 00 00 00 00 00 00 00 00 00 00 00 00 00 00 00 00 00 00 00 00 00 00 00 00 00 00 00 00 00 00 00 00 00 00 00 00 00 00 00 00 00 00 00 00 00 00 00 00 00 00 00 00 00 00 64 05 00 26 03 10 15 34 30 02 00 07 03 cb 02 c1 02 a9 02 f7 02 e3 02 ee 02 0b 03 14 03 c7 02 d5 02 ec 02 df 02 06 03 eb 02 d5 02 fa 02 eb 02 f0 02 c5 02 e5 02 05 03 1d 03 23 03 d3 02 d7 02 b9 02 ab 02 ad 02 bb 02 a8 02 be 02 ec 02 2d 03 51 03 fd 02 0a 03 fd 02 f4 02 ec 02 c2 02 cb 02 d2 02 d6 02 cb 02 aa 02 bc 02 c4 02 f9 02 00 03 d7 02 e0 02
2026-03-11 14:20:41,241 [WARNING] CRC mismatch on cmd=0x64 len=230 — got 0x02, expected 0xc1. Full packet: 64 04 00 26 03 10 15 34 30 02 01 a9 02 96 02 9a 02 b6 02 d3 02 f9 02 bf 02 aa 02 d3 02 e4 02 f6 02 bc 02 b7 02 00 00 00 00 00 00 00 00 00 00 00 00 00 00 00 00 00 00 00 00 00 00 00 00 00 00 00 00 00 00 00 00 00 00 00 00 00 00 00 00 00 00 00 00 00 00 00 00 00 00 00 00 00 00 00 00 00 00 00 00 00 00 00 00 00 00 00 00 00 00 00 00 00 00 00 00 00 00 64 05 00 26 03 10 15 34 30 02 00 07 03 cb 02 c1 02 a9 02 f7 02 e3 02 ee 02 0b 03 14 03 c7 02 d5 02 ec 02 df 02 06 03 eb 02 d5 02 fa 02 eb 02 f0 02 c5 02 e5 02 05 03 1d 03 23 03 d3 02 d7 02 b9 02 ab 02 ad 02 bb 02 a8 02 be 02 ec 02 2d 03 51 03 fd 02 0a 03 fd 02 f4 02 ec 02 c2 02 cb 02 d2 02 d6 02 cb 02 aa 02 bc 02 c4 02 f9 02 00 03 d7 02 e0 02
2026-03-11 14:20:41,331 [INFO] ← RX [230b] cmd=0x64  crc_recv=0x03  crc_calc=0x0a  raw=64 06 00 26 03 10 14 34 30 02 01 e7 02 ed 02 60 03 34 03 fa 02 1f 03 23 03 7f 03 07 03 00 00 00 00 00 00 00 00 00 00 00 00 00 00 00 00 00 00 00 00 00 00 00 00 00 00 00 00 00 00 00 00 00 00 00 00 00 00 00 00 00 00 00 00 00 00 00 00 00 00 00 00 00 00 00 00 00 00 00 00 00 00 00 00 00 00 00 00 00 00 00 00 00 00 00 00 00 00 00 00 00 00 00 00 00 00 64 07 00 26 03 10 14 34 30 02 00 05 03 3e 03 15 03 53 03 78 02 65 03 7a 03 5a 03 5b 03 5a 03 4a 03 b2 03 13 03 f1 02 e3 02 02 03 1b 03 e1 02 fe 02 0d 03 20 03 14 03 01 03 21 03 6c 03 38 03 4d 03 04 03 4a 03 6d 03 2d 03 46 03 3d 03 45 03 ca 02 4f 03 d0 02 e5 02 a0 02 d7 02 f0 02 e6 02 e1 02 24 03 2f 03 11 03 3e 03 25 03 e6 02 15 03 2f 03 20 03
2026-03-11 14:20:41,331 [WARNING] CRC mismatch on cmd=0x64 len=230 — got 0x03, expected 0x0a. Full packet: 64 06 00 26 03 10 14 34 30 02 01 e7 02 ed 02 60 03 34 03 fa 02 1f 03 23 03 7f 03 07 03 00 00 00 00 00 00 00 00 00 00 00 00 00 00 00 00 00 00 00 00 00 00 00 00 00 00 00 00 00 00 00 00 00 00 00 00 00 00 00 00 00 00 00 00 00 00 00 00 00 00 00 00 00 00 00 00 00 00 00 00 00 00 00 00 00 00 00 00 00 00 00 00 00 00 00 00 00 00 00 00 00 00 00 00 00 00 64 07 00 26 03 10 14 34 30 02 00 05 03 3e 03 15 03 53 03 78 02 65 03 7a 03 5a 03 5b 03 5a 03 4a 03 b2 03 13 03 f1 02 e3 02 02 03 1b 03 e1 02 fe 02 0d 03 20 03 14 03 01 03 21 03 6c 03 38 03 4d 03 04 03 4a 03 6d 03 2d 03 46 03 3d 03 45 03 ca 02 4f 03 d0 02 e5 02 a0 02 d7 02 f0 02 e6 02 e1 02 24 03 2f 03 11 03 3e 03 25 03 e6 02 15 03 2f 03 20 03
2026-03-11 14:20:41,460 [INFO] ← RX [2b] cmd=0x64  crc_recv=0xff  crc_calc=0x64  raw=64 ff
2026-03-11 14:20:41,461 [INFO] ← No data on device for cmd=0x64
2026-03-11 14:20:41,461 [INFO] No PPI data on device.
2026-03-11 14:21:09,676 [INFO] ▶ Real-time HR started (60s)...
2026-03-11 14:21:12,045 [INFO] ← RX [16b] cmd=0x28  crc_recv=0x2a  crc_calc=0x2a  raw=28 02 00 00 00 00 00 00 00 00 00 00 00 00 00 2a
2026-03-11 14:21:12,045 [WARNING]   ⚠  HR=0 — sensor may not be in contact yet. Raw: 28 02 00 00 00 00 00 00 00 00 00 00 00 00 00 2a
2026-03-11 14:21:13,170 [INFO] ← RX [16b] cmd=0x28  crc_recv=0x2a  crc_calc=0x2a  raw=28 02 00 00 00 00 00 00 00 00 00 00 00 00 00 2a
2026-03-11 14:21:13,170 [WARNING]   ⚠  HR=0 — sensor may not be in contact yet. Raw: 28 02 00 00 00 00 00 00 00 00 00 00 00 00 00 2a
2026-03-11 14:21:14,295 [INFO] ← RX [16b] cmd=0x28  crc_recv=0x2a  crc_calc=0x2a  raw=28 02 00 00 00 00 00 00 00 00 00 00 00 00 00 2a
2026-03-11 14:21:14,296 [WARNING]   ⚠  HR=0 — sensor may not be in contact yet. Raw: 28 02 00 00 00 00 00 00 00 00 00 00 00 00 00 2a
2026-03-11 14:21:15,046 [INFO] ← RX [16b] cmd=0x28  crc_recv=0x2a  crc_calc=0x2a  raw=28 02 00 00 00 00 00 00 00 00 00 00 00 00 00 2a
2026-03-11 14:21:15,046 [WARNING]   ⚠  HR=0 — sensor may not be in contact yet. Raw: 28 02 00 00 00 00 00 00 00 00 00 00 00 00 00 2a
2026-03-11 14:21:16,021 [INFO] ← RX [16b] cmd=0x28  crc_recv=0x2a  crc_calc=0x2a  raw=28 02 00 00 00 00 00 00 00 00 00 00 00 00 00 2a
2026-03-11 14:21:16,021 [WARNING]   ⚠  HR=0 — sensor may not be in contact yet. Raw: 28 02 00 00 00 00 00 00 00 00 00 00 00 00 00 2a
2026-03-11 14:21:17,034 [INFO] ← RX [16b] cmd=0x28  crc_recv=0x2a  crc_calc=0x2a  raw=28 02 00 00 00 00 00 00 00 00 00 00 00 00 00 2a
2026-03-11 14:21:17,034 [WARNING]   ⚠  HR=0 — sensor may not be in contact yet. Raw: 28 02 00 00 00 00 00 00 00 00 00 00 00 00 00 2a
2026-03-11 14:21:18,009 [INFO] ← RX [16b] cmd=0x28  crc_recv=0x2a  crc_calc=0x2a  raw=28 02 00 00 00 00 00 00 00 00 00 00 00 00 00 2a
2026-03-11 14:21:18,009 [WARNING]   ⚠  HR=0 — sensor may not be in contact yet. Raw: 28 02 00 00 00 00 00 00 00 00 00 00 00 00 00 2a
2026-03-11 14:21:19,021 [INFO] ← RX [16b] cmd=0x28  crc_recv=0x2a  crc_calc=0x2a  raw=28 02 00 00 00 00 00 00 00 00 00 00 00 00 00 2a
2026-03-11 14:21:19,022 [WARNING]   ⚠  HR=0 — sensor may not be in contact yet. Raw: 28 02 00 00 00 00 00 00 00 00 00 00 00 00 00 2a
2026-03-11 14:21:20,035 [INFO] ← RX [16b] cmd=0x28  crc_recv=0x2a  crc_calc=0x2a  raw=28 02 00 00 00 00 00 00 00 00 00 00 00 00 00 2a
2026-03-11 14:21:20,035 [WARNING]   ⚠  HR=0 — sensor may not be in contact yet. Raw: 28 02 00 00 00 00 00 00 00 00 00 00 00 00 00 2a
2026-03-11 14:21:21,009 [INFO] ← RX [16b] cmd=0x28  crc_recv=0x2a  crc_calc=0x2a  raw=28 02 00 00 00 00 00 00 00 00 00 00 00 00 00 2a
2026-03-11 14:21:21,010 [WARNING]   ⚠  HR=0 — sensor may not be in contact yet. Raw: 28 02 00 00 00 00 00 00 00 00 00 00 00 00 00 2a
2026-03-11 14:21:22,022 [INFO] ← RX [16b] cmd=0x28  crc_recv=0x2a  crc_calc=0x2a  raw=28 02 00 00 00 00 00 00 00 00 00 00 00 00 00 2a
2026-03-11 14:21:22,023 [WARNING]   ⚠  HR=0 — sensor may not be in contact yet. Raw: 28 02 00 00 00 00 00 00 00 00 00 00 00 00 00 2a
2026-03-11 14:21:23,035 [INFO] ← RX [16b] cmd=0x28  crc_recv=0x2a  crc_calc=0x2a  raw=28 02 00 00 00 00 00 00 00 00 00 00 00 00 00 2a
2026-03-11 14:21:23,035 [WARNING]   ⚠  HR=0 — sensor may not be in contact yet. Raw: 28 02 00 00 00 00 00 00 00 00 00 00 00 00 00 2a
2026-03-11 14:21:24,010 [INFO] ← RX [16b] cmd=0x28  crc_recv=0x73  crc_calc=0x73  raw=28 02 49 00 00 00 00 00 00 00 00 00 00 00 00 73
2026-03-11 14:21:24,011 [INFO]   📡 HR: {'measure_type': 2, 'heart_rate': 73, 'spo2': 0}
2026-03-11 14:21:25,023 [INFO] ← RX [16b] cmd=0x28  crc_recv=0x72  crc_calc=0x72  raw=28 02 48 00 00 00 00 00 00 00 00 00 00 00 00 72
2026-03-11 14:21:25,024 [INFO]   📡 HR: {'measure_type': 2, 'heart_rate': 72, 'spo2': 0}
2026-03-11 14:21:26,035 [INFO] ← RX [16b] cmd=0x28  crc_recv=0x72  crc_calc=0x72  raw=28 02 48 00 00 00 00 00 00 00 00 00 00 00 00 72
2026-03-11 14:21:26,036 [INFO]   📡 HR: {'measure_type': 2, 'heart_rate': 72, 'spo2': 0}
2026-03-11 14:21:27,011 [INFO] ← RX [16b] cmd=0x28  crc_recv=0x79  crc_calc=0x79  raw=28 02 4f 00 00 00 00 00 00 00 00 00 00 00 00 79
2026-03-11 14:21:27,012 [INFO]   📡 HR: {'measure_type': 2, 'heart_rate': 79, 'spo2': 0}
2026-03-11 14:21:28,023 [INFO] ← RX [16b] cmd=0x28  crc_recv=0x7a  crc_calc=0x7a  raw=28 02 50 00 00 00 00 00 00 00 00 00 00 00 00 7a
2026-03-11 14:21:28,024 [INFO]   📡 HR: {'measure_type': 2, 'heart_rate': 80, 'spo2': 0}
2026-03-11 14:21:29,036 [INFO] ← RX [16b] cmd=0x28  crc_recv=0x7b  crc_calc=0x7b  raw=28 02 51 00 00 00 00 00 00 00 00 00 00 00 00 7b
2026-03-11 14:21:29,037 [INFO]   📡 HR: {'measure_type': 2, 'heart_rate': 81, 'spo2': 0}
2026-03-11 14:21:30,011 [INFO] ← RX [16b] cmd=0x28  crc_recv=0x7c  crc_calc=0x7c  raw=28 02 52 00 00 00 00 00 00 00 00 00 00 00 00 7c
2026-03-11 14:21:30,012 [INFO]   📡 HR: {'measure_type': 2, 'heart_rate': 82, 'spo2': 0}
2026-03-11 14:21:31,024 [INFO] ← RX [16b] cmd=0x28  crc_recv=0x7b  crc_calc=0x7b  raw=28 02 51 00 00 00 00 00 00 00 00 00 00 00 00 7b
2026-03-11 14:21:31,024 [INFO]   📡 HR: {'measure_type': 2, 'heart_rate': 81, 'spo2': 0}
2026-03-11 14:21:32,036 [INFO] ← RX [16b] cmd=0x28  crc_recv=0x7c  crc_calc=0x7c  raw=28 02 52 00 00 00 00 00 00 00 00 00 00 00 00 7c
2026-03-11 14:21:32,037 [INFO]   📡 HR: {'measure_type': 2, 'heart_rate': 82, 'spo2': 0}
2026-03-11 14:21:33,012 [INFO] ← RX [16b] cmd=0x28  crc_recv=0x7b  crc_calc=0x7b  raw=28 02 51 00 00 00 00 00 00 00 00 00 00 00 00 7b
2026-03-11 14:21:33,012 [INFO]   📡 HR: {'measure_type': 2, 'heart_rate': 81, 'spo2': 0}
2026-03-11 14:21:34,024 [INFO] ← RX [16b] cmd=0x28  crc_recv=0x7a  crc_calc=0x7a  raw=28 02 50 00 00 00 00 00 00 00 00 00 00 00 00 7a
2026-03-11 14:21:34,025 [INFO]   📡 HR: {'measure_type': 2, 'heart_rate': 80, 'spo2': 0}
2026-03-11 14:21:35,037 [INFO] ← RX [16b] cmd=0x28  crc_recv=0x79  crc_calc=0x79  raw=28 02 4f 00 00 00 00 00 00 00 00 00 00 00 00 79
2026-03-11 14:21:35,037 [INFO]   📡 HR: {'measure_type': 2, 'heart_rate': 79, 'spo2': 0}
2026-03-11 14:21:36,012 [INFO] ← RX [16b] cmd=0x28  crc_recv=0x79  crc_calc=0x79  raw=28 02 4f 00 00 00 00 00 00 00 00 00 00 00 00 79
2026-03-11 14:21:36,012 [INFO]   📡 HR: {'measure_type': 2, 'heart_rate': 79, 'spo2': 0}
2026-03-11 14:21:37,025 [INFO] ← RX [16b] cmd=0x28  crc_recv=0x79  crc_calc=0x79  raw=28 02 4f 00 00 00 00 00 00 00 00 00 00 00 00 79
2026-03-11 14:21:37,025 [INFO]   📡 HR: {'measure_type': 2, 'heart_rate': 79, 'spo2': 0}
2026-03-11 14:21:38,037 [INFO] ← RX [16b] cmd=0x28  crc_recv=0x78  crc_calc=0x78  raw=28 02 4e 00 00 00 00 00 00 00 00 00 00 00 00 78
2026-03-11 14:21:38,038 [INFO]   📡 HR: {'measure_type': 2, 'heart_rate': 78, 'spo2': 0}
2026-03-11 14:21:39,012 [INFO] ← RX [16b] cmd=0x28  crc_recv=0x77  crc_calc=0x77  raw=28 02 4d 00 00 00 00 00 00 00 00 00 00 00 00 77
2026-03-11 14:21:39,013 [INFO]   📡 HR: {'measure_type': 2, 'heart_rate': 77, 'spo2': 0}
2026-03-11 14:21:40,025 [INFO] ← RX [16b] cmd=0x28  crc_recv=0x76  crc_calc=0x76  raw=28 02 4c 00 00 00 00 00 00 00 00 00 00 00 00 76
2026-03-11 14:21:40,026 [INFO]   📡 HR: {'measure_type': 2, 'heart_rate': 76, 'spo2': 0}
2026-03-11 14:21:41,038 [INFO] ← RX [16b] cmd=0x28  crc_recv=0x76  crc_calc=0x76  raw=28 02 4c 00 00 00 00 00 00 00 00 00 00 00 00 76
2026-03-11 14:21:41,038 [INFO]   📡 HR: {'measure_type': 2, 'heart_rate': 76, 'spo2': 0}
2026-03-11 14:21:42,050 [INFO] ← RX [16b] cmd=0x28  crc_recv=0x75  crc_calc=0x75  raw=28 02 4b 00 00 00 00 00 00 00 00 00 00 00 00 75
2026-03-11 14:21:42,051 [INFO]   📡 HR: {'measure_type': 2, 'heart_rate': 75, 'spo2': 0}
2026-03-11 14:21:43,025 [INFO] ← RX [16b] cmd=0x28  crc_recv=0x75  crc_calc=0x75  raw=28 02 4b 00 00 00 00 00 00 00 00 00 00 00 00 75
2026-03-11 14:21:43,026 [INFO]   📡 HR: {'measure_type': 2, 'heart_rate': 75, 'spo2': 0}
2026-03-11 14:21:44,038 [INFO] ← RX [16b] cmd=0x28  crc_recv=0x75  crc_calc=0x75  raw=28 02 4b 00 00 00 00 00 00 00 00 00 00 00 00 75
2026-03-11 14:21:44,039 [INFO]   📡 HR: {'measure_type': 2, 'heart_rate': 75, 'spo2': 0}
2026-03-11 14:21:45,013 [INFO] ← RX [16b] cmd=0x28  crc_recv=0x75  crc_calc=0x75  raw=28 02 4b 00 00 00 00 00 00 00 00 00 00 00 00 75
2026-03-11 14:21:45,014 [INFO]   📡 HR: {'measure_type': 2, 'heart_rate': 75, 'spo2': 0}
2026-03-11 14:21:46,026 [INFO] ← RX [16b] cmd=0x28  crc_recv=0x75  crc_calc=0x75  raw=28 02 4b 00 00 00 00 00 00 00 00 00 00 00 00 75
2026-03-11 14:21:46,026 [INFO]   📡 HR: {'measure_type': 2, 'heart_rate': 75, 'spo2': 0}
2026-03-11 14:21:47,076 [INFO] ← RX [16b] cmd=0x28  crc_recv=0x75  crc_calc=0x75  raw=28 02 4b 00 00 00 00 00 00 00 00 00 00 00 00 75
2026-03-11 14:21:47,076 [INFO]   📡 HR: {'measure_type': 2, 'heart_rate': 75, 'spo2': 0}
2026-03-11 14:21:48,013 [INFO] ← RX [16b] cmd=0x28  crc_recv=0x75  crc_calc=0x75  raw=28 02 4b 00 00 00 00 00 00 00 00 00 00 00 00 75
2026-03-11 14:21:48,013 [INFO]   📡 HR: {'measure_type': 2, 'heart_rate': 75, 'spo2': 0}
2026-03-11 14:21:49,026 [INFO] ← RX [16b] cmd=0x28  crc_recv=0xd4  crc_calc=0xd4  raw=28 02 4b 00 34 2b 00 00 00 00 00 00 00 00 00 d4
2026-03-11 14:21:49,027 [INFO]   📡 HR: {'measure_type': 2, 'heart_rate': 75, 'spo2': 0}
2026-03-11 14:21:50,039 [INFO] ← RX [16b] cmd=0x28  crc_recv=0xd4  crc_calc=0xd4  raw=28 02 4b 00 34 2b 00 00 00 00 00 00 00 00 00 d4
2026-03-11 14:21:50,039 [INFO]   📡 HR: {'measure_type': 2, 'heart_rate': 75, 'spo2': 0}
2026-03-11 14:21:51,014 [INFO] ← RX [16b] cmd=0x28  crc_recv=0xd4  crc_calc=0xd4  raw=28 02 4b 00 34 2b 00 00 00 00 00 00 00 00 00 d4
2026-03-11 14:21:51,014 [INFO]   📡 HR: {'measure_type': 2, 'heart_rate': 75, 'spo2': 0}
2026-03-11 14:21:51,014 [INFO] ← RX [16b] cmd=0x28  crc_recv=0x27  crc_calc=0x27  raw=28 ff 00 00 00 00 00 00 00 00 00 00 00 00 00 27
2026-03-11 14:22:09,695 [INFO] ⏹ Real-time HR stopped. 28 samples.
2026-03-11 14:22:15,206 [INFO] ← RX [230b] cmd=0x64  crc_recv=0x02  crc_calc=0x18  raw=64 00 00 26 03 11 11 34 30 02 01 68 03 16 03 6c 03 b3 03 cc 03 75 03 20 03 81 03 be 03 8a 03 2a 03 2b 03 73 03 a9 03 99 03 37 03 6d 03 b0 03 00 00 00 00 00 00 00 00 00 00 00 00 00 00 00 00 00 00 00 00 00 00 00 00 00 00 00 00 00 00 00 00 00 00 00 00 00 00 00 00 00 00 00 00 00 00 00 00 00 00 00 00 00 00 00 00 00 00 00 00 00 00 00 00 00 00 00 00 64 01 00 26 03 11 11 34 30 02 00 ee 02 95 02 67 02 e1 02 db 02 c3 02 f2 02 13 03 5e 03 3c 03 13 03 f0 02 1d 03 4c 03 9b 03 9a 03 63 03 39 03 a6 03 9b 03 ed 03 5b 03 0f 03 1b 03 22 03 f7 02 09 03 5a 03 54 03 93 03 31 03 06 03 6d 03 bc 03 8f 03 1d 03 1a 03 47 03 56 03 2c 03 10 03 49 03 ab 03 55 03 46 03 2b 03 b7 02 12 03 02 03 07 03 20 03 fc 02
2026-03-11 14:22:15,206 [WARNING] CRC mismatch on cmd=0x64 len=230 — got 0x02, expected 0x18. Full packet: 64 00 00 26 03 11 11 34 30 02 01 68 03 16 03 6c 03 b3 03 cc 03 75 03 20 03 81 03 be 03 8a 03 2a 03 2b 03 73 03 a9 03 99 03 37 03 6d 03 b0 03 00 00 00 00 00 00 00 00 00 00 00 00 00 00 00 00 00 00 00 00 00 00 00 00 00 00 00 00 00 00 00 00 00 00 00 00 00 00 00 00 00 00 00 00 00 00 00 00 00 00 00 00 00 00 00 00 00 00 00 00 00 00 00 00 00 00 00 00 64 01 00 26 03 11 11 34 30 02 00 ee 02 95 02 67 02 e1 02 db 02 c3 02 f2 02 13 03 5e 03 3c 03 13 03 f0 02 1d 03 4c 03 9b 03 9a 03 63 03 39 03 a6 03 9b 03 ed 03 5b 03 0f 03 1b 03 22 03 f7 02 09 03 5a 03 54 03 93 03 31 03 06 03 6d 03 bc 03 8f 03 1d 03 1a 03 47 03 56 03 2c 03 10 03 49 03 ab 03 55 03 46 03 2b 03 b7 02 12 03 02 03 07 03 20 03 fc 02
2026-03-11 14:22:15,319 [INFO] ← RX [230b] cmd=0x64  crc_recv=0x02  crc_calc=0xe6  raw=64 02 00 26 03 10 16 04 30 02 01 5b 04 fe 04 e9 02 00 03 f3 02 e7 02 f3 02 00 03 0e 03 21 03 f7 02 1a 04 00 00 00 00 00 00 00 00 00 00 00 00 00 00 00 00 00 00 00 00 00 00 00 00 00 00 00 00 00 00 00 00 00 00 00 00 00 00 00 00 00 00 00 00 00 00 00 00 00 00 00 00 00 00 00 00 00 00 00 00 00 00 00 00 00 00 00 00 00 00 00 00 00 00 00 00 00 00 00 00 64 03 00 26 03 10 16 04 30 02 00 5a 03 17 03 01 03 c0 02 f9 02 84 02 cd 02 fe 02 d5 02 bf 02 af 02 cf 02 08 03 ef 02 b3 02 c0 02 3c 03 f0 02 a3 02 da 02 c9 02 b3 02 ab 02 c0 02 a1 02 9f 02 9c 02 a1 02 9d 02 90 02 a4 02 f3 02 22 03 34 03 df 02 15 03 2d 03 f5 02 cb 02 dc 02 95 02 ba 02 88 02 7b 02 7f 02 8c 02 b4 02 db 02 23 03 e4 02 b7 02 a9 02
2026-03-11 14:22:15,320 [WARNING] CRC mismatch on cmd=0x64 len=230 — got 0x02, expected 0xe6. Full packet: 64 02 00 26 03 10 16 04 30 02 01 5b 04 fe 04 e9 02 00 03 f3 02 e7 02 f3 02 00 03 0e 03 21 03 f7 02 1a 04 00 00 00 00 00 00 00 00 00 00 00 00 00 00 00 00 00 00 00 00 00 00 00 00 00 00 00 00 00 00 00 00 00 00 00 00 00 00 00 00 00 00 00 00 00 00 00 00 00 00 00 00 00 00 00 00 00 00 00 00 00 00 00 00 00 00 00 00 00 00 00 00 00 00 00 00 00 00 00 00 64 03 00 26 03 10 16 04 30 02 00 5a 03 17 03 01 03 c0 02 f9 02 84 02 cd 02 fe 02 d5 02 bf 02 af 02 cf 02 08 03 ef 02 b3 02 c0 02 3c 03 f0 02 a3 02 da 02 c9 02 b3 02 ab 02 c0 02 a1 02 9f 02 9c 02 a1 02 9d 02 90 02 a4 02 f3 02 22 03 34 03 df 02 15 03 2d 03 f5 02 cb 02 dc 02 95 02 ba 02 88 02 7b 02 7f 02 8c 02 b4 02 db 02 23 03 e4 02 b7 02 a9 02
2026-03-11 14:22:15,393 [INFO] ← RX [230b] cmd=0x64  crc_recv=0x02  crc_calc=0xc1  raw=64 04 00 26 03 10 15 34 30 02 01 a9 02 96 02 9a 02 b6 02 d3 02 f9 02 bf 02 aa 02 d3 02 e4 02 f6 02 bc 02 b7 02 00 00 00 00 00 00 00 00 00 00 00 00 00 00 00 00 00 00 00 00 00 00 00 00 00 00 00 00 00 00 00 00 00 00 00 00 00 00 00 00 00 00 00 00 00 00 00 00 00 00 00 00 00 00 00 00 00 00 00 00 00 00 00 00 00 00 00 00 00 00 00 00 00 00 00 00 00 00 64 05 00 26 03 10 15 34 30 02 00 07 03 cb 02 c1 02 a9 02 f7 02 e3 02 ee 02 0b 03 14 03 c7 02 d5 02 ec 02 df 02 06 03 eb 02 d5 02 fa 02 eb 02 f0 02 c5 02 e5 02 05 03 1d 03 23 03 d3 02 d7 02 b9 02 ab 02 ad 02 bb 02 a8 02 be 02 ec 02 2d 03 51 03 fd 02 0a 03 fd 02 f4 02 ec 02 c2 02 cb 02 d2 02 d6 02 cb 02 aa 02 bc 02 c4 02 f9 02 00 03 d7 02 e0 02
2026-03-11 14:22:15,394 [WARNING] CRC mismatch on cmd=0x64 len=230 — got 0x02, expected 0xc1. Full packet: 64 04 00 26 03 10 15 34 30 02 01 a9 02 96 02 9a 02 b6 02 d3 02 f9 02 bf 02 aa 02 d3 02 e4 02 f6 02 bc 02 b7 02 00 00 00 00 00 00 00 00 00 00 00 00 00 00 00 00 00 00 00 00 00 00 00 00 00 00 00 00 00 00 00 00 00 00 00 00 00 00 00 00 00 00 00 00 00 00 00 00 00 00 00 00 00 00 00 00 00 00 00 00 00 00 00 00 00 00 00 00 00 00 00 00 00 00 00 00 00 00 64 05 00 26 03 10 15 34 30 02 00 07 03 cb 02 c1 02 a9 02 f7 02 e3 02 ee 02 0b 03 14 03 c7 02 d5 02 ec 02 df 02 06 03 eb 02 d5 02 fa 02 eb 02 f0 02 c5 02 e5 02 05 03 1d 03 23 03 d3 02 d7 02 b9 02 ab 02 ad 02 bb 02 a8 02 be 02 ec 02 2d 03 51 03 fd 02 0a 03 fd 02 f4 02 ec 02 c2 02 cb 02 d2 02 d6 02 cb 02 aa 02 bc 02 c4 02 f9 02 00 03 d7 02 e0 02
2026-03-11 14:22:15,469 [INFO] ← RX [230b] cmd=0x64  crc_recv=0x03  crc_calc=0x0a  raw=64 06 00 26 03 10 14 34 30 02 01 e7 02 ed 02 60 03 34 03 fa 02 1f 03 23 03 7f 03 07 03 00 00 00 00 00 00 00 00 00 00 00 00 00 00 00 00 00 00 00 00 00 00 00 00 00 00 00 00 00 00 00 00 00 00 00 00 00 00 00 00 00 00 00 00 00 00 00 00 00 00 00 00 00 00 00 00 00 00 00 00 00 00 00 00 00 00 00 00 00 00 00 00 00 00 00 00 00 00 00 00 00 00 00 00 00 00 64 07 00 26 03 10 14 34 30 02 00 05 03 3e 03 15 03 53 03 78 02 65 03 7a 03 5a 03 5b 03 5a 03 4a 03 b2 03 13 03 f1 02 e3 02 02 03 1b 03 e1 02 fe 02 0d 03 20 03 14 03 01 03 21 03 6c 03 38 03 4d 03 04 03 4a 03 6d 03 2d 03 46 03 3d 03 45 03 ca 02 4f 03 d0 02 e5 02 a0 02 d7 02 f0 02 e6 02 e1 02 24 03 2f 03 11 03 3e 03 25 03 e6 02 15 03 2f 03 20 03
2026-03-11 14:22:15,469 [WARNING] CRC mismatch on cmd=0x64 len=230 — got 0x03, expected 0x0a. Full packet: 64 06 00 26 03 10 14 34 30 02 01 e7 02 ed 02 60 03 34 03 fa 02 1f 03 23 03 7f 03 07 03 00 00 00 00 00 00 00 00 00 00 00 00 00 00 00 00 00 00 00 00 00 00 00 00 00 00 00 00 00 00 00 00 00 00 00 00 00 00 00 00 00 00 00 00 00 00 00 00 00 00 00 00 00 00 00 00 00 00 00 00 00 00 00 00 00 00 00 00 00 00 00 00 00 00 00 00 00 00 00 00 00 00 00 00 00 00 64 07 00 26 03 10 14 34 30 02 00 05 03 3e 03 15 03 53 03 78 02 65 03 7a 03 5a 03 5b 03 5a 03 4a 03 b2 03 13 03 f1 02 e3 02 02 03 1b 03 e1 02 fe 02 0d 03 20 03 14 03 01 03 21 03 6c 03 38 03 4d 03 04 03 4a 03 6d 03 2d 03 46 03 3d 03 45 03 ca 02 4f 03 d0 02 e5 02 a0 02 d7 02 f0 02 e6 02 e1 02 24 03 2f 03 11 03 3e 03 25 03 e6 02 15 03 2f 03 20 03
2026-03-11 14:22:15,576 [INFO] ← RX [2b] cmd=0x64  crc_recv=0xff  crc_calc=0x64  raw=64 ff
2026-03-11 14:22:15,576 [INFO] ← No data on device for cmd=0x64
2026-03-11 14:22:15,577 [INFO] No PPI data on device.
2026-03-11 14:27:38,153 [INFO] Disconnected.
2026-03-11 14:27:47,794 [INFO] Connecting to CE:68:27:E4:9F:D0...
2026-03-11 14:27:50,733 [INFO] Connected ✓  (notifications enabled)
2026-03-11 14:27:59,421 [INFO] ← RX [230b] cmd=0x64  crc_recv=0x02  crc_calc=0x18  raw=64 00 00 26 03 11 11 34 30 02 01 68 03 16 03 6c 03 b3 03 cc 03 75 03 20 03 81 03 be 03 8a 03 2a 03 2b 03 73 03 a9 03 99 03 37 03 6d 03 b0 03 00 00 00 00 00 00 00 00 00 00 00 00 00 00 00 00 00 00 00 00 00 00 00 00 00 00 00 00 00 00 00 00 00 00 00 00 00 00 00 00 00 00 00 00 00 00 00 00 00 00 00 00 00 00 00 00 00 00 00 00 00 00 00 00 00 00 00 00 64 01 00 26 03 11 11 34 30 02 00 ee 02 95 02 67 02 e1 02 db 02 c3 02 f2 02 13 03 5e 03 3c 03 13 03 f0 02 1d 03 4c 03 9b 03 9a 03 63 03 39 03 a6 03 9b 03 ed 03 5b 03 0f 03 1b 03 22 03 f7 02 09 03 5a 03 54 03 93 03 31 03 06 03 6d 03 bc 03 8f 03 1d 03 1a 03 47 03 56 03 2c 03 10 03 49 03 ab 03 55 03 46 03 2b 03 b7 02 12 03 02 03 07 03 20 03 fc 02
2026-03-11 14:27:59,423 [INFO]   📦 PPI record #0 [2038-03-17 17:52:48] 18 beats  mean=883.8ms  RMSSD=70.7ms  HR≈68bpm
2026-03-11 14:27:59,556 [INFO] ← RX [230b] cmd=0x64  crc_recv=0x02  crc_calc=0xe6  raw=64 02 00 26 03 10 16 04 30 02 01 5b 04 fe 04 e9 02 00 03 f3 02 e7 02 f3 02 00 03 0e 03 21 03 f7 02 1a 04 00 00 00 00 00 00 00 00 00 00 00 00 00 00 00 00 00 00 00 00 00 00 00 00 00 00 00 00 00 00 00 00 00 00 00 00 00 00 00 00 00 00 00 00 00 00 00 00 00 00 00 00 00 00 00 00 00 00 00 00 00 00 00 00 00 00 00 00 00 00 00 00 00 00 00 00 00 00 00 00 64 03 00 26 03 10 16 04 30 02 00 5a 03 17 03 01 03 c0 02 f9 02 84 02 cd 02 fe 02 d5 02 bf 02 af 02 cf 02 08 03 ef 02 b3 02 c0 02 3c 03 f0 02 a3 02 da 02 c9 02 b3 02 ab 02 c0 02 a1 02 9f 02 9c 02 a1 02 9d 02 90 02 a4 02 f3 02 22 03 34 03 df 02 15 03 2d 03 f5 02 cb 02 dc 02 95 02 ba 02 88 02 7b 02 7f 02 8c 02 b4 02 db 02 23 03 e4 02 b7 02 a9 02
2026-03-11 14:27:59,557 [INFO]   📦 PPI record #2 [2038-03-16 22:04:48] 12 beats  mean=859.9ms  RMSSD=190.4ms  HR≈70bpm
2026-03-11 14:27:59,563 [INFO] ← RX [230b] cmd=0x64  crc_recv=0x02  crc_calc=0xc1  raw=64 04 00 26 03 10 15 34 30 02 01 a9 02 96 02 9a 02 b6 02 d3 02 f9 02 bf 02 aa 02 d3 02 e4 02 f6 02 bc 02 b7 02 00 00 00 00 00 00 00 00 00 00 00 00 00 00 00 00 00 00 00 00 00 00 00 00 00 00 00 00 00 00 00 00 00 00 00 00 00 00 00 00 00 00 00 00 00 00 00 00 00 00 00 00 00 00 00 00 00 00 00 00 00 00 00 00 00 00 00 00 00 00 00 00 00 00 00 00 00 00 64 05 00 26 03 10 15 34 30 02 00 07 03 cb 02 c1 02 a9 02 f7 02 e3 02 ee 02 0b 03 14 03 c7 02 d5 02 ec 02 df 02 06 03 eb 02 d5 02 fa 02 eb 02 f0 02 c5 02 e5 02 05 03 1d 03 23 03 d3 02 d7 02 b9 02 ab 02 ad 02 bb 02 a8 02 be 02 ec 02 2d 03 51 03 fd 02 0a 03 fd 02 f4 02 ec 02 c2 02 cb 02 d2 02 d6 02 cb 02 aa 02 bc 02 c4 02 f9 02 00 03 d7 02 e0 02
2026-03-11 14:27:59,564 [INFO]   📦 PPI record #4 [2038-03-16 21:52:48] 13 beats  mean=706.8ms  RMSSD=32.8ms  HR≈85bpm
2026-03-11 14:27:59,569 [INFO] ← RX [230b] cmd=0x64  crc_recv=0x03  crc_calc=0x0a  raw=64 06 00 26 03 10 14 34 30 02 01 e7 02 ed 02 60 03 34 03 fa 02 1f 03 23 03 7f 03 07 03 00 00 00 00 00 00 00 00 00 00 00 00 00 00 00 00 00 00 00 00 00 00 00 00 00 00 00 00 00 00 00 00 00 00 00 00 00 00 00 00 00 00 00 00 00 00 00 00 00 00 00 00 00 00 00 00 00 00 00 00 00 00 00 00 00 00 00 00 00 00 00 00 00 00 00 00 00 00 00 00 00 00 00 00 00 00 64 07 00 26 03 10 14 34 30 02 00 05 03 3e 03 15 03 53 03 78 02 65 03 7a 03 5a 03 5b 03 5a 03 4a 03 b2 03 13 03 f1 02 e3 02 02 03 1b 03 e1 02 fe 02 0d 03 20 03 14 03 01 03 21 03 6c 03 38 03 4d 03 04 03 4a 03 6d 03 2d 03 46 03 3d 03 45 03 ca 02 4f 03 d0 02 e5 02 a0 02 d7 02 f0 02 e6 02 e1 02 24 03 2f 03 11 03 3e 03 25 03 e6 02 15 03 2f 03 20 03
2026-03-11 14:27:59,570 [INFO] ← RX [2b] cmd=0x64  crc_recv=0xff  crc_calc=0x64  raw=64 ff
2026-03-11 14:27:59,571 [INFO] ← No data on device for cmd=0x64
2026-03-11 14:27:59,572 [INFO]   📦 PPI record #6 [2038-03-16 20:52:48] 9 beats  mean=801.1ms  RMSSD=73.2ms  HR≈75bpm
2026-03-11 14:27:59,597 [INFO] ← RX [2b] cmd=0x64  crc_recv=0xff  crc_calc=0x64  raw=64 ff
2026-03-11 14:27:59,597 [INFO] ← No data on device for cmd=0x64
2026-03-11 14:27:59,597 [INFO] ← RX [2b] cmd=0x64  crc_recv=0xff  crc_calc=0x64  raw=64 ff
2026-03-11 14:27:59,598 [INFO] ← No data on device for cmd=0x64
2026-03-11 14:27:59,598 [INFO] ✅ PPI: 4 records retrieved
2026-03-11 14:33:03,814 [INFO] Disconnected.
2026-03-11 14:33:08,920 [INFO] Connecting to CE:68:27:E4:9F:D0...
2026-03-11 14:33:14,083 [INFO] Connected ✓  (notifications enabled)
2026-03-11 14:33:21,108 [INFO] ← RX [230b] cmd=0x64  crc_recv=0x02  crc_calc=0x18  raw=64 00 00 26 03 11 11 34 30 02 01 68 03 16 03 6c 03 b3 03 cc 03 75 03 20 03 81 03 be 03 8a 03 2a 03 2b 03 73 03 a9 03 99 03 37 03 6d 03 b0 03 00 00 00 00 00 00 00 00 00 00 00 00 00 00 00 00 00 00 00 00 00 00 00 00 00 00 00 00 00 00 00 00 00 00 00 00 00 00 00 00 00 00 00 00 00 00 00 00 00 00 00 00 00 00 00 00 00 00 00 00 00 00 00 00 00 00 00 00 64 01 00 26 03 11 11 34 30 02 00 ee 02 95 02 67 02 e1 02 db 02 c3 02 f2 02 13 03 5e 03 3c 03 13 03 f0 02 1d 03 4c 03 9b 03 9a 03 63 03 39 03 a6 03 9b 03 ed 03 5b 03 0f 03 1b 03 22 03 f7 02 09 03 5a 03 54 03 93 03 31 03 06 03 6d 03 bc 03 8f 03 1d 03 1a 03 47 03 56 03 2c 03 10 03 49 03 ab 03 55 03 46 03 2b 03 b7 02 12 03 02 03 07 03 20 03 fc 02
2026-03-11 14:33:21,109 [INFO]   📦 PPI record #0 [2026-03-11 11:34:30] 18 beats  mean=883.8ms  RMSSD=70.7ms  HR≈68bpm
2026-03-11 14:33:21,109 [INFO]   📦 PPI record #1 [2026-03-11 11:34:30] 52 beats  mean=817.3ms  RMSSD=63.5ms  HR≈73bpm
2026-03-11 14:33:21,241 [INFO] ← RX [230b] cmd=0x64  crc_recv=0x02  crc_calc=0xe6  raw=64 02 00 26 03 10 16 04 30 02 01 5b 04 fe 04 e9 02 00 03 f3 02 e7 02 f3 02 00 03 0e 03 21 03 f7 02 1a 04 00 00 00 00 00 00 00 00 00 00 00 00 00 00 00 00 00 00 00 00 00 00 00 00 00 00 00 00 00 00 00 00 00 00 00 00 00 00 00 00 00 00 00 00 00 00 00 00 00 00 00 00 00 00 00 00 00 00 00 00 00 00 00 00 00 00 00 00 00 00 00 00 00 00 00 00 00 00 00 00 64 03 00 26 03 10 16 04 30 02 00 5a 03 17 03 01 03 c0 02 f9 02 84 02 cd 02 fe 02 d5 02 bf 02 af 02 cf 02 08 03 ef 02 b3 02 c0 02 3c 03 f0 02 a3 02 da 02 c9 02 b3 02 ab 02 c0 02 a1 02 9f 02 9c 02 a1 02 9d 02 90 02 a4 02 f3 02 22 03 34 03 df 02 15 03 2d 03 f5 02 cb 02 dc 02 95 02 ba 02 88 02 7b 02 7f 02 8c 02 b4 02 db 02 23 03 e4 02 b7 02 a9 02
2026-03-11 14:33:21,242 [INFO]   📦 PPI record #2 [2026-03-10 16:04:30] 12 beats  mean=859.9ms  RMSSD=190.4ms  HR≈70bpm
2026-03-11 14:33:21,242 [INFO]   📦 PPI record #3 [2026-03-10 16:04:30] 52 beats  mean=719.6ms  RMSSD=49.8ms  HR≈83bpm
2026-03-11 14:33:21,247 [INFO] ← RX [230b] cmd=0x64  crc_recv=0x02  crc_calc=0xc1  raw=64 04 00 26 03 10 15 34 30 02 01 a9 02 96 02 9a 02 b6 02 d3 02 f9 02 bf 02 aa 02 d3 02 e4 02 f6 02 bc 02 b7 02 00 00 00 00 00 00 00 00 00 00 00 00 00 00 00 00 00 00 00 00 00 00 00 00 00 00 00 00 00 00 00 00 00 00 00 00 00 00 00 00 00 00 00 00 00 00 00 00 00 00 00 00 00 00 00 00 00 00 00 00 00 00 00 00 00 00 00 00 00 00 00 00 00 00 00 00 00 00 64 05 00 26 03 10 15 34 30 02 00 07 03 cb 02 c1 02 a9 02 f7 02 e3 02 ee 02 0b 03 14 03 c7 02 d5 02 ec 02 df 02 06 03 eb 02 d5 02 fa 02 eb 02 f0 02 c5 02 e5 02 05 03 1d 03 23 03 d3 02 d7 02 b9 02 ab 02 ad 02 bb 02 a8 02 be 02 ec 02 2d 03 51 03 fd 02 0a 03 fd 02 f4 02 ec 02 c2 02 cb 02 d2 02 d6 02 cb 02 aa 02 bc 02 c4 02 f9 02 00 03 d7 02 e0 02
2026-03-11 14:33:21,248 [INFO]   📦 PPI record #4 [2026-03-10 15:34:30] 13 beats  mean=706.8ms  RMSSD=32.8ms  HR≈85bpm
2026-03-11 14:33:21,249 [INFO]   📦 PPI record #5 [2026-03-10 15:34:30] 52 beats  mean=738.9ms  RMSSD=34.1ms  HR≈81bpm
2026-03-11 14:33:21,253 [INFO] ← RX [230b] cmd=0x64  crc_recv=0x03  crc_calc=0x0a  raw=64 06 00 26 03 10 14 34 30 02 01 e7 02 ed 02 60 03 34 03 fa 02 1f 03 23 03 7f 03 07 03 00 00 00 00 00 00 00 00 00 00 00 00 00 00 00 00 00 00 00 00 00 00 00 00 00 00 00 00 00 00 00 00 00 00 00 00 00 00 00 00 00 00 00 00 00 00 00 00 00 00 00 00 00 00 00 00 00 00 00 00 00 00 00 00 00 00 00 00 00 00 00 00 00 00 00 00 00 00 00 00 00 00 00 00 00 00 64 07 00 26 03 10 14 34 30 02 00 05 03 3e 03 15 03 53 03 78 02 65 03 7a 03 5a 03 5b 03 5a 03 4a 03 b2 03 13 03 f1 02 e3 02 02 03 1b 03 e1 02 fe 02 0d 03 20 03 14 03 01 03 21 03 6c 03 38 03 4d 03 04 03 4a 03 6d 03 2d 03 46 03 3d 03 45 03 ca 02 4f 03 d0 02 e5 02 a0 02 d7 02 f0 02 e6 02 e1 02 24 03 2f 03 11 03 3e 03 25 03 e6 02 15 03 2f 03 20 03
2026-03-11 14:33:21,254 [INFO] ← RX [2b] cmd=0x64  crc_recv=0xff  crc_calc=0x64  raw=64 ff
2026-03-11 14:33:21,254 [INFO] ← No data on device for cmd=0x64
2026-03-11 14:33:21,255 [INFO]   📦 PPI record #6 [2026-03-10 14:34:30] 9 beats  mean=801.1ms  RMSSD=73.2ms  HR≈75bpm
2026-03-11 14:33:21,255 [INFO]   📦 PPI record #7 [2026-03-10 14:34:30] 52 beats  mean=797.6ms  RMSSD=71.2ms  HR≈75bpm
2026-03-11 14:33:21,327 [INFO] ← RX [2b] cmd=0x64  crc_recv=0xff  crc_calc=0x64  raw=64 ff
2026-03-11 14:33:21,327 [INFO] ← No data on device for cmd=0x64
2026-03-11 14:33:21,327 [INFO] ✅ PPI: 8 records retrieved
2026-03-11 14:39:14,933 [INFO] Disconnected.
2026-03-11 14:53:51,391 [INFO] Connecting to CE:68:27:E4:9F:D0...
2026-03-11 14:54:00,151 [INFO] Connected ✓  (notifications enabled)
2026-03-11 14:54:16,782 [INFO] 🧪 EXPERIMENT: setting auto HR interval=1 min...
2026-03-11 14:54:16,978 [INFO] ← RX [16b] cmd=0x01  crc_recv=0xf5  crc_calc=0xf5  raw=01 f4 00 00 00 00 00 00 00 00 00 00 00 00 00 f5
2026-03-11 14:54:16,979 [INFO] ⏰ Time sync: OK
2026-03-11 14:54:17,068 [INFO] ← RX [16b] cmd=0x2a  crc_recv=0x2a  crc_calc=0x2a  raw=2a 00 00 00 00 00 00 00 00 00 00 00 00 00 00 2a
2026-03-11 14:54:17,069 [INFO] ✅ Auto HR set to 1-min interval. Waiting 5 min...
2026-03-11 14:54:17,069 [INFO]   ⏳ 300s remaining...
2026-03-11 14:54:32,074 [INFO]   ⏳ 285s remaining...
2026-03-11 14:54:47,086 [INFO]   ⏳ 270s remaining...
2026-03-11 14:55:02,098 [INFO]   ⏳ 255s remaining...
2026-03-11 14:55:17,110 [INFO]   ⏳ 240s remaining...
2026-03-11 14:55:32,122 [INFO]   ⏳ 225s remaining...
2026-03-11 14:55:47,138 [INFO]   ⏳ 210s remaining...
2026-03-11 14:56:02,150 [INFO]   ⏳ 195s remaining...
2026-03-11 14:56:17,162 [INFO]   ⏳ 180s remaining...
2026-03-11 14:56:32,174 [INFO]   ⏳ 165s remaining...
2026-03-11 14:56:47,190 [INFO]   ⏳ 150s remaining...
2026-03-11 14:57:02,202 [INFO]   ⏳ 135s remaining...
2026-03-11 14:57:17,218 [INFO]   ⏳ 120s remaining...
2026-03-11 14:57:32,220 [INFO]   ⏳ 105s remaining...
2026-03-11 14:57:47,234 [INFO]   ⏳ 90s remaining...
2026-03-11 14:58:02,246 [INFO]   ⏳ 75s remaining...
2026-03-11 14:58:17,262 [INFO]   ⏳ 60s remaining...
2026-03-11 14:58:32,277 [INFO]   ⏳ 45s remaining...
2026-03-11 14:58:47,290 [INFO]   ⏳ 30s remaining...
2026-03-11 14:59:02,302 [INFO]   ⏳ 15s remaining...
2026-03-11 14:59:17,314 [INFO] 📖 Reading PPI records...
2026-03-11 14:59:18,013 [INFO] ← RX [230b] cmd=0x64  crc_recv=0x02  crc_calc=0x18  raw=64 00 00 26 03 11 11 34 30 02 01 68 03 16 03 6c 03 b3 03 cc 03 75 03 20 03 81 03 be 03 8a 03 2a 03 2b 03 73 03 a9 03 99 03 37 03 6d 03 b0 03 00 00 00 00 00 00 00 00 00 00 00 00 00 00 00 00 00 00 00 00 00 00 00 00 00 00 00 00 00 00 00 00 00 00 00 00 00 00 00 00 00 00 00 00 00 00 00 00 00 00 00 00 00 00 00 00 00 00 00 00 00 00 00 00 00 00 00 00 64 01 00 26 03 11 11 34 30 02 00 ee 02 95 02 67 02 e1 02 db 02 c3 02 f2 02 13 03 5e 03 3c 03 13 03 f0 02 1d 03 4c 03 9b 03 9a 03 63 03 39 03 a6 03 9b 03 ed 03 5b 03 0f 03 1b 03 22 03 f7 02 09 03 5a 03 54 03 93 03 31 03 06 03 6d 03 bc 03 8f 03 1d 03 1a 03 47 03 56 03 2c 03 10 03 49 03 ab 03 55 03 46 03 2b 03 b7 02 12 03 02 03 07 03 20 03 fc 02
2026-03-11 14:59:18,014 [INFO]   📦 PPI record #0 [2026-03-11 11:34:30] 18 beats  mean=883.8ms  RMSSD=70.7ms  HR≈68bpm
2026-03-11 14:59:18,015 [INFO]   📦 PPI record #1 [2026-03-11 11:34:30] 52 beats  mean=817.3ms  RMSSD=63.5ms  HR≈73bpm
2026-03-11 14:59:19,137 [INFO] ← RX [230b] cmd=0x64  crc_recv=0x02  crc_calc=0xe6  raw=64 02 00 26 03 10 16 04 30 02 01 5b 04 fe 04 e9 02 00 03 f3 02 e7 02 f3 02 00 03 0e 03 21 03 f7 02 1a 04 00 00 00 00 00 00 00 00 00 00 00 00 00 00 00 00 00 00 00 00 00 00 00 00 00 00 00 00 00 00 00 00 00 00 00 00 00 00 00 00 00 00 00 00 00 00 00 00 00 00 00 00 00 00 00 00 00 00 00 00 00 00 00 00 00 00 00 00 00 00 00 00 00 00 00 00 00 00 00 00 64 03 00 26 03 10 16 04 30 02 00 5a 03 17 03 01 03 c0 02 f9 02 84 02 cd 02 fe 02 d5 02 bf 02 af 02 cf 02 08 03 ef 02 b3 02 c0 02 3c 03 f0 02 a3 02 da 02 c9 02 b3 02 ab 02 c0 02 a1 02 9f 02 9c 02 a1 02 9d 02 90 02 a4 02 f3 02 22 03 34 03 df 02 15 03 2d 03 f5 02 cb 02 dc 02 95 02 ba 02 88 02 7b 02 7f 02 8c 02 b4 02 db 02 23 03 e4 02 b7 02 a9 02
2026-03-11 14:59:19,138 [INFO]   📦 PPI record #2 [2026-03-10 16:04:30] 12 beats  mean=859.9ms  RMSSD=190.4ms  HR≈70bpm
2026-03-11 14:59:19,139 [INFO]   📦 PPI record #3 [2026-03-10 16:04:30] 52 beats  mean=719.6ms  RMSSD=49.8ms  HR≈83bpm
2026-03-11 14:59:19,142 [INFO] ← RX [230b] cmd=0x64  crc_recv=0x02  crc_calc=0xc1  raw=64 04 00 26 03 10 15 34 30 02 01 a9 02 96 02 9a 02 b6 02 d3 02 f9 02 bf 02 aa 02 d3 02 e4 02 f6 02 bc 02 b7 02 00 00 00 00 00 00 00 00 00 00 00 00 00 00 00 00 00 00 00 00 00 00 00 00 00 00 00 00 00 00 00 00 00 00 00 00 00 00 00 00 00 00 00 00 00 00 00 00 00 00 00 00 00 00 00 00 00 00 00 00 00 00 00 00 00 00 00 00 00 00 00 00 00 00 00 00 00 00 64 05 00 26 03 10 15 34 30 02 00 07 03 cb 02 c1 02 a9 02 f7 02 e3 02 ee 02 0b 03 14 03 c7 02 d5 02 ec 02 df 02 06 03 eb 02 d5 02 fa 02 eb 02 f0 02 c5 02 e5 02 05 03 1d 03 23 03 d3 02 d7 02 b9 02 ab 02 ad 02 bb 02 a8 02 be 02 ec 02 2d 03 51 03 fd 02 0a 03 fd 02 f4 02 ec 02 c2 02 cb 02 d2 02 d6 02 cb 02 aa 02 bc 02 c4 02 f9 02 00 03 d7 02 e0 02
2026-03-11 14:59:19,144 [INFO]   📦 PPI record #4 [2026-03-10 15:34:30] 13 beats  mean=706.8ms  RMSSD=32.8ms  HR≈85bpm
2026-03-11 14:59:19,145 [INFO]   📦 PPI record #5 [2026-03-10 15:34:30] 52 beats  mean=738.9ms  RMSSD=34.1ms  HR≈81bpm
2026-03-11 14:59:19,148 [INFO] ← RX [230b] cmd=0x64  crc_recv=0x03  crc_calc=0x0a  raw=64 06 00 26 03 10 14 34 30 02 01 e7 02 ed 02 60 03 34 03 fa 02 1f 03 23 03 7f 03 07 03 00 00 00 00 00 00 00 00 00 00 00 00 00 00 00 00 00 00 00 00 00 00 00 00 00 00 00 00 00 00 00 00 00 00 00 00 00 00 00 00 00 00 00 00 00 00 00 00 00 00 00 00 00 00 00 00 00 00 00 00 00 00 00 00 00 00 00 00 00 00 00 00 00 00 00 00 00 00 00 00 00 00 00 00 00 00 64 07 00 26 03 10 14 34 30 02 00 05 03 3e 03 15 03 53 03 78 02 65 03 7a 03 5a 03 5b 03 5a 03 4a 03 b2 03 13 03 f1 02 e3 02 02 03 1b 03 e1 02 fe 02 0d 03 20 03 14 03 01 03 21 03 6c 03 38 03 4d 03 04 03 4a 03 6d 03 2d 03 46 03 3d 03 45 03 ca 02 4f 03 d0 02 e5 02 a0 02 d7 02 f0 02 e6 02 e1 02 24 03 2f 03 11 03 3e 03 25 03 e6 02 15 03 2f 03 20 03
2026-03-11 14:59:19,149 [INFO] ← RX [2b] cmd=0x64  crc_recv=0xff  crc_calc=0x64  raw=64 ff
2026-03-11 14:59:19,149 [INFO] ← No data on device for cmd=0x64
2026-03-11 14:59:19,150 [INFO]   📦 PPI record #6 [2026-03-10 14:34:30] 9 beats  mean=801.1ms  RMSSD=73.2ms  HR≈75bpm
2026-03-11 14:59:19,151 [INFO]   📦 PPI record #7 [2026-03-10 14:34:30] 52 beats  mean=797.6ms  RMSSD=71.2ms  HR≈75bpm
2026-03-11 14:59:19,507 [INFO] ← RX [2b] cmd=0x64  crc_recv=0xff  crc_calc=0x64  raw=64 ff
2026-03-11 14:59:19,508 [INFO] ← No data on device for cmd=0x64
2026-03-11 14:59:19,508 [INFO] ← RX [2b] cmd=0x64  crc_recv=0xff  crc_calc=0x64  raw=64 ff
2026-03-11 14:59:19,509 [INFO] ← No data on device for cmd=0x64
2026-03-11 14:59:19,509 [INFO] ✅ PPI: 8 records retrieved
2026-03-11 14:59:19,525 [INFO] 🔬 Result: Minimum observed interval: 30.0 min
2026-03-11 14:59:19,525 [INFO]    Gaps: [60.0, 30.0, 1170.0]
2026-03-11 15:57:08,174 [INFO] 🌡  Warming up sensor (5s HR mode) before HRV...
2026-03-11 15:57:08,175 [INFO] ← RX [2b] cmd=0x64  crc_recv=0xff  crc_calc=0x64  raw=64 ff
2026-03-11 15:57:08,175 [INFO] ← No data on device for cmd=0x64
2026-03-11 15:57:08,177 [INFO] ← RX [16b] cmd=0x16  crc_recv=0x08  crc_calc=0x08  raw=16 07 00 00 e8 03 00 00 00 00 00 00 00 00 00 08
2026-03-11 15:57:18,150 [INFO] Connecting to CE:68:27:E4:9F:D0...
2026-03-11 15:57:22,904 [INFO] Connected ✓  (notifications enabled)
2026-03-11 15:57:29,796 [INFO] 🌡  Warming up sensor (5s HR mode) before HRV...
2026-03-11 15:57:32,399 [INFO] ← RX [16b] cmd=0x28  crc_recv=0x8f  crc_calc=0x8f  raw=28 02 00 00 37 2e 00 00 00 00 00 00 00 00 00 8f
2026-03-11 15:57:33,433 [INFO] ← RX [16b] cmd=0x28  crc_recv=0x8f  crc_calc=0x8f  raw=28 02 00 00 37 2e 00 00 00 00 00 00 00 00 00 8f
2026-03-11 15:57:34,423 [INFO] ← RX [16b] cmd=0x28  crc_recv=0x8f  crc_calc=0x8f  raw=28 02 00 00 37 2e 00 00 00 00 00 00 00 00 00 8f
2026-03-11 15:57:35,101 [INFO] ▶ HRV measurement started (60s)...
2026-03-11 15:57:37,519 [INFO] ← RX [16b] cmd=0x28  crc_recv=0x8e  crc_calc=0x8e  raw=28 01 00 00 37 2e 00 00 00 00 00 00 00 00 00 8e
2026-03-11 15:57:37,520 [INFO]   🧠 HRV raw [2026-03-11T15:57:37.520] — type=1 hrv=0 spo2=0 fatigue=0 sbp=0 dbp=0  raw=28 01 00 00 37 2e 00 00 00 00 00 00 00 00 00 8e
2026-03-11 15:57:38,428 [INFO] ← RX [16b] cmd=0x28  crc_recv=0x8e  crc_calc=0x8e  raw=28 01 00 00 37 2e 00 00 00 00 00 00 00 00 00 8e
2026-03-11 15:57:38,428 [INFO]   🧠 HRV raw [2026-03-11T15:57:38.428] — type=1 hrv=0 spo2=0 fatigue=0 sbp=0 dbp=0  raw=28 01 00 00 37 2e 00 00 00 00 00 00 00 00 00 8e
2026-03-11 15:58:22,575 [INFO] Disconnected.
2026-03-11 15:58:26,019 [INFO] Connecting to CE:68:27:E4:9F:D0...
2026-03-11 15:58:28,918 [INFO] Connected ✓  (notifications enabled)
2026-03-11 15:58:34,523 [INFO] ▶ Real-time HR started (60s)...
2026-03-11 15:58:37,507 [INFO] ← RX [16b] cmd=0x28  crc_recv=0x8f  crc_calc=0x8f  raw=28 02 00 00 37 2e 00 00 00 00 00 00 00 00 00 8f
2026-03-11 15:58:37,507 [WARNING]   ⚠  HR=0 — sensor may not be in contact yet. Raw: 28 02 00 00 37 2e 00 00 00 00 00 00 00 00 00 8f
2026-03-11 15:58:38,412 [INFO] ← RX [16b] cmd=0x28  crc_recv=0x8f  crc_calc=0x8f  raw=28 02 00 00 37 2e 00 00 00 00 00 00 00 00 00 8f
2026-03-11 15:58:38,412 [WARNING]   ⚠  HR=0 — sensor may not be in contact yet. Raw: 28 02 00 00 37 2e 00 00 00 00 00 00 00 00 00 8f
2026-03-11 15:58:39,447 [INFO] ← RX [16b] cmd=0x28  crc_recv=0x8f  crc_calc=0x8f  raw=28 02 00 00 37 2e 00 00 00 00 00 00 00 00 00 8f
2026-03-11 15:58:39,447 [WARNING]   ⚠  HR=0 — sensor may not be in contact yet. Raw: 28 02 00 00 37 2e 00 00 00 00 00 00 00 00 00 8f
2026-03-11 15:58:40,482 [INFO] ← RX [16b] cmd=0x28  crc_recv=0x8f  crc_calc=0x8f  raw=28 02 00 00 37 2e 00 00 00 00 00 00 00 00 00 8f
2026-03-11 15:58:40,482 [WARNING]   ⚠  HR=0 — sensor may not be in contact yet. Raw: 28 02 00 00 37 2e 00 00 00 00 00 00 00 00 00 8f
2026-03-11 15:58:41,427 [INFO] ← RX [16b] cmd=0x28  crc_recv=0x8f  crc_calc=0x8f  raw=28 02 00 00 37 2e 00 00 00 00 00 00 00 00 00 8f
2026-03-11 15:58:41,427 [WARNING]   ⚠  HR=0 — sensor may not be in contact yet. Raw: 28 02 00 00 37 2e 00 00 00 00 00 00 00 00 00 8f
2026-03-11 15:58:42,417 [INFO] ← RX [16b] cmd=0x28  crc_recv=0x8f  crc_calc=0x8f  raw=28 02 00 00 37 2e 00 00 00 00 00 00 00 00 00 8f
2026-03-11 15:58:42,417 [WARNING]   ⚠  HR=0 — sensor may not be in contact yet. Raw: 28 02 00 00 37 2e 00 00 00 00 00 00 00 00 00 8f
2026-03-11 15:58:43,452 [INFO] ← RX [16b] cmd=0x28  crc_recv=0x8f  crc_calc=0x8f  raw=28 02 00 00 37 2e 00 00 00 00 00 00 00 00 00 8f
2026-03-11 15:58:43,452 [WARNING]   ⚠  HR=0 — sensor may not be in contact yet. Raw: 28 02 00 00 37 2e 00 00 00 00 00 00 00 00 00 8f
2026-03-11 15:58:44,397 [INFO] ← RX [16b] cmd=0x28  crc_recv=0x8f  crc_calc=0x8f  raw=28 02 00 00 37 2e 00 00 00 00 00 00 00 00 00 8f
2026-03-11 15:58:44,397 [WARNING]   ⚠  HR=0 — sensor may not be in contact yet. Raw: 28 02 00 00 37 2e 00 00 00 00 00 00 00 00 00 8f
2026-03-11 15:58:45,432 [INFO] ← RX [16b] cmd=0x28  crc_recv=0x8f  crc_calc=0x8f  raw=28 02 00 00 37 2e 00 00 00 00 00 00 00 00 00 8f
2026-03-11 15:58:45,432 [WARNING]   ⚠  HR=0 — sensor may not be in contact yet. Raw: 28 02 00 00 37 2e 00 00 00 00 00 00 00 00 00 8f
2026-03-11 15:58:46,422 [INFO] ← RX [16b] cmd=0x28  crc_recv=0xcd  crc_calc=0xcd  raw=28 02 3e 00 37 2e 00 00 00 00 00 00 00 00 00 cd
2026-03-11 15:58:46,422 [INFO]   📡 HR: {'measure_type': 2, 'heart_rate': 62, 'spo2': 0}
2026-03-11 15:58:47,546 [INFO] ← RX [16b] cmd=0x28  crc_recv=0xcc  crc_calc=0xcc  raw=28 02 3d 00 37 2e 00 00 00 00 00 00 00 00 00 cc
2026-03-11 15:58:47,547 [INFO]   📡 HR: {'measure_type': 2, 'heart_rate': 61, 'spo2': 0}
2026-03-11 15:58:48,401 [INFO] ← RX [16b] cmd=0x28  crc_recv=0xcc  crc_calc=0xcc  raw=28 02 3d 00 37 2e 00 00 00 00 00 00 00 00 00 cc
2026-03-11 15:58:48,402 [INFO]   📡 HR: {'measure_type': 2, 'heart_rate': 61, 'spo2': 0}
2026-03-11 15:58:49,481 [INFO] ← RX [16b] cmd=0x28  crc_recv=0xcc  crc_calc=0xcc  raw=28 02 3d 00 37 2e 00 00 00 00 00 00 00 00 00 cc
2026-03-11 15:58:49,482 [INFO]   📡 HR: {'measure_type': 2, 'heart_rate': 61, 'spo2': 0}
2026-03-11 15:58:50,426 [INFO] ← RX [16b] cmd=0x28  crc_recv=0xcf  crc_calc=0xcf  raw=28 02 40 00 37 2e 00 00 00 00 00 00 00 00 00 cf
2026-03-11 15:58:50,427 [INFO]   📡 HR: {'measure_type': 2, 'heart_rate': 64, 'spo2': 0}
2026-03-11 15:58:51,416 [INFO] ← RX [16b] cmd=0x28  crc_recv=0xd0  crc_calc=0xd0  raw=28 02 41 00 37 2e 00 00 00 00 00 00 00 00 00 d0
2026-03-11 15:58:51,417 [INFO]   📡 HR: {'measure_type': 2, 'heart_rate': 65, 'spo2': 0}
2026-03-11 15:58:52,451 [INFO] ← RX [16b] cmd=0x28  crc_recv=0xd6  crc_calc=0xd6  raw=28 02 47 00 37 2e 00 00 00 00 00 00 00 00 00 d6
2026-03-11 15:58:52,452 [INFO]   📡 HR: {'measure_type': 2, 'heart_rate': 71, 'spo2': 0}
2026-03-11 15:58:53,396 [INFO] ← RX [16b] cmd=0x28  crc_recv=0xd7  crc_calc=0xd7  raw=28 02 48 00 37 2e 00 00 00 00 00 00 00 00 00 d7
2026-03-11 15:58:53,397 [INFO]   📡 HR: {'measure_type': 2, 'heart_rate': 72, 'spo2': 0}
2026-03-11 15:58:54,431 [INFO] ← RX [16b] cmd=0x28  crc_recv=0xd7  crc_calc=0xd7  raw=28 02 48 00 37 2e 00 00 00 00 00 00 00 00 00 d7
2026-03-11 15:58:54,431 [INFO]   📡 HR: {'measure_type': 2, 'heart_rate': 72, 'spo2': 0}
2026-03-11 15:58:55,421 [INFO] ← RX [16b] cmd=0x28  crc_recv=0xd7  crc_calc=0xd7  raw=28 02 48 00 37 2e 00 00 00 00 00 00 00 00 00 d7
2026-03-11 15:58:55,422 [INFO]   📡 HR: {'measure_type': 2, 'heart_rate': 72, 'spo2': 0}
2026-03-11 15:58:56,456 [INFO] ← RX [16b] cmd=0x28  crc_recv=0xd6  crc_calc=0xd6  raw=28 02 47 00 37 2e 00 00 00 00 00 00 00 00 00 d6
2026-03-11 15:58:56,457 [INFO]   📡 HR: {'measure_type': 2, 'heart_rate': 71, 'spo2': 0}
2026-03-11 15:58:57,401 [INFO] ← RX [16b] cmd=0x28  crc_recv=0xd5  crc_calc=0xd5  raw=28 02 46 00 37 2e 00 00 00 00 00 00 00 00 00 d5
2026-03-11 15:58:57,402 [INFO]   📡 HR: {'measure_type': 2, 'heart_rate': 70, 'spo2': 0}
2026-03-11 15:58:58,436 [INFO] ← RX [16b] cmd=0x28  crc_recv=0xd5  crc_calc=0xd5  raw=28 02 46 00 37 2e 00 00 00 00 00 00 00 00 00 d5
2026-03-11 15:58:58,437 [INFO]   📡 HR: {'measure_type': 2, 'heart_rate': 70, 'spo2': 0}
2026-03-11 15:58:59,426 [INFO] ← RX [16b] cmd=0x28  crc_recv=0xd5  crc_calc=0xd5  raw=28 02 46 00 37 2e 00 00 00 00 00 00 00 00 00 d5
2026-03-11 15:58:59,426 [INFO]   📡 HR: {'measure_type': 2, 'heart_rate': 70, 'spo2': 0}
2026-03-11 15:59:00,416 [INFO] ← RX [16b] cmd=0x28  crc_recv=0xd6  crc_calc=0xd6  raw=28 02 47 00 37 2e 00 00 00 00 00 00 00 00 00 d6
2026-03-11 15:59:00,417 [INFO]   📡 HR: {'measure_type': 2, 'heart_rate': 71, 'spo2': 0}
2026-03-11 15:59:01,406 [INFO] ← RX [16b] cmd=0x28  crc_recv=0xd5  crc_calc=0xd5  raw=28 02 46 00 37 2e 00 00 00 00 00 00 00 00 00 d5
2026-03-11 15:59:01,407 [INFO]   📡 HR: {'measure_type': 2, 'heart_rate': 70, 'spo2': 0}
2026-03-11 15:59:02,396 [INFO] ← RX [16b] cmd=0x28  crc_recv=0xd5  crc_calc=0xd5  raw=28 02 46 00 37 2e 00 00 00 00 00 00 00 00 00 d5
2026-03-11 15:59:02,397 [INFO]   📡 HR: {'measure_type': 2, 'heart_rate': 70, 'spo2': 0}
2026-03-11 15:59:03,431 [INFO] ← RX [16b] cmd=0x28  crc_recv=0xd4  crc_calc=0xd4  raw=28 02 45 00 37 2e 00 00 00 00 00 00 00 00 00 d4
2026-03-11 15:59:03,432 [INFO]   📡 HR: {'measure_type': 2, 'heart_rate': 69, 'spo2': 0}
2026-03-11 15:59:04,421 [INFO] ← RX [16b] cmd=0x28  crc_recv=0xd4  crc_calc=0xd4  raw=28 02 45 00 37 2e 00 00 00 00 00 00 00 00 00 d4
2026-03-11 15:59:04,421 [INFO]   📡 HR: {'measure_type': 2, 'heart_rate': 69, 'spo2': 0}
2026-03-11 15:59:05,456 [INFO] ← RX [16b] cmd=0x28  crc_recv=0xd4  crc_calc=0xd4  raw=28 02 45 00 37 2e 00 00 00 00 00 00 00 00 00 d4
2026-03-11 15:59:05,456 [INFO]   📡 HR: {'measure_type': 2, 'heart_rate': 69, 'spo2': 0}
2026-03-11 15:59:06,401 [INFO] ← RX [16b] cmd=0x28  crc_recv=0xd4  crc_calc=0xd4  raw=28 02 45 00 37 2e 00 00 00 00 00 00 00 00 00 d4
2026-03-11 15:59:06,402 [INFO]   📡 HR: {'measure_type': 2, 'heart_rate': 69, 'spo2': 0}
2026-03-11 15:59:07,436 [INFO] ← RX [16b] cmd=0x28  crc_recv=0xd4  crc_calc=0xd4  raw=28 02 45 00 37 2e 00 00 00 00 00 00 00 00 00 d4
2026-03-11 15:59:07,437 [INFO]   📡 HR: {'measure_type': 2, 'heart_rate': 69, 'spo2': 0}
2026-03-11 15:59:08,426 [INFO] ← RX [16b] cmd=0x28  crc_recv=0xd4  crc_calc=0xd4  raw=28 02 45 00 37 2e 00 00 00 00 00 00 00 00 00 d4
2026-03-11 15:59:08,427 [INFO]   📡 HR: {'measure_type': 2, 'heart_rate': 69, 'spo2': 0}
2026-03-11 15:59:09,461 [INFO] ← RX [16b] cmd=0x28  crc_recv=0xd4  crc_calc=0xd4  raw=28 02 45 00 37 2e 00 00 00 00 00 00 00 00 00 d4
2026-03-11 15:59:09,462 [INFO]   📡 HR: {'measure_type': 2, 'heart_rate': 69, 'spo2': 0}
2026-03-11 15:59:10,406 [INFO] ← RX [16b] cmd=0x28  crc_recv=0xd5  crc_calc=0xd5  raw=28 02 46 00 37 2e 00 00 00 00 00 00 00 00 00 d5
2026-03-11 15:59:10,407 [INFO]   📡 HR: {'measure_type': 2, 'heart_rate': 70, 'spo2': 0}
2026-03-11 15:59:11,396 [INFO] ← RX [16b] cmd=0x28  crc_recv=0xd5  crc_calc=0xd5  raw=28 02 46 00 37 2e 00 00 00 00 00 00 00 00 00 d5
2026-03-11 15:59:11,396 [INFO]   📡 HR: {'measure_type': 2, 'heart_rate': 70, 'spo2': 0}
2026-03-11 15:59:12,431 [INFO] ← RX [16b] cmd=0x28  crc_recv=0xd6  crc_calc=0xd6  raw=28 02 47 00 37 2e 00 00 00 00 00 00 00 00 00 d6
2026-03-11 15:59:12,432 [INFO]   📡 HR: {'measure_type': 2, 'heart_rate': 71, 'spo2': 0}
2026-03-11 15:59:13,421 [INFO] ← RX [16b] cmd=0x28  crc_recv=0xd6  crc_calc=0xd6  raw=28 02 47 00 37 2e 00 00 00 00 00 00 00 00 00 d6
2026-03-11 15:59:13,422 [INFO]   📡 HR: {'measure_type': 2, 'heart_rate': 71, 'spo2': 0}
2026-03-11 15:59:14,411 [INFO] ← RX [16b] cmd=0x28  crc_recv=0xd6  crc_calc=0xd6  raw=28 02 47 00 37 2e 00 00 00 00 00 00 00 00 00 d6
2026-03-11 15:59:14,411 [INFO]   📡 HR: {'measure_type': 2, 'heart_rate': 71, 'spo2': 0}
2026-03-11 15:59:15,401 [INFO] ← RX [16b] cmd=0x28  crc_recv=0xd6  crc_calc=0xd6  raw=28 02 47 00 37 2e 00 00 00 00 00 00 00 00 00 d6
2026-03-11 15:59:15,401 [INFO]   📡 HR: {'measure_type': 2, 'heart_rate': 71, 'spo2': 0}
2026-03-11 15:59:16,436 [INFO] ← RX [16b] cmd=0x28  crc_recv=0xd7  crc_calc=0xd7  raw=28 02 48 00 37 2e 00 00 00 00 00 00 00 00 00 d7
2026-03-11 15:59:16,436 [INFO]   📡 HR: {'measure_type': 2, 'heart_rate': 72, 'spo2': 0}
2026-03-11 15:59:16,437 [INFO] ← RX [16b] cmd=0x28  crc_recv=0x27  crc_calc=0x27  raw=28 ff 00 00 00 00 00 00 00 00 00 00 00 00 00 27
2026-03-11 15:59:34,544 [INFO] ⏹ Real-time HR stopped. 31 samples.
2026-03-11 15:59:41,406 [INFO] 🌡  Warming up sensor (5s HR mode) before HRV...
2026-03-11 15:59:41,408 [INFO] ← RX [16b] cmd=0x28  crc_recv=0x27  crc_calc=0x27  raw=28 ff 00 00 00 00 00 00 00 00 00 00 00 00 00 27
2026-03-11 15:59:44,559 [INFO] ← RX [16b] cmd=0x28  crc_recv=0x3d  crc_calc=0x3d  raw=28 02 00 00 37 2e 70 3e 00 00 00 00 00 00 00 3d
2026-03-11 15:59:45,415 [INFO] ← RX [16b] cmd=0x28  crc_recv=0x3d  crc_calc=0x3d  raw=28 02 00 00 37 2e 70 3e 00 00 00 00 00 00 00 3d
2026-03-11 15:59:46,405 [INFO] ← RX [16b] cmd=0x28  crc_recv=0x3d  crc_calc=0x3d  raw=28 02 00 00 37 2e 70 3e 00 00 00 00 00 00 00 3d
2026-03-11 15:59:46,713 [INFO] ▶ HRV measurement started (60s)...
2026-03-11 15:59:49,503 [INFO] ← RX [16b] cmd=0x28  crc_recv=0x29  crc_calc=0x29  raw=28 01 00 00 00 00 00 00 00 00 00 00 00 00 00 29
2026-03-11 15:59:49,504 [INFO]   🧠 HRV raw [2026-03-11T15:59:49.503] — type=1 hrv=0 spo2=0 fatigue=0 sbp=0 dbp=0  raw=28 01 00 00 00 00 00 00 00 00 00 00 00 00 00 29
2026-03-11 15:59:50,410 [INFO] ← RX [16b] cmd=0x28  crc_recv=0x29  crc_calc=0x29  raw=28 01 00 00 00 00 00 00 00 00 00 00 00 00 00 29
2026-03-11 15:59:50,411 [INFO]   🧠 HRV raw [2026-03-11T15:59:50.411] — type=1 hrv=0 spo2=0 fatigue=0 sbp=0 dbp=0  raw=28 01 00 00 00 00 00 00 00 00 00 00 00 00 00 29
2026-03-11 15:59:51,445 [INFO] ← RX [16b] cmd=0x28  crc_recv=0x29  crc_calc=0x29  raw=28 01 00 00 00 00 00 00 00 00 00 00 00 00 00 29
2026-03-11 15:59:51,446 [INFO]   🧠 HRV raw [2026-03-11T15:59:51.446] — type=1 hrv=0 spo2=0 fatigue=0 sbp=0 dbp=0  raw=28 01 00 00 00 00 00 00 00 00 00 00 00 00 00 29
2026-03-11 15:59:52,435 [INFO] ← RX [16b] cmd=0x28  crc_recv=0x29  crc_calc=0x29  raw=28 01 00 00 00 00 00 00 00 00 00 00 00 00 00 29
2026-03-11 15:59:52,436 [INFO]   🧠 HRV raw [2026-03-11T15:59:52.436] — type=1 hrv=0 spo2=0 fatigue=0 sbp=0 dbp=0  raw=28 01 00 00 00 00 00 00 00 00 00 00 00 00 00 29
2026-03-11 15:59:53,425 [INFO] ← RX [16b] cmd=0x28  crc_recv=0x29  crc_calc=0x29  raw=28 01 00 00 00 00 00 00 00 00 00 00 00 00 00 29
2026-03-11 15:59:53,426 [INFO]   🧠 HRV raw [2026-03-11T15:59:53.426] — type=1 hrv=0 spo2=0 fatigue=0 sbp=0 dbp=0  raw=28 01 00 00 00 00 00 00 00 00 00 00 00 00 00 29
2026-03-11 15:59:54,416 [INFO] ← RX [16b] cmd=0x28  crc_recv=0x29  crc_calc=0x29  raw=28 01 00 00 00 00 00 00 00 00 00 00 00 00 00 29
2026-03-11 15:59:54,416 [INFO]   🧠 HRV raw [2026-03-11T15:59:54.416] — type=1 hrv=0 spo2=0 fatigue=0 sbp=0 dbp=0  raw=28 01 00 00 00 00 00 00 00 00 00 00 00 00 00 29
2026-03-11 15:59:55,405 [INFO] ← RX [16b] cmd=0x28  crc_recv=0x29  crc_calc=0x29  raw=28 01 00 00 00 00 00 00 00 00 00 00 00 00 00 29
2026-03-11 15:59:55,406 [INFO]   🧠 HRV raw [2026-03-11T15:59:55.405] — type=1 hrv=0 spo2=0 fatigue=0 sbp=0 dbp=0  raw=28 01 00 00 00 00 00 00 00 00 00 00 00 00 00 29
2026-03-11 15:59:56,395 [INFO] ← RX [16b] cmd=0x28  crc_recv=0x29  crc_calc=0x29  raw=28 01 00 00 00 00 00 00 00 00 00 00 00 00 00 29
2026-03-11 15:59:56,396 [INFO]   🧠 HRV raw [2026-03-11T15:59:56.396] — type=1 hrv=0 spo2=0 fatigue=0 sbp=0 dbp=0  raw=28 01 00 00 00 00 00 00 00 00 00 00 00 00 00 29
2026-03-11 15:59:57,475 [INFO] ← RX [16b] cmd=0x28  crc_recv=0x29  crc_calc=0x29  raw=28 01 00 00 00 00 00 00 00 00 00 00 00 00 00 29
2026-03-11 15:59:57,476 [INFO]   🧠 HRV raw [2026-03-11T15:59:57.475] — type=1 hrv=0 spo2=0 fatigue=0 sbp=0 dbp=0  raw=28 01 00 00 00 00 00 00 00 00 00 00 00 00 00 29
2026-03-11 15:59:58,420 [INFO] ← RX [16b] cmd=0x28  crc_recv=0x70  crc_calc=0x70  raw=28 01 47 00 00 00 00 00 00 00 00 00 00 00 00 70
2026-03-11 15:59:58,421 [INFO]   🧠 HRV raw [2026-03-11T15:59:58.420] — type=1 hrv=71 spo2=0 fatigue=0 sbp=0 dbp=0  raw=28 01 47 00 00 00 00 00 00 00 00 00 00 00 00 70
2026-03-11 15:59:59,410 [INFO] ← RX [16b] cmd=0x28  crc_recv=0x6f  crc_calc=0x6f  raw=28 01 46 00 00 00 00 00 00 00 00 00 00 00 00 6f
2026-03-11 15:59:59,410 [INFO]   🧠 HRV raw [2026-03-11T15:59:59.410] — type=1 hrv=70 spo2=0 fatigue=0 sbp=0 dbp=0  raw=28 01 46 00 00 00 00 00 00 00 00 00 00 00 00 6f
2026-03-11 16:00:00,445 [INFO] ← RX [16b] cmd=0x28  crc_recv=0x6f  crc_calc=0x6f  raw=28 01 46 00 00 00 00 00 00 00 00 00 00 00 00 6f
2026-03-11 16:00:00,445 [INFO]   🧠 HRV raw [2026-03-11T16:00:00.445] — type=1 hrv=70 spo2=0 fatigue=0 sbp=0 dbp=0  raw=28 01 46 00 00 00 00 00 00 00 00 00 00 00 00 6f
2026-03-11 16:00:01,480 [INFO] ← RX [16b] cmd=0x28  crc_recv=0x6f  crc_calc=0x6f  raw=28 01 46 00 00 00 00 00 00 00 00 00 00 00 00 6f
2026-03-11 16:00:01,480 [INFO]   🧠 HRV raw [2026-03-11T16:00:01.480] — type=1 hrv=70 spo2=0 fatigue=0 sbp=0 dbp=0  raw=28 01 46 00 00 00 00 00 00 00 00 00 00 00 00 6f
2026-03-11 16:00:02,425 [INFO] ← RX [16b] cmd=0x28  crc_recv=0x6b  crc_calc=0x6b  raw=28 01 42 00 00 00 00 00 00 00 00 00 00 00 00 6b
2026-03-11 16:00:02,425 [INFO]   🧠 HRV raw [2026-03-11T16:00:02.425] — type=1 hrv=66 spo2=0 fatigue=0 sbp=0 dbp=0  raw=28 01 42 00 00 00 00 00 00 00 00 00 00 00 00 6b
2026-03-11 16:00:03,415 [INFO] ← RX [16b] cmd=0x28  crc_recv=0x6c  crc_calc=0x6c  raw=28 01 43 00 00 00 00 00 00 00 00 00 00 00 00 6c
2026-03-11 16:00:03,415 [INFO]   🧠 HRV raw [2026-03-11T16:00:03.415] — type=1 hrv=67 spo2=0 fatigue=0 sbp=0 dbp=0  raw=28 01 43 00 00 00 00 00 00 00 00 00 00 00 00 6c
2026-03-11 16:00:04,450 [INFO] ← RX [16b] cmd=0x28  crc_recv=0x73  crc_calc=0x73  raw=28 01 4a 00 00 00 00 00 00 00 00 00 00 00 00 73
2026-03-11 16:00:04,450 [INFO]   🧠 HRV raw [2026-03-11T16:00:04.450] — type=1 hrv=74 spo2=0 fatigue=0 sbp=0 dbp=0  raw=28 01 4a 00 00 00 00 00 00 00 00 00 00 00 00 73
2026-03-11 16:00:05,395 [INFO] ← RX [16b] cmd=0x28  crc_recv=0x73  crc_calc=0x73  raw=28 01 4a 00 00 00 00 00 00 00 00 00 00 00 00 73
2026-03-11 16:00:05,395 [INFO]   🧠 HRV raw [2026-03-11T16:00:05.395] — type=1 hrv=74 spo2=0 fatigue=0 sbp=0 dbp=0  raw=28 01 4a 00 00 00 00 00 00 00 00 00 00 00 00 73
2026-03-11 16:00:06,430 [INFO] ← RX [16b] cmd=0x28  crc_recv=0x72  crc_calc=0x72  raw=28 01 49 00 00 00 00 00 00 00 00 00 00 00 00 72
2026-03-11 16:00:06,430 [INFO]   🧠 HRV raw [2026-03-11T16:00:06.430] — type=1 hrv=73 spo2=0 fatigue=0 sbp=0 dbp=0  raw=28 01 49 00 00 00 00 00 00 00 00 00 00 00 00 72
2026-03-11 16:00:07,420 [INFO] ← RX [16b] cmd=0x28  crc_recv=0x72  crc_calc=0x72  raw=28 01 49 00 00 00 00 00 00 00 00 00 00 00 00 72
2026-03-11 16:00:07,420 [INFO]   🧠 HRV raw [2026-03-11T16:00:07.420] — type=1 hrv=73 spo2=0 fatigue=0 sbp=0 dbp=0  raw=28 01 49 00 00 00 00 00 00 00 00 00 00 00 00 72
2026-03-11 16:00:08,410 [INFO] ← RX [16b] cmd=0x28  crc_recv=0x71  crc_calc=0x71  raw=28 01 48 00 00 00 00 00 00 00 00 00 00 00 00 71
2026-03-11 16:00:08,410 [INFO]   🧠 HRV raw [2026-03-11T16:00:08.410] — type=1 hrv=72 spo2=0 fatigue=0 sbp=0 dbp=0  raw=28 01 48 00 00 00 00 00 00 00 00 00 00 00 00 71
2026-03-11 16:00:09,400 [INFO] ← RX [16b] cmd=0x28  crc_recv=0x70  crc_calc=0x70  raw=28 01 47 00 00 00 00 00 00 00 00 00 00 00 00 70
2026-03-11 16:00:09,400 [INFO]   🧠 HRV raw [2026-03-11T16:00:09.400] — type=1 hrv=71 spo2=0 fatigue=0 sbp=0 dbp=0  raw=28 01 47 00 00 00 00 00 00 00 00 00 00 00 00 70
2026-03-11 16:00:10,480 [INFO] ← RX [16b] cmd=0x28  crc_recv=0x70  crc_calc=0x70  raw=28 01 47 00 00 00 00 00 00 00 00 00 00 00 00 70
2026-03-11 16:00:10,480 [INFO]   🧠 HRV raw [2026-03-11T16:00:10.480] — type=1 hrv=71 spo2=0 fatigue=0 sbp=0 dbp=0  raw=28 01 47 00 00 00 00 00 00 00 00 00 00 00 00 70
2026-03-11 16:00:11,425 [INFO] ← RX [16b] cmd=0x28  crc_recv=0x71  crc_calc=0x71  raw=28 01 48 00 00 00 00 00 00 00 00 00 00 00 00 71
2026-03-11 16:00:11,425 [INFO]   🧠 HRV raw [2026-03-11T16:00:11.425] — type=1 hrv=72 spo2=0 fatigue=0 sbp=0 dbp=0  raw=28 01 48 00 00 00 00 00 00 00 00 00 00 00 00 71
2026-03-11 16:00:12,420 [INFO] ← RX [16b] cmd=0x28  crc_recv=0x70  crc_calc=0x70  raw=28 01 47 00 00 00 00 00 00 00 00 00 00 00 00 70
2026-03-11 16:00:12,420 [INFO]   🧠 HRV raw [2026-03-11T16:00:12.420] — type=1 hrv=71 spo2=0 fatigue=0 sbp=0 dbp=0  raw=28 01 47 00 00 00 00 00 00 00 00 00 00 00 00 70
2026-03-11 16:00:13,450 [INFO] ← RX [16b] cmd=0x28  crc_recv=0x6f  crc_calc=0x6f  raw=28 01 46 00 00 00 00 00 00 00 00 00 00 00 00 6f
2026-03-11 16:00:13,450 [INFO]   🧠 HRV raw [2026-03-11T16:00:13.450] — type=1 hrv=70 spo2=0 fatigue=0 sbp=0 dbp=0  raw=28 01 46 00 00 00 00 00 00 00 00 00 00 00 00 6f
2026-03-11 16:00:14,395 [INFO] ← RX [16b] cmd=0x28  crc_recv=0x6f  crc_calc=0x6f  raw=28 01 46 00 00 00 00 00 00 00 00 00 00 00 00 6f
2026-03-11 16:00:14,395 [INFO]   🧠 HRV raw [2026-03-11T16:00:14.395] — type=1 hrv=70 spo2=0 fatigue=0 sbp=0 dbp=0  raw=28 01 46 00 00 00 00 00 00 00 00 00 00 00 00 6f
2026-03-11 16:00:15,430 [INFO] ← RX [16b] cmd=0x28  crc_recv=0x70  crc_calc=0x70  raw=28 01 47 00 00 00 00 00 00 00 00 00 00 00 00 70
2026-03-11 16:00:15,430 [INFO]   🧠 HRV raw [2026-03-11T16:00:15.430] — type=1 hrv=71 spo2=0 fatigue=0 sbp=0 dbp=0  raw=28 01 47 00 00 00 00 00 00 00 00 00 00 00 00 70
2026-03-11 16:00:16,420 [INFO] ← RX [16b] cmd=0x28  crc_recv=0x70  crc_calc=0x70  raw=28 01 47 00 00 00 00 00 00 00 00 00 00 00 00 70
2026-03-11 16:00:16,420 [INFO]   🧠 HRV raw [2026-03-11T16:00:16.420] — type=1 hrv=71 spo2=0 fatigue=0 sbp=0 dbp=0  raw=28 01 47 00 00 00 00 00 00 00 00 00 00 00 00 70
2026-03-11 16:00:17,455 [INFO] ← RX [16b] cmd=0x28  crc_recv=0x70  crc_calc=0x70  raw=28 01 47 00 00 00 00 00 00 00 00 00 00 00 00 70
2026-03-11 16:00:17,455 [INFO]   🧠 HRV raw [2026-03-11T16:00:17.455] — type=1 hrv=71 spo2=0 fatigue=0 sbp=0 dbp=0  raw=28 01 47 00 00 00 00 00 00 00 00 00 00 00 00 70
2026-03-11 16:00:18,400 [INFO] ← RX [16b] cmd=0x28  crc_recv=0x70  crc_calc=0x70  raw=28 01 47 00 00 00 00 00 00 00 00 00 00 00 00 70
2026-03-11 16:00:18,400 [INFO]   🧠 HRV raw [2026-03-11T16:00:18.400] — type=1 hrv=71 spo2=0 fatigue=0 sbp=0 dbp=0  raw=28 01 47 00 00 00 00 00 00 00 00 00 00 00 00 70
2026-03-11 16:00:19,435 [INFO] ← RX [16b] cmd=0x28  crc_recv=0x70  crc_calc=0x70  raw=28 01 47 00 00 00 00 00 00 00 00 00 00 00 00 70
2026-03-11 16:00:19,435 [INFO]   🧠 HRV raw [2026-03-11T16:00:19.435] — type=1 hrv=71 spo2=0 fatigue=0 sbp=0 dbp=0  raw=28 01 47 00 00 00 00 00 00 00 00 00 00 00 00 70
2026-03-11 16:00:20,425 [INFO] ← RX [16b] cmd=0x28  crc_recv=0x70  crc_calc=0x70  raw=28 01 47 00 00 00 00 00 00 00 00 00 00 00 00 70
2026-03-11 16:00:20,425 [INFO]   🧠 HRV raw [2026-03-11T16:00:20.425] — type=1 hrv=71 spo2=0 fatigue=0 sbp=0 dbp=0  raw=28 01 47 00 00 00 00 00 00 00 00 00 00 00 00 70
2026-03-11 16:00:21,415 [INFO] ← RX [16b] cmd=0x28  crc_recv=0x70  crc_calc=0x70  raw=28 01 47 00 00 00 00 00 00 00 00 00 00 00 00 70
2026-03-11 16:00:21,415 [INFO]   🧠 HRV raw [2026-03-11T16:00:21.415] — type=1 hrv=71 spo2=0 fatigue=0 sbp=0 dbp=0  raw=28 01 47 00 00 00 00 00 00 00 00 00 00 00 00 70
2026-03-11 16:00:22,405 [INFO] ← RX [16b] cmd=0x28  crc_recv=0x70  crc_calc=0x70  raw=28 01 47 00 00 00 00 00 00 00 00 00 00 00 00 70
2026-03-11 16:00:22,405 [INFO]   🧠 HRV raw [2026-03-11T16:00:22.405] — type=1 hrv=71 spo2=0 fatigue=0 sbp=0 dbp=0  raw=28 01 47 00 00 00 00 00 00 00 00 00 00 00 00 70
2026-03-11 16:00:23,395 [INFO] ← RX [16b] cmd=0x28  crc_recv=0x6f  crc_calc=0x6f  raw=28 01 46 00 00 00 00 00 00 00 00 00 00 00 00 6f
2026-03-11 16:00:23,395 [INFO]   🧠 HRV raw [2026-03-11T16:00:23.395] — type=1 hrv=70 spo2=0 fatigue=0 sbp=0 dbp=0  raw=28 01 46 00 00 00 00 00 00 00 00 00 00 00 00 6f
2026-03-11 16:00:24,429 [INFO] ← RX [16b] cmd=0x28  crc_recv=0x6f  crc_calc=0x6f  raw=28 01 46 00 00 00 00 00 00 00 00 00 00 00 00 6f
2026-03-11 16:00:24,430 [INFO]   🧠 HRV raw [2026-03-11T16:00:24.430] — type=1 hrv=70 spo2=0 fatigue=0 sbp=0 dbp=0  raw=28 01 46 00 00 00 00 00 00 00 00 00 00 00 00 6f
2026-03-11 16:00:25,419 [INFO] ← RX [16b] cmd=0x28  crc_recv=0x6f  crc_calc=0x6f  raw=28 01 46 00 00 00 00 00 00 00 00 00 00 00 00 6f
2026-03-11 16:00:25,420 [INFO]   🧠 HRV raw [2026-03-11T16:00:25.420] — type=1 hrv=70 spo2=0 fatigue=0 sbp=0 dbp=0  raw=28 01 46 00 00 00 00 00 00 00 00 00 00 00 00 6f
2026-03-11 16:00:26,454 [INFO] ← RX [16b] cmd=0x28  crc_recv=0x6f  crc_calc=0x6f  raw=28 01 46 00 00 00 00 00 00 00 00 00 00 00 00 6f
2026-03-11 16:00:26,455 [INFO]   🧠 HRV raw [2026-03-11T16:00:26.455] — type=1 hrv=70 spo2=0 fatigue=0 sbp=0 dbp=0  raw=28 01 46 00 00 00 00 00 00 00 00 00 00 00 00 6f
2026-03-11 16:00:27,400 [INFO] ← RX [16b] cmd=0x28  crc_recv=0x6f  crc_calc=0x6f  raw=28 01 46 00 00 00 00 00 00 00 00 00 00 00 00 6f
2026-03-11 16:00:27,400 [INFO]   🧠 HRV raw [2026-03-11T16:00:27.400] — type=1 hrv=70 spo2=0 fatigue=0 sbp=0 dbp=0  raw=28 01 46 00 00 00 00 00 00 00 00 00 00 00 00 6f
2026-03-11 16:00:28,434 [INFO] ← RX [16b] cmd=0x28  crc_recv=0x6f  crc_calc=0x6f  raw=28 01 46 00 00 00 00 00 00 00 00 00 00 00 00 6f
2026-03-11 16:00:28,435 [INFO]   🧠 HRV raw [2026-03-11T16:00:28.435] — type=1 hrv=70 spo2=0 fatigue=0 sbp=0 dbp=0  raw=28 01 46 00 00 00 00 00 00 00 00 00 00 00 00 6f
2026-03-11 16:00:29,424 [INFO] ← RX [16b] cmd=0x28  crc_recv=0x6f  crc_calc=0x6f  raw=28 01 46 00 00 00 00 00 00 00 00 00 00 00 00 6f
2026-03-11 16:00:29,425 [INFO]   🧠 HRV raw [2026-03-11T16:00:29.425] — type=1 hrv=70 spo2=0 fatigue=0 sbp=0 dbp=0  raw=28 01 46 00 00 00 00 00 00 00 00 00 00 00 00 6f
2026-03-11 16:00:30,459 [INFO] ← RX [16b] cmd=0x28  crc_recv=0x6e  crc_calc=0x6e  raw=28 01 45 00 00 00 00 00 00 00 00 00 00 00 00 6e
2026-03-11 16:00:30,460 [INFO]   🧠 HRV raw [2026-03-11T16:00:30.460] — type=1 hrv=69 spo2=0 fatigue=0 sbp=0 dbp=0  raw=28 01 45 00 00 00 00 00 00 00 00 00 00 00 00 6e
2026-03-11 16:00:31,404 [INFO] ← RX [16b] cmd=0x28  crc_recv=0x6e  crc_calc=0x6e  raw=28 01 45 00 00 00 00 00 00 00 00 00 00 00 00 6e
2026-03-11 16:00:31,405 [INFO]   🧠 HRV raw [2026-03-11T16:00:31.405] — type=1 hrv=69 spo2=0 fatigue=0 sbp=0 dbp=0  raw=28 01 45 00 00 00 00 00 00 00 00 00 00 00 00 6e
2026-03-11 16:00:32,394 [INFO] ← RX [16b] cmd=0x28  crc_recv=0x6e  crc_calc=0x6e  raw=28 01 45 00 00 00 00 00 00 00 00 00 00 00 00 6e
2026-03-11 16:00:32,395 [INFO]   🧠 HRV raw [2026-03-11T16:00:32.395] — type=1 hrv=69 spo2=0 fatigue=0 sbp=0 dbp=0  raw=28 01 45 00 00 00 00 00 00 00 00 00 00 00 00 6e
2026-03-11 16:00:33,429 [INFO] ← RX [16b] cmd=0x28  crc_recv=0x6e  crc_calc=0x6e  raw=28 01 45 00 00 00 00 00 00 00 00 00 00 00 00 6e
2026-03-11 16:00:33,430 [INFO]   🧠 HRV raw [2026-03-11T16:00:33.430] — type=1 hrv=69 spo2=0 fatigue=0 sbp=0 dbp=0  raw=28 01 45 00 00 00 00 00 00 00 00 00 00 00 00 6e
2026-03-11 16:00:34,419 [INFO] ← RX [16b] cmd=0x28  crc_recv=0x6f  crc_calc=0x6f  raw=28 01 46 00 00 00 00 00 00 00 00 00 00 00 00 6f
2026-03-11 16:00:34,420 [INFO]   🧠 HRV raw [2026-03-11T16:00:34.420] — type=1 hrv=70 spo2=0 fatigue=0 sbp=0 dbp=0  raw=28 01 46 00 00 00 00 00 00 00 00 00 00 00 00 6f
2026-03-11 16:00:35,409 [INFO] ← RX [16b] cmd=0x28  crc_recv=0x6f  crc_calc=0x6f  raw=28 01 46 00 00 00 00 00 00 00 00 00 00 00 00 6f
2026-03-11 16:00:35,410 [INFO]   🧠 HRV raw [2026-03-11T16:00:35.410] — type=1 hrv=70 spo2=0 fatigue=0 sbp=0 dbp=0  raw=28 01 46 00 00 00 00 00 00 00 00 00 00 00 00 6f
2026-03-11 16:00:36,399 [INFO] ← RX [16b] cmd=0x28  crc_recv=0x70  crc_calc=0x70  raw=28 01 47 00 00 00 00 00 00 00 00 00 00 00 00 70
2026-03-11 16:00:36,400 [INFO]   🧠 HRV raw [2026-03-11T16:00:36.400] — type=1 hrv=71 spo2=0 fatigue=0 sbp=0 dbp=0  raw=28 01 47 00 00 00 00 00 00 00 00 00 00 00 00 70
2026-03-11 16:00:37,434 [INFO] ← RX [16b] cmd=0x28  crc_recv=0x72  crc_calc=0x72  raw=28 01 49 00 00 00 00 00 00 00 00 00 00 00 00 72
2026-03-11 16:00:37,434 [INFO]   🧠 HRV raw [2026-03-11T16:00:37.434] — type=1 hrv=73 spo2=0 fatigue=0 sbp=0 dbp=0  raw=28 01 49 00 00 00 00 00 00 00 00 00 00 00 00 72
2026-03-11 16:00:38,424 [INFO] ← RX [16b] cmd=0x28  crc_recv=0x72  crc_calc=0x72  raw=28 01 49 00 00 00 00 00 00 00 00 00 00 00 00 72
2026-03-11 16:00:38,425 [INFO]   🧠 HRV raw [2026-03-11T16:00:38.425] — type=1 hrv=73 spo2=0 fatigue=0 sbp=0 dbp=0  raw=28 01 49 00 00 00 00 00 00 00 00 00 00 00 00 72
2026-03-11 16:00:39,459 [INFO] ← RX [16b] cmd=0x28  crc_recv=0x72  crc_calc=0x72  raw=28 01 49 00 00 00 00 00 00 00 00 00 00 00 00 72
2026-03-11 16:00:39,460 [INFO]   🧠 HRV raw [2026-03-11T16:00:39.460] — type=1 hrv=73 spo2=0 fatigue=0 sbp=0 dbp=0  raw=28 01 49 00 00 00 00 00 00 00 00 00 00 00 00 72
2026-03-11 16:00:40,404 [INFO] ← RX [16b] cmd=0x28  crc_recv=0x72  crc_calc=0x72  raw=28 01 49 00 00 00 00 00 00 00 00 00 00 00 00 72
2026-03-11 16:00:40,405 [INFO]   🧠 HRV raw [2026-03-11T16:00:40.405] — type=1 hrv=73 spo2=0 fatigue=0 sbp=0 dbp=0  raw=28 01 49 00 00 00 00 00 00 00 00 00 00 00 00 72
2026-03-11 16:00:41,394 [INFO] ← RX [16b] cmd=0x28  crc_recv=0x72  crc_calc=0x72  raw=28 01 49 00 00 00 00 00 00 00 00 00 00 00 00 72
2026-03-11 16:00:41,395 [INFO]   🧠 HRV raw [2026-03-11T16:00:41.395] — type=1 hrv=73 spo2=0 fatigue=0 sbp=0 dbp=0  raw=28 01 49 00 00 00 00 00 00 00 00 00 00 00 00 72
2026-03-11 16:00:42,429 [INFO] ← RX [16b] cmd=0x28  crc_recv=0x72  crc_calc=0x72  raw=28 01 49 00 00 00 00 00 00 00 00 00 00 00 00 72
2026-03-11 16:00:42,430 [INFO]   🧠 HRV raw [2026-03-11T16:00:42.430] — type=1 hrv=73 spo2=0 fatigue=0 sbp=0 dbp=0  raw=28 01 49 00 00 00 00 00 00 00 00 00 00 00 00 72
2026-03-11 16:00:43,464 [INFO] ← RX [16b] cmd=0x28  crc_recv=0x72  crc_calc=0x72  raw=28 01 49 00 00 00 00 00 00 00 00 00 00 00 00 72
2026-03-11 16:00:43,464 [INFO]   🧠 HRV raw [2026-03-11T16:00:43.464] — type=1 hrv=73 spo2=0 fatigue=0 sbp=0 dbp=0  raw=28 01 49 00 00 00 00 00 00 00 00 00 00 00 00 72
2026-03-11 16:00:44,409 [INFO] ← RX [16b] cmd=0x28  crc_recv=0x71  crc_calc=0x71  raw=28 01 48 00 00 00 00 00 00 00 00 00 00 00 00 71
2026-03-11 16:00:44,409 [INFO]   🧠 HRV raw [2026-03-11T16:00:44.409] — type=1 hrv=72 spo2=0 fatigue=0 sbp=0 dbp=0  raw=28 01 48 00 00 00 00 00 00 00 00 00 00 00 00 71
2026-03-11 16:00:45,399 [INFO] ← RX [16b] cmd=0x28  crc_recv=0x71  crc_calc=0x71  raw=28 01 48 00 00 00 00 00 00 00 00 00 00 00 00 71
2026-03-11 16:00:45,400 [INFO]   🧠 HRV raw [2026-03-11T16:00:45.400] — type=1 hrv=72 spo2=0 fatigue=0 sbp=0 dbp=0  raw=28 01 48 00 00 00 00 00 00 00 00 00 00 00 00 71
2026-03-11 16:00:46,434 [INFO] ← RX [16b] cmd=0x28  crc_recv=0x71  crc_calc=0x71  raw=28 01 48 00 00 00 00 00 00 00 00 00 00 00 00 71
2026-03-11 16:00:46,435 [INFO]   🧠 HRV raw [2026-03-11T16:00:46.434] — type=1 hrv=72 spo2=0 fatigue=0 sbp=0 dbp=0  raw=28 01 48 00 00 00 00 00 00 00 00 00 00 00 00 71
2026-03-11 16:00:46,716 [INFO] ⏹ HRV stopped. 58 samples received.
2026-03-11 16:00:46,716 [INFO]   Sample rate: ~0.97 samples/sec  (1 sample = point-in-time, multiple = device updates as it refines)
2026-03-11 16:07:04,625 [INFO] Disconnected.
2026-03-11 16:08:08,083 [INFO] Connecting to CE:68:27:E4:9F:D0...
2026-03-11 16:08:13,697 [INFO] Connected ✓  (notifications enabled)
2026-03-11 16:08:20,943 [INFO] 🌡  Warming up sensor (5s HR mode)...
2026-03-11 16:08:23,415 [INFO] ← RX [16b] cmd=0x28  crc_recv=0x67  crc_calc=0x67  raw=28 02 3d 00 00 00 00 00 00 00 00 00 00 00 00 67
2026-03-11 16:08:24,405 [INFO] ← RX [16b] cmd=0x28  crc_recv=0x67  crc_calc=0x67  raw=28 02 3d 00 00 00 00 00 00 00 00 00 00 00 00 67
2026-03-11 16:08:25,396 [INFO] ← RX [16b] cmd=0x28  crc_recv=0x66  crc_calc=0x66  raw=28 02 3c 00 00 00 00 00 00 00 00 00 00 00 00 66
2026-03-11 16:08:26,450 [INFO] ▶ 0x28 01 probe started — capturing 180s of raw packets...
2026-03-11 16:08:29,487 [INFO] ← RX [16b] cmd=0x28  crc_recv=0x29  crc_calc=0x29  raw=28 01 00 00 00 00 00 00 00 00 00 00 00 00 00 29
2026-03-11 16:08:29,488 [INFO]   🔬 [   3.0s] b02=  0  b03=  0  b04=  0  b05=  0  b06=  0  b07=  0  b08=  0  raw=28 01 00 00 00 00 00 00 00 00 00 00 00 00 00 29
2026-03-11 16:08:30,391 [INFO] ← RX [16b] cmd=0x28  crc_recv=0x29  crc_calc=0x29  raw=28 01 00 00 00 00 00 00 00 00 00 00 00 00 00 29
2026-03-11 16:08:30,391 [INFO]   🔬 [   3.9s] b02=  0  b03=  0  b04=  0  b05=  0  b06=  0  b07=  0  b08=  0  raw=28 01 00 00 00 00 00 00 00 00 00 00 00 00 00 29
2026-03-11 16:08:31,426 [INFO] ← RX [16b] cmd=0x28  crc_recv=0x29  crc_calc=0x29  raw=28 01 00 00 00 00 00 00 00 00 00 00 00 00 00 29
2026-03-11 16:08:31,426 [INFO]   🔬 [   5.0s] b02=  0  b03=  0  b04=  0  b05=  0  b06=  0  b07=  0  b08=  0  raw=28 01 00 00 00 00 00 00 00 00 00 00 00 00 00 29
2026-03-11 16:08:32,415 [INFO] ← RX [16b] cmd=0x28  crc_recv=0x29  crc_calc=0x29  raw=28 01 00 00 00 00 00 00 00 00 00 00 00 00 00 29
2026-03-11 16:08:32,416 [INFO]   🔬 [   6.0s] b02=  0  b03=  0  b04=  0  b05=  0  b06=  0  b07=  0  b08=  0  raw=28 01 00 00 00 00 00 00 00 00 00 00 00 00 00 29
2026-03-11 16:08:33,405 [INFO] ← RX [16b] cmd=0x28  crc_recv=0x29  crc_calc=0x29  raw=28 01 00 00 00 00 00 00 00 00 00 00 00 00 00 29
2026-03-11 16:08:33,406 [INFO]   🔬 [   7.0s] b02=  0  b03=  0  b04=  0  b05=  0  b06=  0  b07=  0  b08=  0  raw=28 01 00 00 00 00 00 00 00 00 00 00 00 00 00 29
2026-03-11 16:08:34,395 [INFO] ← RX [16b] cmd=0x28  crc_recv=0x29  crc_calc=0x29  raw=28 01 00 00 00 00 00 00 00 00 00 00 00 00 00 29
2026-03-11 16:08:34,396 [INFO]   🔬 [   7.9s] b02=  0  b03=  0  b04=  0  b05=  0  b06=  0  b07=  0  b08=  0  raw=28 01 00 00 00 00 00 00 00 00 00 00 00 00 00 29
2026-03-11 16:08:35,386 [INFO] ← RX [16b] cmd=0x28  crc_recv=0x29  crc_calc=0x29  raw=28 01 00 00 00 00 00 00 00 00 00 00 00 00 00 29
2026-03-11 16:08:35,386 [INFO]   🔬 [   8.9s] b02=  0  b03=  0  b04=  0  b05=  0  b06=  0  b07=  0  b08=  0  raw=28 01 00 00 00 00 00 00 00 00 00 00 00 00 00 29
2026-03-11 16:08:36,421 [INFO] ← RX [16b] cmd=0x28  crc_recv=0x29  crc_calc=0x29  raw=28 01 00 00 00 00 00 00 00 00 00 00 00 00 00 29
2026-03-11 16:08:36,421 [INFO]   🔬 [  10.0s] b02=  0  b03=  0  b04=  0  b05=  0  b06=  0  b07=  0  b08=  0  raw=28 01 00 00 00 00 00 00 00 00 00 00 00 00 00 29
2026-03-11 16:08:37,455 [INFO] ← RX [16b] cmd=0x28  crc_recv=0x29  crc_calc=0x29  raw=28 01 00 00 00 00 00 00 00 00 00 00 00 00 00 29
2026-03-11 16:08:37,456 [INFO]   🔬 [  11.0s] b02=  0  b03=  0  b04=  0  b05=  0  b06=  0  b07=  0  b08=  0  raw=28 01 00 00 00 00 00 00 00 00 00 00 00 00 00 29
2026-03-11 16:08:38,400 [INFO] ← RX [16b] cmd=0x28  crc_recv=0x29  crc_calc=0x29  raw=28 01 00 00 00 00 00 00 00 00 00 00 00 00 00 29
2026-03-11 16:08:38,401 [INFO]   🔬 [  12.0s] b02=  0  b03=  0  b04=  0  b05=  0  b06=  0  b07=  0  b08=  0  raw=28 01 00 00 00 00 00 00 00 00 00 00 00 00 00 29
2026-03-11 16:08:39,390 [INFO] ← RX [16b] cmd=0x28  crc_recv=0x68  crc_calc=0x68  raw=28 01 3f 00 00 00 00 00 00 00 00 00 00 00 00 68
2026-03-11 16:08:39,391 [INFO]   🔬 [  12.9s] b02= 63  b03=  0  b04=  0  b05=  0  b06=  0  b07=  0  b08=  0  raw=28 01 3f 00 00 00 00 00 00 00 00 00 00 00 00 68
2026-03-11 16:08:40,425 [INFO] ← RX [16b] cmd=0x28  crc_recv=0x68  crc_calc=0x68  raw=28 01 3f 00 00 00 00 00 00 00 00 00 00 00 00 68
2026-03-11 16:08:40,426 [INFO]   🔬 [  14.0s] b02= 63  b03=  0  b04=  0  b05=  0  b06=  0  b07=  0  b08=  0  raw=28 01 3f 00 00 00 00 00 00 00 00 00 00 00 00 68
2026-03-11 16:08:41,460 [INFO] ← RX [16b] cmd=0x28  crc_recv=0x68  crc_calc=0x68  raw=28 01 3f 00 00 00 00 00 00 00 00 00 00 00 00 68
2026-03-11 16:08:41,461 [INFO]   🔬 [  15.0s] b02= 63  b03=  0  b04=  0  b05=  0  b06=  0  b07=  0  b08=  0  raw=28 01 3f 00 00 00 00 00 00 00 00 00 00 00 00 68
2026-03-11 16:08:42,405 [INFO] ← RX [16b] cmd=0x28  crc_recv=0x68  crc_calc=0x68  raw=28 01 3f 00 00 00 00 00 00 00 00 00 00 00 00 68
2026-03-11 16:08:42,406 [INFO]   🔬 [  16.0s] b02= 63  b03=  0  b04=  0  b05=  0  b06=  0  b07=  0  b08=  0  raw=28 01 3f 00 00 00 00 00 00 00 00 00 00 00 00 68
2026-03-11 16:08:43,395 [INFO] ← RX [16b] cmd=0x28  crc_recv=0x6f  crc_calc=0x6f  raw=28 01 46 00 00 00 00 00 00 00 00 00 00 00 00 6f
2026-03-11 16:08:43,396 [INFO]   🔬 [  16.9s] b02= 70  b03=  0  b04=  0  b05=  0  b06=  0  b07=  0  b08=  0  raw=28 01 46 00 00 00 00 00 00 00 00 00 00 00 00 6f
2026-03-11 16:08:44,430 [INFO] ← RX [16b] cmd=0x28  crc_recv=0x74  crc_calc=0x74  raw=28 01 4b 00 00 00 00 00 00 00 00 00 00 00 00 74
2026-03-11 16:08:44,431 [INFO]   🔬 [  18.0s] b02= 75  b03=  0  b04=  0  b05=  0  b06=  0  b07=  0  b08=  0  raw=28 01 4b 00 00 00 00 00 00 00 00 00 00 00 00 74
2026-03-11 16:08:45,420 [INFO] ← RX [16b] cmd=0x28  crc_recv=0x75  crc_calc=0x75  raw=28 01 4c 00 00 00 00 00 00 00 00 00 00 00 00 75
2026-03-11 16:08:45,421 [INFO]   🔬 [  19.0s] b02= 76  b03=  0  b04=  0  b05=  0  b06=  0  b07=  0  b08=  0  raw=28 01 4c 00 00 00 00 00 00 00 00 00 00 00 00 75
2026-03-11 16:08:46,410 [INFO] ← RX [16b] cmd=0x28  crc_recv=0x77  crc_calc=0x77  raw=28 01 4e 00 00 00 00 00 00 00 00 00 00 00 00 77
2026-03-11 16:08:46,411 [INFO]   🔬 [  20.0s] b02= 78  b03=  0  b04=  0  b05=  0  b06=  0  b07=  0  b08=  0  raw=28 01 4e 00 00 00 00 00 00 00 00 00 00 00 00 77
2026-03-11 16:08:47,400 [INFO] ← RX [16b] cmd=0x28  crc_recv=0x77  crc_calc=0x77  raw=28 01 4e 00 00 00 00 00 00 00 00 00 00 00 00 77
2026-03-11 16:08:47,401 [INFO]   🔬 [  21.0s] b02= 78  b03=  0  b04=  0  b05=  0  b06=  0  b07=  0  b08=  0  raw=28 01 4e 00 00 00 00 00 00 00 00 00 00 00 00 77
2026-03-11 16:08:48,390 [INFO] ← RX [16b] cmd=0x28  crc_recv=0x76  crc_calc=0x76  raw=28 01 4d 00 00 00 00 00 00 00 00 00 00 00 00 76
2026-03-11 16:08:48,391 [INFO]   🔬 [  21.9s] b02= 77  b03=  0  b04=  0  b05=  0  b06=  0  b07=  0  b08=  0  raw=28 01 4d 00 00 00 00 00 00 00 00 00 00 00 00 76
2026-03-11 16:08:49,380 [INFO] ← RX [16b] cmd=0x28  crc_recv=0x75  crc_calc=0x75  raw=28 01 4c 00 00 00 00 00 00 00 00 00 00 00 00 75
2026-03-11 16:08:49,381 [INFO]   🔬 [  22.9s] b02= 76  b03=  0  b04=  0  b05=  0  b06=  0  b07=  0  b08=  0  raw=28 01 4c 00 00 00 00 00 00 00 00 00 00 00 00 75
2026-03-11 16:08:50,460 [INFO] ← RX [16b] cmd=0x28  crc_recv=0x72  crc_calc=0x72  raw=28 01 49 00 00 00 00 00 00 00 00 00 00 00 00 72
2026-03-11 16:08:50,461 [INFO]   🔬 [  24.0s] b02= 73  b03=  0  b04=  0  b05=  0  b06=  0  b07=  0  b08=  0  raw=28 01 49 00 00 00 00 00 00 00 00 00 00 00 00 72
2026-03-11 16:08:51,405 [INFO] ← RX [16b] cmd=0x28  crc_recv=0x72  crc_calc=0x72  raw=28 01 49 00 00 00 00 00 00 00 00 00 00 00 00 72
2026-03-11 16:08:51,406 [INFO]   🔬 [  25.0s] b02= 73  b03=  0  b04=  0  b05=  0  b06=  0  b07=  0  b08=  0  raw=28 01 49 00 00 00 00 00 00 00 00 00 00 00 00 72
2026-03-11 16:08:52,395 [INFO] ← RX [16b] cmd=0x28  crc_recv=0x72  crc_calc=0x72  raw=28 01 49 00 00 00 00 00 00 00 00 00 00 00 00 72
2026-03-11 16:08:52,396 [INFO]   🔬 [  25.9s] b02= 73  b03=  0  b04=  0  b05=  0  b06=  0  b07=  0  b08=  0  raw=28 01 49 00 00 00 00 00 00 00 00 00 00 00 00 72
2026-03-11 16:08:53,430 [INFO] ← RX [16b] cmd=0x28  crc_recv=0x72  crc_calc=0x72  raw=28 01 49 00 00 00 00 00 00 00 00 00 00 00 00 72
2026-03-11 16:08:53,431 [INFO]   🔬 [  27.0s] b02= 73  b03=  0  b04=  0  b05=  0  b06=  0  b07=  0  b08=  0  raw=28 01 49 00 00 00 00 00 00 00 00 00 00 00 00 72
2026-03-11 16:08:54,465 [INFO] ← RX [16b] cmd=0x28  crc_recv=0x72  crc_calc=0x72  raw=28 01 49 00 00 00 00 00 00 00 00 00 00 00 00 72
2026-03-11 16:08:54,465 [INFO]   🔬 [  28.0s] b02= 73  b03=  0  b04=  0  b05=  0  b06=  0  b07=  0  b08=  0  raw=28 01 49 00 00 00 00 00 00 00 00 00 00 00 00 72
2026-03-11 16:08:55,410 [INFO] ← RX [16b] cmd=0x28  crc_recv=0x72  crc_calc=0x72  raw=28 01 49 00 00 00 00 00 00 00 00 00 00 00 00 72
2026-03-11 16:08:55,411 [INFO]   🔬 [  29.0s] b02= 73  b03=  0  b04=  0  b05=  0  b06=  0  b07=  0  b08=  0  raw=28 01 49 00 00 00 00 00 00 00 00 00 00 00 00 72
2026-03-11 16:08:56,400 [INFO] ← RX [16b] cmd=0x28  crc_recv=0x71  crc_calc=0x71  raw=28 01 48 00 00 00 00 00 00 00 00 00 00 00 00 71
2026-03-11 16:08:56,400 [INFO]   🔬 [  30.0s] b02= 72  b03=  0  b04=  0  b05=  0  b06=  0  b07=  0  b08=  0  raw=28 01 48 00 00 00 00 00 00 00 00 00 00 00 00 71
2026-03-11 16:08:57,435 [INFO] ← RX [16b] cmd=0x28  crc_recv=0x71  crc_calc=0x71  raw=28 01 48 00 00 00 00 00 00 00 00 00 00 00 00 71
2026-03-11 16:08:57,436 [INFO]   🔬 [  31.0s] b02= 72  b03=  0  b04=  0  b05=  0  b06=  0  b07=  0  b08=  0  raw=28 01 48 00 00 00 00 00 00 00 00 00 00 00 00 71
2026-03-11 16:08:58,380 [INFO] ← RX [16b] cmd=0x28  crc_recv=0x70  crc_calc=0x70  raw=28 01 47 00 00 00 00 00 00 00 00 00 00 00 00 70
2026-03-11 16:08:58,381 [INFO]   🔬 [  31.9s] b02= 71  b03=  0  b04=  0  b05=  0  b06=  0  b07=  0  b08=  0  raw=28 01 47 00 00 00 00 00 00 00 00 00 00 00 00 70
2026-03-11 16:08:59,415 [INFO] ← RX [16b] cmd=0x28  crc_recv=0x70  crc_calc=0x70  raw=28 01 47 00 00 00 00 00 00 00 00 00 00 00 00 70
2026-03-11 16:08:59,415 [INFO]   🔬 [  33.0s] b02= 71  b03=  0  b04=  0  b05=  0  b06=  0  b07=  0  b08=  0  raw=28 01 47 00 00 00 00 00 00 00 00 00 00 00 00 70
2026-03-11 16:09:00,405 [INFO] ← RX [16b] cmd=0x28  crc_recv=0x70  crc_calc=0x70  raw=28 01 47 00 00 00 00 00 00 00 00 00 00 00 00 70
2026-03-11 16:09:00,405 [INFO]   🔬 [  34.0s] b02= 71  b03=  0  b04=  0  b05=  0  b06=  0  b07=  0  b08=  0  raw=28 01 47 00 00 00 00 00 00 00 00 00 00 00 00 70
2026-03-11 16:09:01,395 [INFO] ← RX [16b] cmd=0x28  crc_recv=0x70  crc_calc=0x70  raw=28 01 47 00 00 00 00 00 00 00 00 00 00 00 00 70
2026-03-11 16:09:01,396 [INFO]   🔬 [  34.9s] b02= 71  b03=  0  b04=  0  b05=  0  b06=  0  b07=  0  b08=  0  raw=28 01 47 00 00 00 00 00 00 00 00 00 00 00 00 70
2026-03-11 16:09:02,385 [INFO] ← RX [16b] cmd=0x28  crc_recv=0x70  crc_calc=0x70  raw=28 01 47 00 00 00 00 00 00 00 00 00 00 00 00 70
2026-03-11 16:09:02,385 [INFO]   🔬 [  35.9s] b02= 71  b03=  0  b04=  0  b05=  0  b06=  0  b07=  0  b08=  0  raw=28 01 47 00 00 00 00 00 00 00 00 00 00 00 00 70
2026-03-11 16:09:03,465 [INFO] ← RX [16b] cmd=0x28  crc_recv=0x70  crc_calc=0x70  raw=28 01 47 00 00 00 00 00 00 00 00 00 00 00 00 70
2026-03-11 16:09:03,465 [INFO]   🔬 [  37.0s] b02= 71  b03=  0  b04=  0  b05=  0  b06=  0  b07=  0  b08=  0  raw=28 01 47 00 00 00 00 00 00 00 00 00 00 00 00 70
2026-03-11 16:09:04,410 [INFO] ← RX [16b] cmd=0x28  crc_recv=0x6f  crc_calc=0x6f  raw=28 01 46 00 00 00 00 00 00 00 00 00 00 00 00 6f
2026-03-11 16:09:04,410 [INFO]   🔬 [  38.0s] b02= 70  b03=  0  b04=  0  b05=  0  b06=  0  b07=  0  b08=  0  raw=28 01 46 00 00 00 00 00 00 00 00 00 00 00 00 6f
2026-03-11 16:09:05,400 [INFO] ← RX [16b] cmd=0x28  crc_recv=0x6f  crc_calc=0x6f  raw=28 01 46 00 00 00 00 00 00 00 00 00 00 00 00 6f
2026-03-11 16:09:05,400 [INFO]   🔬 [  39.0s] b02= 70  b03=  0  b04=  0  b05=  0  b06=  0  b07=  0  b08=  0  raw=28 01 46 00 00 00 00 00 00 00 00 00 00 00 00 6f
2026-03-11 16:09:06,435 [INFO] ← RX [16b] cmd=0x28  crc_recv=0x6f  crc_calc=0x6f  raw=28 01 46 00 00 00 00 00 00 00 00 00 00 00 00 6f
2026-03-11 16:09:06,435 [INFO]   🔬 [  40.0s] b02= 70  b03=  0  b04=  0  b05=  0  b06=  0  b07=  0  b08=  0  raw=28 01 46 00 00 00 00 00 00 00 00 00 00 00 00 6f
2026-03-11 16:09:07,380 [INFO] ← RX [16b] cmd=0x28  crc_recv=0x6e  crc_calc=0x6e  raw=28 01 45 00 00 00 00 00 00 00 00 00 00 00 00 6e
2026-03-11 16:09:07,380 [INFO]   🔬 [  40.9s] b02= 69  b03=  0  b04=  0  b05=  0  b06=  0  b07=  0  b08=  0  raw=28 01 45 00 00 00 00 00 00 00 00 00 00 00 00 6e
2026-03-11 16:09:08,414 [INFO] ← RX [16b] cmd=0x28  crc_recv=0x6e  crc_calc=0x6e  raw=28 01 45 00 00 00 00 00 00 00 00 00 00 00 00 6e
2026-03-11 16:09:08,415 [INFO]   🔬 [  42.0s] b02= 69  b03=  0  b04=  0  b05=  0  b06=  0  b07=  0  b08=  0  raw=28 01 45 00 00 00 00 00 00 00 00 00 00 00 00 6e
2026-03-11 16:09:09,405 [INFO] ← RX [16b] cmd=0x28  crc_recv=0x6d  crc_calc=0x6d  raw=28 01 44 00 00 00 00 00 00 00 00 00 00 00 00 6d
2026-03-11 16:09:09,405 [INFO]   🔬 [  43.0s] b02= 68  b03=  0  b04=  0  b05=  0  b06=  0  b07=  0  b08=  0  raw=28 01 44 00 00 00 00 00 00 00 00 00 00 00 00 6d
2026-03-11 16:09:10,395 [INFO] ← RX [16b] cmd=0x28  crc_recv=0x6d  crc_calc=0x6d  raw=28 01 44 00 00 00 00 00 00 00 00 00 00 00 00 6d
2026-03-11 16:09:10,395 [INFO]   🔬 [  43.9s] b02= 68  b03=  0  b04=  0  b05=  0  b06=  0  b07=  0  b08=  0  raw=28 01 44 00 00 00 00 00 00 00 00 00 00 00 00 6d
2026-03-11 16:09:11,385 [INFO] ← RX [16b] cmd=0x28  crc_recv=0x6d  crc_calc=0x6d  raw=28 01 44 00 00 00 00 00 00 00 00 00 00 00 00 6d
2026-03-11 16:09:11,385 [INFO]   🔬 [  44.9s] b02= 68  b03=  0  b04=  0  b05=  0  b06=  0  b07=  0  b08=  0  raw=28 01 44 00 00 00 00 00 00 00 00 00 00 00 00 6d
2026-03-11 16:09:12,420 [INFO] ← RX [16b] cmd=0x28  crc_recv=0x6c  crc_calc=0x6c  raw=28 01 43 00 00 00 00 00 00 00 00 00 00 00 00 6c
2026-03-11 16:09:12,420 [INFO]   🔬 [  46.0s] b02= 67  b03=  0  b04=  0  b05=  0  b06=  0  b07=  0  b08=  0  raw=28 01 43 00 00 00 00 00 00 00 00 00 00 00 00 6c
2026-03-11 16:09:13,409 [INFO] ← RX [16b] cmd=0x28  crc_recv=0x6c  crc_calc=0x6c  raw=28 01 43 00 00 00 00 00 00 00 00 00 00 00 00 6c
2026-03-11 16:09:13,410 [INFO]   🔬 [  47.0s] b02= 67  b03=  0  b04=  0  b05=  0  b06=  0  b07=  0  b08=  0  raw=28 01 43 00 00 00 00 00 00 00 00 00 00 00 00 6c
2026-03-11 16:09:14,400 [INFO] ← RX [16b] cmd=0x28  crc_recv=0x6c  crc_calc=0x6c  raw=28 01 43 00 00 00 00 00 00 00 00 00 00 00 00 6c
2026-03-11 16:09:14,400 [INFO]   🔬 [  48.0s] b02= 67  b03=  0  b04=  0  b05=  0  b06=  0  b07=  0  b08=  0  raw=28 01 43 00 00 00 00 00 00 00 00 00 00 00 00 6c
2026-03-11 16:09:15,390 [INFO] ← RX [16b] cmd=0x28  crc_recv=0x6c  crc_calc=0x6c  raw=28 01 43 00 00 00 00 00 00 00 00 00 00 00 00 6c
2026-03-11 16:09:15,390 [INFO]   🔬 [  48.9s] b02= 67  b03=  0  b04=  0  b05=  0  b06=  0  b07=  0  b08=  0  raw=28 01 43 00 00 00 00 00 00 00 00 00 00 00 00 6c
2026-03-11 16:09:16,380 [INFO] ← RX [16b] cmd=0x28  crc_recv=0x6c  crc_calc=0x6c  raw=28 01 43 00 00 00 00 00 00 00 00 00 00 00 00 6c
2026-03-11 16:09:16,380 [INFO]   🔬 [  49.9s] b02= 67  b03=  0  b04=  0  b05=  0  b06=  0  b07=  0  b08=  0  raw=28 01 43 00 00 00 00 00 00 00 00 00 00 00 00 6c
2026-03-11 16:09:17,415 [INFO] ← RX [16b] cmd=0x28  crc_recv=0x6c  crc_calc=0x6c  raw=28 01 43 00 00 00 00 00 00 00 00 00 00 00 00 6c
2026-03-11 16:09:17,415 [INFO]   🔬 [  51.0s] b02= 67  b03=  0  b04=  0  b05=  0  b06=  0  b07=  0  b08=  0  raw=28 01 43 00 00 00 00 00 00 00 00 00 00 00 00 6c
2026-03-11 16:09:18,405 [INFO] ← RX [16b] cmd=0x28  crc_recv=0x6c  crc_calc=0x6c  raw=28 01 43 00 00 00 00 00 00 00 00 00 00 00 00 6c
2026-03-11 16:09:18,405 [INFO]   🔬 [  52.0s] b02= 67  b03=  0  b04=  0  b05=  0  b06=  0  b07=  0  b08=  0  raw=28 01 43 00 00 00 00 00 00 00 00 00 00 00 00 6c
2026-03-11 16:09:19,440 [INFO] ← RX [16b] cmd=0x28  crc_recv=0x6d  crc_calc=0x6d  raw=28 01 44 00 00 00 00 00 00 00 00 00 00 00 00 6d
2026-03-11 16:09:19,440 [INFO]   🔬 [  53.0s] b02= 68  b03=  0  b04=  0  b05=  0  b06=  0  b07=  0  b08=  0  raw=28 01 44 00 00 00 00 00 00 00 00 00 00 00 00 6d
2026-03-11 16:09:20,385 [INFO] ← RX [16b] cmd=0x28  crc_recv=0x6d  crc_calc=0x6d  raw=28 01 44 00 00 00 00 00 00 00 00 00 00 00 00 6d
2026-03-11 16:09:20,385 [INFO]   🔬 [  53.9s] b02= 68  b03=  0  b04=  0  b05=  0  b06=  0  b07=  0  b08=  0  raw=28 01 44 00 00 00 00 00 00 00 00 00 00 00 00 6d
2026-03-11 16:09:21,420 [INFO] ← RX [16b] cmd=0x28  crc_recv=0x6d  crc_calc=0x6d  raw=28 01 44 00 00 00 00 00 00 00 00 00 00 00 00 6d
2026-03-11 16:09:21,420 [INFO]   🔬 [  55.0s] b02= 68  b03=  0  b04=  0  b05=  0  b06=  0  b07=  0  b08=  0  raw=28 01 44 00 00 00 00 00 00 00 00 00 00 00 00 6d
2026-03-11 16:09:22,455 [INFO] ← RX [16b] cmd=0x28  crc_recv=0x6d  crc_calc=0x6d  raw=28 01 44 00 00 00 00 00 00 00 00 00 00 00 00 6d
2026-03-11 16:09:22,455 [INFO]   🔬 [  56.0s] b02= 68  b03=  0  b04=  0  b05=  0  b06=  0  b07=  0  b08=  0  raw=28 01 44 00 00 00 00 00 00 00 00 00 00 00 00 6d
2026-03-11 16:09:23,399 [INFO] ← RX [16b] cmd=0x28  crc_recv=0x6d  crc_calc=0x6d  raw=28 01 44 00 00 00 00 00 00 00 00 00 00 00 00 6d
2026-03-11 16:09:23,400 [INFO]   🔬 [  57.0s] b02= 68  b03=  0  b04=  0  b05=  0  b06=  0  b07=  0  b08=  0  raw=28 01 44 00 00 00 00 00 00 00 00 00 00 00 00 6d
2026-03-11 16:09:24,389 [INFO] ← RX [16b] cmd=0x28  crc_recv=0x6e  crc_calc=0x6e  raw=28 01 45 00 00 00 00 00 00 00 00 00 00 00 00 6e
2026-03-11 16:09:24,390 [INFO]   🔬 [  57.9s] b02= 69  b03=  0  b04=  0  b05=  0  b06=  0  b07=  0  b08=  0  raw=28 01 45 00 00 00 00 00 00 00 00 00 00 00 00 6e
2026-03-11 16:09:25,379 [INFO] ← RX [16b] cmd=0x28  crc_recv=0x6e  crc_calc=0x6e  raw=28 01 45 00 00 00 00 00 00 00 00 00 00 00 00 6e
2026-03-11 16:09:25,379 [INFO]   🔬 [  58.9s] b02= 69  b03=  0  b04=  0  b05=  0  b06=  0  b07=  0  b08=  0  raw=28 01 45 00 00 00 00 00 00 00 00 00 00 00 00 6e
2026-03-11 16:09:26,414 [INFO] ← RX [16b] cmd=0x28  crc_recv=0x6e  crc_calc=0x6e  raw=28 01 45 00 00 00 00 00 00 00 00 00 00 00 00 6e
2026-03-11 16:09:26,415 [INFO]   🔬 [  60.0s] b02= 69  b03=  0  b04=  0  b05=  0  b06=  0  b07=  0  b08=  0  raw=28 01 45 00 00 00 00 00 00 00 00 00 00 00 00 6e
2026-03-11 16:09:27,404 [INFO] ← RX [16b] cmd=0x28  crc_recv=0x6e  crc_calc=0x6e  raw=28 01 45 00 00 00 00 00 00 00 00 00 00 00 00 6e
2026-03-11 16:09:27,406 [INFO]   🔬 [  61.0s] b02= 69  b03=  0  b04=  0  b05=  0  b06=  0  b07=  0  b08=  0  raw=28 01 45 00 00 00 00 00 00 00 00 00 00 00 00 6e
2026-03-11 16:09:28,259 [INFO] ← RX [16b] cmd=0x28  crc_recv=0x8e  crc_calc=0x8e  raw=28 01 45 00 3a 2f 77 40 00 00 00 00 00 00 00 8e
2026-03-11 16:09:28,260 [INFO]   🔬 [  61.8s] b02= 69  b03=  0  b04= 58  b05= 47  b06=119  b07= 64  b08=  0  raw=28 01 45 00 3a 2f 77 40 00 00 00 00 00 00 00 8e
2026-03-11 16:09:28,394 [INFO] ← RX [16b] cmd=0x28  crc_recv=0x8e  crc_calc=0x8e  raw=28 01 45 00 3a 2f 77 40 00 00 00 00 00 00 00 8e
2026-03-11 16:09:28,395 [INFO]   🔬 [  61.9s] b02= 69  b03=  0  b04= 58  b05= 47  b06=119  b07= 64  b08=  0  raw=28 01 45 00 3a 2f 77 40 00 00 00 00 00 00 00 8e
2026-03-11 16:09:29,384 [INFO] ← RX [16b] cmd=0x28  crc_recv=0x8e  crc_calc=0x8e  raw=28 01 45 00 3a 2f 77 40 00 00 00 00 00 00 00 8e
2026-03-11 16:09:29,385 [INFO]   🔬 [  62.9s] b02= 69  b03=  0  b04= 58  b05= 47  b06=119  b07= 64  b08=  0  raw=28 01 45 00 3a 2f 77 40 00 00 00 00 00 00 00 8e
2026-03-11 16:09:30,419 [INFO] ← RX [16b] cmd=0x28  crc_recv=0x8e  crc_calc=0x8e  raw=28 01 45 00 3a 2f 77 40 00 00 00 00 00 00 00 8e
2026-03-11 16:09:30,420 [INFO]   🔬 [  64.0s] b02= 69  b03=  0  b04= 58  b05= 47  b06=119  b07= 64  b08=  0  raw=28 01 45 00 3a 2f 77 40 00 00 00 00 00 00 00 8e
2026-03-11 16:10:27,774 [INFO] ← RX [16b] cmd=0x28  crc_recv=0x27  crc_calc=0x27  raw=28 ff 00 00 00 00 00 00 00 00 00 00 00 00 00 27
2026-03-11 16:11:26,508 [INFO] ⏹ Capture done. 63 packets received.
2026-03-11 16:42:43,414 [INFO] Disconnected.
2026-03-11 16:43:15,653 [INFO] Connecting to CE:68:27:E4:9F:D0...
2026-03-11 16:43:24,178 [INFO] Connected ✓  (notifications enabled)
2026-03-11 16:45:19,529 [INFO] Disconnected.
2026-03-11 16:45:24,703 [INFO] Connecting to CE:68:27:E4:9F:D0...
2026-03-11 16:45:28,106 [INFO] Connected ✓  (notifications enabled)
2026-03-11 16:45:47,091 [INFO] ← RX [16b] cmd=0x2a  crc_recv=0x2a  crc_calc=0x2a  raw=2a 00 00 00 00 00 00 00 00 00 00 00 00 00 00 2a
2026-03-11 16:45:47,092 [INFO] ⏰ Auto CardioAnalysis (sensor=4) enabled: OK
2026-03-11 16:45:47,093 [INFO]   ⚠ Disconnect BLE now and wait 30 min before reconnecting to read 0x56 records.
2026-03-11 16:46:01,310 [INFO] Disconnected.
2026-03-11 18:21:07,053 [INFO] Connecting to CE:68:27:E4:9F:D0...
2026-03-11 18:21:16,763 [INFO] Connected ✓  (notifications enabled)
2026-03-11 18:21:25,182 [INFO] ← RX [212b] cmd=0x56  crc_recv=0xff  crc_calc=0x25  raw=56 00 00 26 03 11 17 04 30 25 2e 4a 2e 72 40 56 01 00 26 03 11 16 11 26 3a 2f 49 2f 71 3f 56 02 00 26 03 11 16 10 27 3a 2f 00 2f 77 40 56 03 00 26 03 11 16 09 27 3a 2f 45 2f 77 40 56 04 00 26 03 11 16 00 46 00 00 48 00 70 3e 56 05 00 26 03 11 15 59 37 37 2e 48 2e 70 3e 56 06 00 26 03 11 15 57 35 37 2e 00 2e 00 00 56 07 00 26 03 11 13 08 45 00 00 45 00 77 40 56 08 00 26 03 11 13 06 10 3b 2b 00 2b 00 00 56 09 00 26 03 11 13 05 09 3b 2b 00 2b 00 00 56 0a 00 26 03 11 11 34 30 3b 2d 44 2d 76 3f 56 0b 00 26 03 10 16 04 30 2e 38 52 38 70 3e 56 0c 00 26 03 10 15 34 30 1f 39 58 39 76 3f 56 0d 00 26 03 10 14 34 30 2b 2d 4d 2d 75 3e 56 ff
2026-03-11 18:21:25,182 [WARNING] CRC mismatch on cmd=0x56 len=212 — got 0xff, expected 0x25. Full packet: 56 00 00 26 03 11 17 04 30 25 2e 4a 2e 72 40 56 01 00 26 03 11 16 11 26 3a 2f 49 2f 71 3f 56 02 00 26 03 11 16 10 27 3a 2f 00 2f 77 40 56 03 00 26 03 11 16 09 27 3a 2f 45 2f 77 40 56 04 00 26 03 11 16 00 46 00 00 48 00 70 3e 56 05 00 26 03 11 15 59 37 37 2e 48 2e 70 3e 56 06 00 26 03 11 15 57 35 37 2e 00 2e 00 00 56 07 00 26 03 11 13 08 45 00 00 45 00 77 40 56 08 00 26 03 11 13 06 10 3b 2b 00 2b 00 00 56 09 00 26 03 11 13 05 09 3b 2b 00 2b 00 00 56 0a 00 26 03 11 11 34 30 3b 2d 44 2d 76 3f 56 0b 00 26 03 10 16 04 30 2e 38 52 38 70 3e 56 0c 00 26 03 10 15 34 30 1f 39 58 39 76 3f 56 0d 00 26 03 10 14 34 30 2b 2d 4d 2d 75 3e 56 ff
2026-03-11 18:21:35,215 [INFO] Disconnected.
2026-03-11 18:22:41,344 [INFO] Connecting to CE:68:27:E4:9F:D0...
2026-03-11 18:22:47,201 [INFO] Connected ✓  (notifications enabled)
2026-03-11 18:22:50,984 [INFO] ← RX [212b] cmd=0x56  crc_recv=0xff  crc_calc=0x25  raw=56 00 00 26 03 11 17 04 30 25 2e 4a 2e 72 40 56 01 00 26 03 11 16 11 26 3a 2f 49 2f 71 3f 56 02 00 26 03 11 16 10 27 3a 2f 00 2f 77 40 56 03 00 26 03 11 16 09 27 3a 2f 45 2f 77 40 56 04 00 26 03 11 16 00 46 00 00 48 00 70 3e 56 05 00 26 03 11 15 59 37 37 2e 48 2e 70 3e 56 06 00 26 03 11 15 57 35 37 2e 00 2e 00 00 56 07 00 26 03 11 13 08 45 00 00 45 00 77 40 56 08 00 26 03 11 13 06 10 3b 2b 00 2b 00 00 56 09 00 26 03 11 13 05 09 3b 2b 00 2b 00 00 56 0a 00 26 03 11 11 34 30 3b 2d 44 2d 76 3f 56 0b 00 26 03 10 16 04 30 2e 38 52 38 70 3e 56 0c 00 26 03 10 15 34 30 1f 39 58 39 76 3f 56 0d 00 26 03 10 14 34 30 2b 2d 4d 2d 75 3e 56 ff
2026-03-11 18:22:50,985 [WARNING] CRC mismatch on cmd=0x56 len=212 — got 0xff, expected 0x25. Full packet: 56 00 00 26 03 11 17 04 30 25 2e 4a 2e 72 40 56 01 00 26 03 11 16 11 26 3a 2f 49 2f 71 3f 56 02 00 26 03 11 16 10 27 3a 2f 00 2f 77 40 56 03 00 26 03 11 16 09 27 3a 2f 45 2f 77 40 56 04 00 26 03 11 16 00 46 00 00 48 00 70 3e 56 05 00 26 03 11 15 59 37 37 2e 48 2e 70 3e 56 06 00 26 03 11 15 57 35 37 2e 00 2e 00 00 56 07 00 26 03 11 13 08 45 00 00 45 00 77 40 56 08 00 26 03 11 13 06 10 3b 2b 00 2b 00 00 56 09 00 26 03 11 13 05 09 3b 2b 00 2b 00 00 56 0a 00 26 03 11 11 34 30 3b 2d 44 2d 76 3f 56 0b 00 26 03 10 16 04 30 2e 38 52 38 70 3e 56 0c 00 26 03 10 15 34 30 1f 39 58 39 76 3f 56 0d 00 26 03 10 14 34 30 2b 2d 4d 2d 75 3e 56 ff
2026-03-11 18:23:01,198 [INFO] Disconnected.
2026-03-11 18:23:07,617 [INFO] Connecting to CE:68:27:E4:9F:D0...
2026-03-11 18:23:12,670 [INFO] Connected ✓  (notifications enabled)
2026-03-11 18:23:18,776 [INFO] ▶ Real-time HR started (30s)...
2026-03-11 18:23:21,129 [INFO] ← RX [16b] cmd=0x28  crc_recv=0x89  crc_calc=0x89  raw=28 02 00 00 34 2b 00 00 00 00 00 00 00 00 00 89
2026-03-11 18:23:21,130 [WARNING]   ⚠  HR=0 — sensor may not be in contact yet. Raw: 28 02 00 00 34 2b 00 00 00 00 00 00 00 00 00 89
2026-03-11 18:23:22,164 [INFO] ← RX [16b] cmd=0x28  crc_recv=0x89  crc_calc=0x89  raw=28 02 00 00 34 2b 00 00 00 00 00 00 00 00 00 89
2026-03-11 18:23:22,164 [WARNING]   ⚠  HR=0 — sensor may not be in contact yet. Raw: 28 02 00 00 34 2b 00 00 00 00 00 00 00 00 00 89
2026-03-11 18:23:23,109 [INFO] ← RX [16b] cmd=0x28  crc_recv=0x89  crc_calc=0x89  raw=28 02 00 00 34 2b 00 00 00 00 00 00 00 00 00 89
2026-03-11 18:23:23,109 [WARNING]   ⚠  HR=0 — sensor may not be in contact yet. Raw: 28 02 00 00 34 2b 00 00 00 00 00 00 00 00 00 89
2026-03-11 18:23:24,144 [INFO] ← RX [16b] cmd=0x28  crc_recv=0x89  crc_calc=0x89  raw=28 02 00 00 34 2b 00 00 00 00 00 00 00 00 00 89
2026-03-11 18:23:24,144 [WARNING]   ⚠  HR=0 — sensor may not be in contact yet. Raw: 28 02 00 00 34 2b 00 00 00 00 00 00 00 00 00 89
2026-03-11 18:23:25,134 [INFO] ← RX [16b] cmd=0x28  crc_recv=0x89  crc_calc=0x89  raw=28 02 00 00 34 2b 00 00 00 00 00 00 00 00 00 89
2026-03-11 18:23:25,134 [WARNING]   ⚠  HR=0 — sensor may not be in contact yet. Raw: 28 02 00 00 34 2b 00 00 00 00 00 00 00 00 00 89
2026-03-11 18:23:26,214 [INFO] ← RX [16b] cmd=0x28  crc_recv=0x89  crc_calc=0x89  raw=28 02 00 00 34 2b 00 00 00 00 00 00 00 00 00 89
2026-03-11 18:23:26,214 [WARNING]   ⚠  HR=0 — sensor may not be in contact yet. Raw: 28 02 00 00 34 2b 00 00 00 00 00 00 00 00 00 89
2026-03-11 18:23:27,114 [INFO] ← RX [16b] cmd=0x28  crc_recv=0x89  crc_calc=0x89  raw=28 02 00 00 34 2b 00 00 00 00 00 00 00 00 00 89
2026-03-11 18:23:27,114 [WARNING]   ⚠  HR=0 — sensor may not be in contact yet. Raw: 28 02 00 00 34 2b 00 00 00 00 00 00 00 00 00 89
2026-03-11 18:23:28,149 [INFO] ← RX [16b] cmd=0x28  crc_recv=0x89  crc_calc=0x89  raw=28 02 00 00 34 2b 00 00 00 00 00 00 00 00 00 89
2026-03-11 18:23:28,149 [WARNING]   ⚠  HR=0 — sensor may not be in contact yet. Raw: 28 02 00 00 34 2b 00 00 00 00 00 00 00 00 00 89
2026-03-11 18:23:29,139 [INFO] ← RX [16b] cmd=0x28  crc_recv=0x89  crc_calc=0x89  raw=28 02 00 00 34 2b 00 00 00 00 00 00 00 00 00 89
2026-03-11 18:23:29,139 [WARNING]   ⚠  HR=0 — sensor may not be in contact yet. Raw: 28 02 00 00 34 2b 00 00 00 00 00 00 00 00 00 89
2026-03-11 18:23:30,174 [INFO] ← RX [16b] cmd=0x28  crc_recv=0xd3  crc_calc=0xd3  raw=28 02 4a 00 34 2b 00 00 00 00 00 00 00 00 00 d3
2026-03-11 18:23:30,174 [INFO]   📡 HR: {'measure_type': 2, 'heart_rate': 74, 'spo2': 0}
2026-03-11 18:23:31,119 [INFO] ← RX [16b] cmd=0x28  crc_recv=0xd3  crc_calc=0xd3  raw=28 02 4a 00 34 2b 00 00 00 00 00 00 00 00 00 d3
2026-03-11 18:23:31,119 [INFO]   📡 HR: {'measure_type': 2, 'heart_rate': 74, 'spo2': 0}
2026-03-11 18:23:32,109 [INFO] ← RX [16b] cmd=0x28  crc_recv=0xd4  crc_calc=0xd4  raw=28 02 4b 00 34 2b 00 00 00 00 00 00 00 00 00 d4
2026-03-11 18:23:32,109 [INFO]   📡 HR: {'measure_type': 2, 'heart_rate': 75, 'spo2': 0}
2026-03-11 18:23:33,144 [INFO] ← RX [16b] cmd=0x28  crc_recv=0xd3  crc_calc=0xd3  raw=28 02 4a 00 34 2b 00 00 00 00 00 00 00 00 00 d3
2026-03-11 18:23:33,144 [INFO]   📡 HR: {'measure_type': 2, 'heart_rate': 74, 'spo2': 0}
2026-03-11 18:23:34,134 [INFO] ← RX [16b] cmd=0x28  crc_recv=0xd7  crc_calc=0xd7  raw=28 02 4e 00 34 2b 00 00 00 00 00 00 00 00 00 d7
2026-03-11 18:23:34,134 [INFO]   📡 HR: {'measure_type': 2, 'heart_rate': 78, 'spo2': 0}
2026-03-11 18:23:35,169 [INFO] ← RX [16b] cmd=0x28  crc_recv=0xd6  crc_calc=0xd6  raw=28 02 4d 00 34 2b 00 00 00 00 00 00 00 00 00 d6
2026-03-11 18:23:35,169 [INFO]   📡 HR: {'measure_type': 2, 'heart_rate': 77, 'spo2': 0}
2026-03-11 18:23:36,114 [INFO] ← RX [16b] cmd=0x28  crc_recv=0xd9  crc_calc=0xd9  raw=28 02 50 00 34 2b 00 00 00 00 00 00 00 00 00 d9
2026-03-11 18:23:36,114 [INFO]   📡 HR: {'measure_type': 2, 'heart_rate': 80, 'spo2': 0}
2026-03-11 18:23:37,149 [INFO] ← RX [16b] cmd=0x28  crc_recv=0xda  crc_calc=0xda  raw=28 02 51 00 34 2b 00 00 00 00 00 00 00 00 00 da
2026-03-11 18:23:37,150 [INFO]   📡 HR: {'measure_type': 2, 'heart_rate': 81, 'spo2': 0}
2026-03-11 18:23:38,139 [INFO] ← RX [16b] cmd=0x28  crc_recv=0xd9  crc_calc=0xd9  raw=28 02 50 00 34 2b 00 00 00 00 00 00 00 00 00 d9
2026-03-11 18:23:38,139 [INFO]   📡 HR: {'measure_type': 2, 'heart_rate': 80, 'spo2': 0}
2026-03-11 18:23:39,174 [INFO] ← RX [16b] cmd=0x28  crc_recv=0xd8  crc_calc=0xd8  raw=28 02 4f 00 34 2b 00 00 00 00 00 00 00 00 00 d8
2026-03-11 18:23:39,174 [INFO]   📡 HR: {'measure_type': 2, 'heart_rate': 79, 'spo2': 0}
2026-03-11 18:23:40,119 [INFO] ← RX [16b] cmd=0x28  crc_recv=0xd8  crc_calc=0xd8  raw=28 02 4f 00 34 2b 00 00 00 00 00 00 00 00 00 d8
2026-03-11 18:23:40,119 [INFO]   📡 HR: {'measure_type': 2, 'heart_rate': 79, 'spo2': 0}
2026-03-11 18:23:41,109 [INFO] ← RX [16b] cmd=0x28  crc_recv=0xd7  crc_calc=0xd7  raw=28 02 4e 00 34 2b 00 00 00 00 00 00 00 00 00 d7
2026-03-11 18:23:41,109 [INFO]   📡 HR: {'measure_type': 2, 'heart_rate': 78, 'spo2': 0}
2026-03-11 18:23:42,234 [INFO] ← RX [16b] cmd=0x28  crc_recv=0xd7  crc_calc=0xd7  raw=28 02 4e 00 34 2b 00 00 00 00 00 00 00 00 00 d7
2026-03-11 18:23:42,234 [INFO]   📡 HR: {'measure_type': 2, 'heart_rate': 78, 'spo2': 0}
2026-03-11 18:23:43,179 [INFO] ← RX [16b] cmd=0x28  crc_recv=0xd7  crc_calc=0xd7  raw=28 02 4e 00 34 2b 00 00 00 00 00 00 00 00 00 d7
2026-03-11 18:23:43,179 [INFO]   📡 HR: {'measure_type': 2, 'heart_rate': 78, 'spo2': 0}
2026-03-11 18:23:44,124 [INFO] ← RX [16b] cmd=0x28  crc_recv=0xd6  crc_calc=0xd6  raw=28 02 4d 00 34 2b 00 00 00 00 00 00 00 00 00 d6
2026-03-11 18:23:44,124 [INFO]   📡 HR: {'measure_type': 2, 'heart_rate': 77, 'spo2': 0}
2026-03-11 18:23:45,114 [INFO] ← RX [16b] cmd=0x28  crc_recv=0xd5  crc_calc=0xd5  raw=28 02 4c 00 34 2b 00 00 00 00 00 00 00 00 00 d5
2026-03-11 18:23:45,114 [INFO]   📡 HR: {'measure_type': 2, 'heart_rate': 76, 'spo2': 0}
2026-03-11 18:23:46,149 [INFO] ← RX [16b] cmd=0x28  crc_recv=0xd5  crc_calc=0xd5  raw=28 02 4c 00 34 2b 00 00 00 00 00 00 00 00 00 d5
2026-03-11 18:23:46,149 [INFO]   📡 HR: {'measure_type': 2, 'heart_rate': 76, 'spo2': 0}
2026-03-11 18:23:47,184 [INFO] ← RX [16b] cmd=0x28  crc_recv=0xd5  crc_calc=0xd5  raw=28 02 4c 00 34 2b 00 00 00 00 00 00 00 00 00 d5
2026-03-11 18:23:47,184 [INFO]   📡 HR: {'measure_type': 2, 'heart_rate': 76, 'spo2': 0}
2026-03-11 18:23:48,129 [INFO] ← RX [16b] cmd=0x28  crc_recv=0xd5  crc_calc=0xd5  raw=28 02 4c 00 34 2b 00 00 00 00 00 00 00 00 00 d5
2026-03-11 18:23:48,129 [INFO]   📡 HR: {'measure_type': 2, 'heart_rate': 76, 'spo2': 0}
2026-03-11 18:23:48,778 [INFO] ⏹ Real-time HR stopped. 19 samples.
2026-03-11 18:23:52,724 [INFO] ← RX [212b] cmd=0x56  crc_recv=0xff  crc_calc=0x25  raw=56 00 00 26 03 11 17 04 30 25 2e 4a 2e 72 40 56 01 00 26 03 11 16 11 26 3a 2f 49 2f 71 3f 56 02 00 26 03 11 16 10 27 3a 2f 00 2f 77 40 56 03 00 26 03 11 16 09 27 3a 2f 45 2f 77 40 56 04 00 26 03 11 16 00 46 00 00 48 00 70 3e 56 05 00 26 03 11 15 59 37 37 2e 48 2e 70 3e 56 06 00 26 03 11 15 57 35 37 2e 00 2e 00 00 56 07 00 26 03 11 13 08 45 00 00 45 00 77 40 56 08 00 26 03 11 13 06 10 3b 2b 00 2b 00 00 56 09 00 26 03 11 13 05 09 3b 2b 00 2b 00 00 56 0a 00 26 03 11 11 34 30 3b 2d 44 2d 76 3f 56 0b 00 26 03 10 16 04 30 2e 38 52 38 70 3e 56 0c 00 26 03 10 15 34 30 1f 39 58 39 76 3f 56 0d 00 26 03 10 14 34 30 2b 2d 4d 2d 75 3e 56 ff
2026-03-11 18:23:52,724 [WARNING] CRC mismatch on cmd=0x56 len=212 — got 0xff, expected 0x25. Full packet: 56 00 00 26 03 11 17 04 30 25 2e 4a 2e 72 40 56 01 00 26 03 11 16 11 26 3a 2f 49 2f 71 3f 56 02 00 26 03 11 16 10 27 3a 2f 00 2f 77 40 56 03 00 26 03 11 16 09 27 3a 2f 45 2f 77 40 56 04 00 26 03 11 16 00 46 00 00 48 00 70 3e 56 05 00 26 03 11 15 59 37 37 2e 48 2e 70 3e 56 06 00 26 03 11 15 57 35 37 2e 00 2e 00 00 56 07 00 26 03 11 13 08 45 00 00 45 00 77 40 56 08 00 26 03 11 13 06 10 3b 2b 00 2b 00 00 56 09 00 26 03 11 13 05 09 3b 2b 00 2b 00 00 56 0a 00 26 03 11 11 34 30 3b 2d 44 2d 76 3f 56 0b 00 26 03 10 16 04 30 2e 38 52 38 70 3e 56 0c 00 26 03 10 15 34 30 1f 39 58 39 76 3f 56 0d 00 26 03 10 14 34 30 2b 2d 4d 2d 75 3e 56 ff
2026-03-11 18:24:03,342 [INFO] Disconnected.
2026-03-11 18:36:07,016 [INFO] Connecting to CE:68:27:E4:9F:D0...
2026-03-11 18:36:11,554 [INFO] Connected ✓  (notifications enabled)
2026-03-11 18:36:17,874 [INFO] 🌡  Warming up sensor (5s HR mode) before HRV...
2026-03-11 18:36:20,145 [INFO] ← RX [16b] cmd=0x28  crc_recv=0x6c  crc_calc=0x6c  raw=28 02 42 00 00 00 00 00 00 00 00 00 00 00 00 6c
2026-03-11 18:36:21,135 [INFO] ← RX [16b] cmd=0x28  crc_recv=0x6b  crc_calc=0x6b  raw=28 02 41 00 00 00 00 00 00 00 00 00 00 00 00 6b
2026-03-11 18:36:22,125 [INFO] ← RX [16b] cmd=0x28  crc_recv=0x6c  crc_calc=0x6c  raw=28 02 42 00 00 00 00 00 00 00 00 00 00 00 00 6c
2026-03-11 18:36:23,181 [INFO] ▶ CardioAnalysis (0x28 01) started (60s) — HR streams immediately, BP+fatigue appear after ~30s...
2026-03-11 18:36:26,214 [INFO] ← RX [16b] cmd=0x28  crc_recv=0x29  crc_calc=0x29  raw=28 01 00 00 00 00 00 00 00 00 00 00 00 00 00 29
2026-03-11 18:36:26,214 [INFO]   🫀 [   3.0s] HR=0bpm  (waiting for BP/fatigue result...)  raw=28 01 00 00 00 00 00 00 00 00 00 00 00 00 00 29
2026-03-11 18:36:27,120 [INFO] ← RX [16b] cmd=0x28  crc_recv=0x29  crc_calc=0x29  raw=28 01 00 00 00 00 00 00 00 00 00 00 00 00 00 29
2026-03-11 18:36:27,121 [INFO]   🫀 [   3.9s] HR=0bpm  (waiting for BP/fatigue result...)  raw=28 01 00 00 00 00 00 00 00 00 00 00 00 00 00 29
2026-03-11 18:36:28,110 [INFO] ← RX [16b] cmd=0x28  crc_recv=0x29  crc_calc=0x29  raw=28 01 00 00 00 00 00 00 00 00 00 00 00 00 00 29
2026-03-11 18:36:28,110 [INFO]   🫀 [   4.9s] HR=0bpm  (waiting for BP/fatigue result...)  raw=28 01 00 00 00 00 00 00 00 00 00 00 00 00 00 29
2026-03-11 18:36:29,145 [INFO] ← RX [16b] cmd=0x28  crc_recv=0x29  crc_calc=0x29  raw=28 01 00 00 00 00 00 00 00 00 00 00 00 00 00 29
2026-03-11 18:36:29,146 [INFO]   🫀 [   6.0s] HR=0bpm  (waiting for BP/fatigue result...)  raw=28 01 00 00 00 00 00 00 00 00 00 00 00 00 00 29
2026-03-11 18:36:30,135 [INFO] ← RX [16b] cmd=0x28  crc_recv=0x29  crc_calc=0x29  raw=28 01 00 00 00 00 00 00 00 00 00 00 00 00 00 29
2026-03-11 18:36:30,136 [INFO]   🫀 [   7.0s] HR=0bpm  (waiting for BP/fatigue result...)  raw=28 01 00 00 00 00 00 00 00 00 00 00 00 00 00 29
2026-03-11 18:36:31,170 [INFO] ← RX [16b] cmd=0x28  crc_recv=0x29  crc_calc=0x29  raw=28 01 00 00 00 00 00 00 00 00 00 00 00 00 00 29
2026-03-11 18:36:31,171 [INFO]   🫀 [   8.0s] HR=0bpm  (waiting for BP/fatigue result...)  raw=28 01 00 00 00 00 00 00 00 00 00 00 00 00 00 29
2026-03-11 18:36:32,115 [INFO] ← RX [16b] cmd=0x28  crc_recv=0x29  crc_calc=0x29  raw=28 01 00 00 00 00 00 00 00 00 00 00 00 00 00 29
2026-03-11 18:36:32,116 [INFO]   🫀 [   8.9s] HR=0bpm  (waiting for BP/fatigue result...)  raw=28 01 00 00 00 00 00 00 00 00 00 00 00 00 00 29
2026-03-11 18:36:33,150 [INFO] ← RX [16b] cmd=0x28  crc_recv=0x29  crc_calc=0x29  raw=28 01 00 00 00 00 00 00 00 00 00 00 00 00 00 29
2026-03-11 18:36:33,151 [INFO]   🫀 [  10.0s] HR=0bpm  (waiting for BP/fatigue result...)  raw=28 01 00 00 00 00 00 00 00 00 00 00 00 00 00 29
2026-03-11 18:36:34,140 [INFO] ← RX [16b] cmd=0x28  crc_recv=0x29  crc_calc=0x29  raw=28 01 00 00 00 00 00 00 00 00 00 00 00 00 00 29
2026-03-11 18:36:34,141 [INFO]   🫀 [  11.0s] HR=0bpm  (waiting for BP/fatigue result...)  raw=28 01 00 00 00 00 00 00 00 00 00 00 00 00 00 29
2026-03-11 18:36:35,130 [INFO] ← RX [16b] cmd=0x28  crc_recv=0x6f  crc_calc=0x6f  raw=28 01 46 00 00 00 00 00 00 00 00 00 00 00 00 6f
2026-03-11 18:36:35,131 [INFO]   🫀 [  12.0s] HR=70bpm  (waiting for BP/fatigue result...)  raw=28 01 46 00 00 00 00 00 00 00 00 00 00 00 00 6f
2026-03-11 18:36:36,120 [INFO] ← RX [16b] cmd=0x28  crc_recv=0x6e  crc_calc=0x6e  raw=28 01 45 00 00 00 00 00 00 00 00 00 00 00 00 6e
2026-03-11 18:36:36,121 [INFO]   🫀 [  12.9s] HR=69bpm  (waiting for BP/fatigue result...)  raw=28 01 45 00 00 00 00 00 00 00 00 00 00 00 00 6e
2026-03-11 18:36:37,111 [INFO] ← RX [16b] cmd=0x28  crc_recv=0x6e  crc_calc=0x6e  raw=28 01 45 00 00 00 00 00 00 00 00 00 00 00 00 6e
2026-03-11 18:36:37,111 [INFO]   🫀 [  13.9s] HR=69bpm  (waiting for BP/fatigue result...)  raw=28 01 45 00 00 00 00 00 00 00 00 00 00 00 00 6e
2026-03-11 18:36:38,145 [INFO] ← RX [16b] cmd=0x28  crc_recv=0x6e  crc_calc=0x6e  raw=28 01 45 00 00 00 00 00 00 00 00 00 00 00 00 6e
2026-03-11 18:36:38,146 [INFO]   🫀 [  15.0s] HR=69bpm  (waiting for BP/fatigue result...)  raw=28 01 45 00 00 00 00 00 00 00 00 00 00 00 00 6e
2026-03-11 18:36:39,135 [INFO] ← RX [16b] cmd=0x28  crc_recv=0x73  crc_calc=0x73  raw=28 01 4a 00 00 00 00 00 00 00 00 00 00 00 00 73
2026-03-11 18:36:39,136 [INFO]   🫀 [  16.0s] HR=74bpm  (waiting for BP/fatigue result...)  raw=28 01 4a 00 00 00 00 00 00 00 00 00 00 00 00 73
2026-03-11 18:36:40,125 [INFO] ← RX [16b] cmd=0x28  crc_recv=0x73  crc_calc=0x73  raw=28 01 4a 00 00 00 00 00 00 00 00 00 00 00 00 73
2026-03-11 18:36:40,126 [INFO]   🫀 [  16.9s] HR=74bpm  (waiting for BP/fatigue result...)  raw=28 01 4a 00 00 00 00 00 00 00 00 00 00 00 00 73
2026-03-11 18:36:41,116 [INFO] ← RX [16b] cmd=0x28  crc_recv=0x76  crc_calc=0x76  raw=28 01 4d 00 00 00 00 00 00 00 00 00 00 00 00 76
2026-03-11 18:36:41,116 [INFO]   🫀 [  17.9s] HR=77bpm  (waiting for BP/fatigue result...)  raw=28 01 4d 00 00 00 00 00 00 00 00 00 00 00 00 76
2026-03-11 18:36:42,150 [INFO] ← RX [16b] cmd=0x28  crc_recv=0x76  crc_calc=0x76  raw=28 01 4d 00 00 00 00 00 00 00 00 00 00 00 00 76
2026-03-11 18:36:42,151 [INFO]   🫀 [  19.0s] HR=77bpm  (waiting for BP/fatigue result...)  raw=28 01 4d 00 00 00 00 00 00 00 00 00 00 00 00 76
2026-03-11 18:36:43,140 [INFO] ← RX [16b] cmd=0x28  crc_recv=0x77  crc_calc=0x77  raw=28 01 4e 00 00 00 00 00 00 00 00 00 00 00 00 77
2026-03-11 18:36:43,141 [INFO]   🫀 [  20.0s] HR=78bpm  (waiting for BP/fatigue result...)  raw=28 01 4e 00 00 00 00 00 00 00 00 00 00 00 00 77
2026-03-11 18:36:44,175 [INFO] ← RX [16b] cmd=0x28  crc_recv=0x76  crc_calc=0x76  raw=28 01 4d 00 00 00 00 00 00 00 00 00 00 00 00 76
2026-03-11 18:36:44,176 [INFO]   🫀 [  21.0s] HR=77bpm  (waiting for BP/fatigue result...)  raw=28 01 4d 00 00 00 00 00 00 00 00 00 00 00 00 76
2026-03-11 18:36:45,120 [INFO] ← RX [16b] cmd=0x28  crc_recv=0x74  crc_calc=0x74  raw=28 01 4b 00 00 00 00 00 00 00 00 00 00 00 00 74
2026-03-11 18:36:45,120 [INFO]   🫀 [  21.9s] HR=75bpm  (waiting for BP/fatigue result...)  raw=28 01 4b 00 00 00 00 00 00 00 00 00 00 00 00 74
2026-03-11 18:36:46,110 [INFO] ← RX [16b] cmd=0x28  crc_recv=0x73  crc_calc=0x73  raw=28 01 4a 00 00 00 00 00 00 00 00 00 00 00 00 73
2026-03-11 18:36:46,111 [INFO]   🫀 [  22.9s] HR=74bpm  (waiting for BP/fatigue result...)  raw=28 01 4a 00 00 00 00 00 00 00 00 00 00 00 00 73
2026-03-11 18:36:47,145 [INFO] ← RX [16b] cmd=0x28  crc_recv=0x73  crc_calc=0x73  raw=28 01 4a 00 00 00 00 00 00 00 00 00 00 00 00 73
2026-03-11 18:36:47,146 [INFO]   🫀 [  24.0s] HR=74bpm  (waiting for BP/fatigue result...)  raw=28 01 4a 00 00 00 00 00 00 00 00 00 00 00 00 73
2026-03-11 18:36:48,135 [INFO] ← RX [16b] cmd=0x28  crc_recv=0x72  crc_calc=0x72  raw=28 01 49 00 00 00 00 00 00 00 00 00 00 00 00 72
2026-03-11 18:36:48,136 [INFO]   🫀 [  25.0s] HR=73bpm  (waiting for BP/fatigue result...)  raw=28 01 49 00 00 00 00 00 00 00 00 00 00 00 00 72
2026-03-11 18:36:49,125 [INFO] ← RX [16b] cmd=0x28  crc_recv=0x73  crc_calc=0x73  raw=28 01 4a 00 00 00 00 00 00 00 00 00 00 00 00 73
2026-03-11 18:36:49,126 [INFO]   🫀 [  25.9s] HR=74bpm  (waiting for BP/fatigue result...)  raw=28 01 4a 00 00 00 00 00 00 00 00 00 00 00 00 73
2026-03-11 18:36:50,115 [INFO] ← RX [16b] cmd=0x28  crc_recv=0x73  crc_calc=0x73  raw=28 01 4a 00 00 00 00 00 00 00 00 00 00 00 00 73
2026-03-11 18:36:50,116 [INFO]   🫀 [  26.9s] HR=74bpm  (waiting for BP/fatigue result...)  raw=28 01 4a 00 00 00 00 00 00 00 00 00 00 00 00 73
2026-03-11 18:36:51,150 [INFO] ← RX [16b] cmd=0x28  crc_recv=0x72  crc_calc=0x72  raw=28 01 49 00 00 00 00 00 00 00 00 00 00 00 00 72
2026-03-11 18:36:51,151 [INFO]   🫀 [  28.0s] HR=73bpm  (waiting for BP/fatigue result...)  raw=28 01 49 00 00 00 00 00 00 00 00 00 00 00 00 72
2026-03-11 18:36:52,140 [INFO] ← RX [16b] cmd=0x28  crc_recv=0x73  crc_calc=0x73  raw=28 01 4a 00 00 00 00 00 00 00 00 00 00 00 00 73
2026-03-11 18:36:52,141 [INFO]   🫀 [  29.0s] HR=74bpm  (waiting for BP/fatigue result...)  raw=28 01 4a 00 00 00 00 00 00 00 00 00 00 00 00 73
2026-03-11 18:36:53,130 [INFO] ← RX [16b] cmd=0x28  crc_recv=0x73  crc_calc=0x73  raw=28 01 4a 00 00 00 00 00 00 00 00 00 00 00 00 73
2026-03-11 18:36:53,131 [INFO]   🫀 [  30.0s] HR=74bpm  (waiting for BP/fatigue result...)  raw=28 01 4a 00 00 00 00 00 00 00 00 00 00 00 00 73
2026-03-11 18:36:54,120 [INFO] ← RX [16b] cmd=0x28  crc_recv=0x73  crc_calc=0x73  raw=28 01 4a 00 00 00 00 00 00 00 00 00 00 00 00 73
2026-03-11 18:36:54,121 [INFO]   🫀 [  30.9s] HR=74bpm  (waiting for BP/fatigue result...)  raw=28 01 4a 00 00 00 00 00 00 00 00 00 00 00 00 73
2026-03-11 18:36:55,110 [INFO] ← RX [16b] cmd=0x28  crc_recv=0x74  crc_calc=0x74  raw=28 01 4b 00 00 00 00 00 00 00 00 00 00 00 00 74
2026-03-11 18:36:55,111 [INFO]   🫀 [  31.9s] HR=75bpm  (waiting for BP/fatigue result...)  raw=28 01 4b 00 00 00 00 00 00 00 00 00 00 00 00 74
2026-03-11 18:36:57,274 [INFO] Disconnected.
2026-03-11 18:36:58,902 [INFO] Connecting to CE:68:27:E4:9F:D0...
2026-03-11 18:37:02,447 [INFO] Connected ✓  (notifications enabled)
2026-03-11 18:37:06,546 [INFO] ← RX [212b] cmd=0x56  crc_recv=0xff  crc_calc=0x25  raw=56 00 00 26 03 11 17 04 30 25 2e 4a 2e 72 40 56 01 00 26 03 11 16 11 26 3a 2f 49 2f 71 3f 56 02 00 26 03 11 16 10 27 3a 2f 00 2f 77 40 56 03 00 26 03 11 16 09 27 3a 2f 45 2f 77 40 56 04 00 26 03 11 16 00 46 00 00 48 00 70 3e 56 05 00 26 03 11 15 59 37 37 2e 48 2e 70 3e 56 06 00 26 03 11 15 57 35 37 2e 00 2e 00 00 56 07 00 26 03 11 13 08 45 00 00 45 00 77 40 56 08 00 26 03 11 13 06 10 3b 2b 00 2b 00 00 56 09 00 26 03 11 13 05 09 3b 2b 00 2b 00 00 56 0a 00 26 03 11 11 34 30 3b 2d 44 2d 76 3f 56 0b 00 26 03 10 16 04 30 2e 38 52 38 70 3e 56 0c 00 26 03 10 15 34 30 1f 39 58 39 76 3f 56 0d 00 26 03 10 14 34 30 2b 2d 4d 2d 75 3e 56 ff
2026-03-11 18:37:06,547 [INFO]   🧠 HRV #0 [2026-03-11 17:04:30]  HRV=37  HR=74bpm  fatigue=46  BP=114/64mmHg
2026-03-11 18:37:06,548 [INFO]   🧠 HRV #1 [2026-03-11 16:11:26]  HRV=58  HR=73bpm  fatigue=47  BP=113/63mmHg
2026-03-11 18:37:06,548 [INFO]   🧠 HRV #2 [2026-03-11 16:10:27]  HRV=58  HR=0bpm  fatigue=47  BP=119/64mmHg
2026-03-11 18:37:06,548 [INFO]   🧠 HRV #3 [2026-03-11 16:09:27]  HRV=58  HR=69bpm  fatigue=47  BP=119/64mmHg
2026-03-11 18:37:06,549 [INFO]   🧠 HRV #4 [2026-03-11 16:00:46]  HRV=0  HR=72bpm  fatigue=0  BP=112/62mmHg
2026-03-11 18:37:06,549 [INFO]   🧠 HRV #5 [2026-03-11 15:59:37]  HRV=55  HR=72bpm  fatigue=46  BP=112/62mmHg
2026-03-11 18:37:06,549 [INFO]   🧠 HRV #6 [2026-03-11 15:57:35]  HRV=55  HR=0bpm  fatigue=46  BP=0/0mmHg
2026-03-11 18:37:06,550 [INFO]   🧠 HRV #7 [2026-03-11 13:08:45]  HRV=0  HR=69bpm  fatigue=0  BP=119/64mmHg
2026-03-11 18:37:06,550 [INFO]   🧠 HRV #8 [2026-03-11 13:06:10]  HRV=59  HR=0bpm  fatigue=43  BP=0/0mmHg
2026-03-11 18:37:06,551 [INFO]   🧠 HRV #9 [2026-03-11 13:05:09]  HRV=59  HR=0bpm  fatigue=43  BP=0/0mmHg
2026-03-11 18:37:06,551 [INFO]   🧠 HRV #10 [2026-03-11 11:34:30]  HRV=59  HR=68bpm  fatigue=45  BP=118/63mmHg
2026-03-11 18:37:06,551 [INFO]   🧠 HRV #11 [2026-03-10 16:04:30]  HRV=46  HR=82bpm  fatigue=56  BP=112/62mmHg
2026-03-11 18:37:06,551 [INFO]   🧠 HRV #12 [2026-03-10 15:34:30]  HRV=31  HR=88bpm  fatigue=57  BP=118/63mmHg
2026-03-11 18:37:06,552 [INFO]   🧠 HRV #13 [2026-03-10 14:34:30]  HRV=43  HR=77bpm  fatigue=45  BP=117/62mmHg
2026-03-11 18:37:06,552 [INFO] ✅ HRV: 14 records retrieved
2026-03-12 10:49:20,939 [INFO] Connecting to CE:68:27:E4:9F:D0...
2026-03-12 10:49:28,686 [INFO] Connected ✓  (notifications enabled)
2026-03-12 10:49:37,086 [INFO] 🌡  Warming up sensor (5s HR mode)...
2026-03-12 10:49:42,394 [INFO] ▶ CardioAnalysis started (60s) — HR streams now, HRV+BP+fatigue appear after ~30s...
2026-03-12 10:51:02,423 [INFO] Connecting to CE:68:27:E4:9F:D0...
2026-03-12 10:51:07,703 [INFO] Connected ✓  (notifications enabled)
2026-03-12 10:51:15,834 [INFO] ▶ Real-time HR started (30s)...
2026-03-12 10:51:18,322 [INFO] ← RX [16b] cmd=0x28  crc_recv=0x34  crc_calc=0x34  raw=28 02 00 00 30 2b 73 3c 00 00 00 00 00 00 00 34
2026-03-12 10:51:18,322 [WARNING]   ⚠  HR=0 — sensor may not be in contact yet. Raw: 28 02 00 00 30 2b 73 3c 00 00 00 00 00 00 00 34
2026-03-12 10:51:19,357 [INFO] ← RX [16b] cmd=0x28  crc_recv=0x34  crc_calc=0x34  raw=28 02 00 00 30 2b 73 3c 00 00 00 00 00 00 00 34
2026-03-12 10:51:19,357 [WARNING]   ⚠  HR=0 — sensor may not be in contact yet. Raw: 28 02 00 00 30 2b 73 3c 00 00 00 00 00 00 00 34
2026-03-12 10:51:20,347 [INFO] ← RX [16b] cmd=0x28  crc_recv=0x34  crc_calc=0x34  raw=28 02 00 00 30 2b 73 3c 00 00 00 00 00 00 00 34
2026-03-12 10:51:20,347 [WARNING]   ⚠  HR=0 — sensor may not be in contact yet. Raw: 28 02 00 00 30 2b 73 3c 00 00 00 00 00 00 00 34
2026-03-12 10:51:21,337 [INFO] ← RX [16b] cmd=0x28  crc_recv=0x34  crc_calc=0x34  raw=28 02 00 00 30 2b 73 3c 00 00 00 00 00 00 00 34
2026-03-12 10:51:21,337 [WARNING]   ⚠  HR=0 — sensor may not be in contact yet. Raw: 28 02 00 00 30 2b 73 3c 00 00 00 00 00 00 00 34
2026-03-12 10:51:22,327 [INFO] ← RX [16b] cmd=0x28  crc_recv=0x34  crc_calc=0x34  raw=28 02 00 00 30 2b 73 3c 00 00 00 00 00 00 00 34
2026-03-12 10:51:22,327 [WARNING]   ⚠  HR=0 — sensor may not be in contact yet. Raw: 28 02 00 00 30 2b 73 3c 00 00 00 00 00 00 00 34
2026-03-12 10:51:23,317 [INFO] ← RX [16b] cmd=0x28  crc_recv=0x34  crc_calc=0x34  raw=28 02 00 00 30 2b 73 3c 00 00 00 00 00 00 00 34
2026-03-12 10:51:23,317 [WARNING]   ⚠  HR=0 — sensor may not be in contact yet. Raw: 28 02 00 00 30 2b 73 3c 00 00 00 00 00 00 00 34
2026-03-12 10:51:24,352 [INFO] ← RX [16b] cmd=0x28  crc_recv=0x34  crc_calc=0x34  raw=28 02 00 00 30 2b 73 3c 00 00 00 00 00 00 00 34
2026-03-12 10:51:24,352 [WARNING]   ⚠  HR=0 — sensor may not be in contact yet. Raw: 28 02 00 00 30 2b 73 3c 00 00 00 00 00 00 00 34
2026-03-12 10:51:25,342 [INFO] ← RX [16b] cmd=0x28  crc_recv=0x34  crc_calc=0x34  raw=28 02 00 00 30 2b 73 3c 00 00 00 00 00 00 00 34
2026-03-12 10:51:25,342 [WARNING]   ⚠  HR=0 — sensor may not be in contact yet. Raw: 28 02 00 00 30 2b 73 3c 00 00 00 00 00 00 00 34
2026-03-12 10:51:26,332 [INFO] ← RX [16b] cmd=0x28  crc_recv=0x34  crc_calc=0x34  raw=28 02 00 00 30 2b 73 3c 00 00 00 00 00 00 00 34
2026-03-12 10:51:26,332 [WARNING]   ⚠  HR=0 — sensor may not be in contact yet. Raw: 28 02 00 00 30 2b 73 3c 00 00 00 00 00 00 00 34
2026-03-12 10:51:27,322 [INFO] ← RX [16b] cmd=0x28  crc_recv=0x86  crc_calc=0x86  raw=28 02 52 00 30 2b 73 3c 00 00 00 00 00 00 00 86
2026-03-12 10:51:27,322 [INFO]   📡 HR: {'measure_type': 2, 'heart_rate': 82, 'spo2': 0, 'unknown_b04': 0, 'fatigue': 0, 'systolic_bp': 0, 'diastolic_bp': 0}
2026-03-12 10:51:28,356 [INFO] ← RX [16b] cmd=0x28  crc_recv=0x85  crc_calc=0x85  raw=28 02 51 00 30 2b 73 3c 00 00 00 00 00 00 00 85
2026-03-12 10:51:28,357 [INFO]   📡 HR: {'measure_type': 2, 'heart_rate': 81, 'spo2': 0, 'unknown_b04': 0, 'fatigue': 0, 'systolic_bp': 0, 'diastolic_bp': 0}
2026-03-12 10:51:29,347 [INFO] ← RX [16b] cmd=0x28  crc_recv=0x85  crc_calc=0x85  raw=28 02 51 00 30 2b 73 3c 00 00 00 00 00 00 00 85
2026-03-12 10:51:29,347 [INFO]   📡 HR: {'measure_type': 2, 'heart_rate': 81, 'spo2': 0, 'unknown_b04': 0, 'fatigue': 0, 'systolic_bp': 0, 'diastolic_bp': 0}
2026-03-12 10:51:30,337 [INFO] ← RX [16b] cmd=0x28  crc_recv=0x85  crc_calc=0x85  raw=28 02 51 00 30 2b 73 3c 00 00 00 00 00 00 00 85
2026-03-12 10:51:30,337 [INFO]   📡 HR: {'measure_type': 2, 'heart_rate': 81, 'spo2': 0, 'unknown_b04': 0, 'fatigue': 0, 'systolic_bp': 0, 'diastolic_bp': 0}
2026-03-12 10:51:31,327 [INFO] ← RX [16b] cmd=0x28  crc_recv=0x7e  crc_calc=0x7e  raw=28 02 4a 00 30 2b 73 3c 00 00 00 00 00 00 00 7e
2026-03-12 10:51:31,327 [INFO]   📡 HR: {'measure_type': 2, 'heart_rate': 74, 'spo2': 0, 'unknown_b04': 0, 'fatigue': 0, 'systolic_bp': 0, 'diastolic_bp': 0}
2026-03-12 10:51:32,316 [INFO] ← RX [16b] cmd=0x28  crc_recv=0x7a  crc_calc=0x7a  raw=28 02 46 00 30 2b 73 3c 00 00 00 00 00 00 00 7a
2026-03-12 10:51:32,317 [INFO]   📡 HR: {'measure_type': 2, 'heart_rate': 70, 'spo2': 0, 'unknown_b04': 0, 'fatigue': 0, 'systolic_bp': 0, 'diastolic_bp': 0}
2026-03-12 10:51:33,352 [INFO] ← RX [16b] cmd=0x28  crc_recv=0x84  crc_calc=0x84  raw=28 02 50 00 30 2b 73 3c 00 00 00 00 00 00 00 84
2026-03-12 10:51:33,352 [INFO]   📡 HR: {'measure_type': 2, 'heart_rate': 80, 'spo2': 0, 'unknown_b04': 0, 'fatigue': 0, 'systolic_bp': 0, 'diastolic_bp': 0}
2026-03-12 10:51:34,342 [INFO] ← RX [16b] cmd=0x28  crc_recv=0x85  crc_calc=0x85  raw=28 02 51 00 30 2b 73 3c 00 00 00 00 00 00 00 85
2026-03-12 10:51:34,342 [INFO]   📡 HR: {'measure_type': 2, 'heart_rate': 81, 'spo2': 0, 'unknown_b04': 0, 'fatigue': 0, 'systolic_bp': 0, 'diastolic_bp': 0}
2026-03-12 10:51:35,332 [INFO] ← RX [16b] cmd=0x28  crc_recv=0x84  crc_calc=0x84  raw=28 02 50 00 30 2b 73 3c 00 00 00 00 00 00 00 84
2026-03-12 10:51:35,332 [INFO]   📡 HR: {'measure_type': 2, 'heart_rate': 80, 'spo2': 0, 'unknown_b04': 0, 'fatigue': 0, 'systolic_bp': 0, 'diastolic_bp': 0}
2026-03-12 10:51:36,322 [INFO] ← RX [16b] cmd=0x28  crc_recv=0x83  crc_calc=0x83  raw=28 02 4f 00 30 2b 73 3c 00 00 00 00 00 00 00 83
2026-03-12 10:51:36,322 [INFO]   📡 HR: {'measure_type': 2, 'heart_rate': 79, 'spo2': 0, 'unknown_b04': 0, 'fatigue': 0, 'systolic_bp': 0, 'diastolic_bp': 0}
2026-03-12 10:51:37,357 [INFO] ← RX [16b] cmd=0x28  crc_recv=0x80  crc_calc=0x80  raw=28 02 4c 00 30 2b 73 3c 00 00 00 00 00 00 00 80
2026-03-12 10:51:37,357 [INFO]   📡 HR: {'measure_type': 2, 'heart_rate': 76, 'spo2': 0, 'unknown_b04': 0, 'fatigue': 0, 'systolic_bp': 0, 'diastolic_bp': 0}
2026-03-12 10:51:38,347 [INFO] ← RX [16b] cmd=0x28  crc_recv=0x7f  crc_calc=0x7f  raw=28 02 4b 00 30 2b 73 3c 00 00 00 00 00 00 00 7f
2026-03-12 10:51:38,347 [INFO]   📡 HR: {'measure_type': 2, 'heart_rate': 75, 'spo2': 0, 'unknown_b04': 0, 'fatigue': 0, 'systolic_bp': 0, 'diastolic_bp': 0}
2026-03-12 10:51:39,337 [INFO] ← RX [16b] cmd=0x28  crc_recv=0x7e  crc_calc=0x7e  raw=28 02 4a 00 30 2b 73 3c 00 00 00 00 00 00 00 7e
2026-03-12 10:51:39,337 [INFO]   📡 HR: {'measure_type': 2, 'heart_rate': 74, 'spo2': 0, 'unknown_b04': 0, 'fatigue': 0, 'systolic_bp': 0, 'diastolic_bp': 0}
2026-03-12 10:51:40,327 [INFO] ← RX [16b] cmd=0x28  crc_recv=0x7d  crc_calc=0x7d  raw=28 02 49 00 30 2b 73 3c 00 00 00 00 00 00 00 7d
2026-03-12 10:51:40,327 [INFO]   📡 HR: {'measure_type': 2, 'heart_rate': 73, 'spo2': 0, 'unknown_b04': 0, 'fatigue': 0, 'systolic_bp': 0, 'diastolic_bp': 0}
2026-03-12 10:51:41,317 [INFO] ← RX [16b] cmd=0x28  crc_recv=0x7b  crc_calc=0x7b  raw=28 02 47 00 30 2b 73 3c 00 00 00 00 00 00 00 7b
2026-03-12 10:51:41,317 [INFO]   📡 HR: {'measure_type': 2, 'heart_rate': 71, 'spo2': 0, 'unknown_b04': 0, 'fatigue': 0, 'systolic_bp': 0, 'diastolic_bp': 0}
2026-03-12 10:51:42,352 [INFO] ← RX [16b] cmd=0x28  crc_recv=0x7a  crc_calc=0x7a  raw=28 02 46 00 30 2b 73 3c 00 00 00 00 00 00 00 7a
2026-03-12 10:51:42,352 [INFO]   📡 HR: {'measure_type': 2, 'heart_rate': 70, 'spo2': 0, 'unknown_b04': 0, 'fatigue': 0, 'systolic_bp': 0, 'diastolic_bp': 0}
2026-03-12 10:51:43,341 [INFO] ← RX [16b] cmd=0x28  crc_recv=0x79  crc_calc=0x79  raw=28 02 45 00 30 2b 73 3c 00 00 00 00 00 00 00 79
2026-03-12 10:51:43,342 [INFO]   📡 HR: {'measure_type': 2, 'heart_rate': 69, 'spo2': 0, 'unknown_b04': 0, 'fatigue': 0, 'systolic_bp': 0, 'diastolic_bp': 0}
2026-03-12 10:51:44,332 [INFO] ← RX [16b] cmd=0x28  crc_recv=0x78  crc_calc=0x78  raw=28 02 44 00 30 2b 73 3c 00 00 00 00 00 00 00 78
2026-03-12 10:51:44,332 [INFO]   📡 HR: {'measure_type': 2, 'heart_rate': 68, 'spo2': 0, 'unknown_b04': 0, 'fatigue': 0, 'systolic_bp': 0, 'diastolic_bp': 0}
2026-03-12 10:51:45,322 [INFO] ← RX [16b] cmd=0x28  crc_recv=0x78  crc_calc=0x78  raw=28 02 44 00 30 2b 73 3c 00 00 00 00 00 00 00 78
2026-03-12 10:51:45,322 [INFO]   📡 HR: {'measure_type': 2, 'heart_rate': 68, 'spo2': 0, 'unknown_b04': 0, 'fatigue': 0, 'systolic_bp': 0, 'diastolic_bp': 0}
2026-03-12 10:51:45,323 [INFO] ← RX [16b] cmd=0x28  crc_recv=0x27  crc_calc=0x27  raw=28 ff 00 00 00 00 00 00 00 00 00 00 00 00 00 27
2026-03-12 10:51:45,836 [INFO] ⏹ Real-time HR stopped. 19 samples.
2026-03-12 10:51:56,918 [INFO] 🌡  Warming up sensor (5s HR mode)...
2026-03-12 10:51:59,317 [INFO] ← RX [16b] cmd=0x28  crc_recv=0x3a  crc_calc=0x3a  raw=28 02 00 00 30 2b 76 3f 00 00 00 00 00 00 00 3a
2026-03-12 10:52:00,352 [INFO] ← RX [16b] cmd=0x28  crc_recv=0x3a  crc_calc=0x3a  raw=28 02 00 00 30 2b 76 3f 00 00 00 00 00 00 00 3a
2026-03-12 10:52:01,342 [INFO] ← RX [16b] cmd=0x28  crc_recv=0x3a  crc_calc=0x3a  raw=28 02 00 00 30 2b 76 3f 00 00 00 00 00 00 00 3a
2026-03-12 10:52:02,225 [INFO] ▶ CardioAnalysis started (60s) — HR streams now, HRV+BP+fatigue appear after ~30s...
2026-03-12 10:52:05,431 [INFO] ← RX [16b] cmd=0x28  crc_recv=0x29  crc_calc=0x29  raw=28 01 00 00 00 00 00 00 00 00 00 00 00 00 00 29
2026-03-12 10:52:05,432 [INFO]   🫀 [   3.2s] HR=0bpm  (waiting for HRV/BP/fatigue...)
2026-03-12 10:52:06,337 [INFO] ← RX [16b] cmd=0x28  crc_recv=0x29  crc_calc=0x29  raw=28 01 00 00 00 00 00 00 00 00 00 00 00 00 00 29
2026-03-12 10:52:06,338 [INFO]   🫀 [   4.1s] HR=0bpm  (waiting for HRV/BP/fatigue...)
2026-03-12 10:52:07,327 [INFO] ← RX [16b] cmd=0x28  crc_recv=0x29  crc_calc=0x29  raw=28 01 00 00 00 00 00 00 00 00 00 00 00 00 00 29
2026-03-12 10:52:07,327 [INFO]   🫀 [   5.1s] HR=0bpm  (waiting for HRV/BP/fatigue...)
2026-03-12 10:52:08,317 [INFO] ← RX [16b] cmd=0x28  crc_recv=0x29  crc_calc=0x29  raw=28 01 00 00 00 00 00 00 00 00 00 00 00 00 00 29
2026-03-12 10:52:08,318 [INFO]   🫀 [   6.1s] HR=0bpm  (waiting for HRV/BP/fatigue...)
2026-03-12 10:52:09,352 [INFO] ← RX [16b] cmd=0x28  crc_recv=0x29  crc_calc=0x29  raw=28 01 00 00 00 00 00 00 00 00 00 00 00 00 00 29
2026-03-12 10:52:09,353 [INFO]   🫀 [   7.1s] HR=0bpm  (waiting for HRV/BP/fatigue...)
2026-03-12 10:52:10,342 [INFO] ← RX [16b] cmd=0x28  crc_recv=0x29  crc_calc=0x29  raw=28 01 00 00 00 00 00 00 00 00 00 00 00 00 00 29
2026-03-12 10:52:10,343 [INFO]   🫀 [   8.1s] HR=0bpm  (waiting for HRV/BP/fatigue...)
2026-03-12 10:52:11,332 [INFO] ← RX [16b] cmd=0x28  crc_recv=0x29  crc_calc=0x29  raw=28 01 00 00 00 00 00 00 00 00 00 00 00 00 00 29
2026-03-12 10:52:11,333 [INFO]   🫀 [   9.1s] HR=0bpm  (waiting for HRV/BP/fatigue...)
2026-03-12 10:52:12,322 [INFO] ← RX [16b] cmd=0x28  crc_recv=0x29  crc_calc=0x29  raw=28 01 00 00 00 00 00 00 00 00 00 00 00 00 00 29
2026-03-12 10:52:12,323 [INFO]   🫀 [  10.1s] HR=0bpm  (waiting for HRV/BP/fatigue...)
2026-03-12 10:52:13,357 [INFO] ← RX [16b] cmd=0x28  crc_recv=0x29  crc_calc=0x29  raw=28 01 00 00 00 00 00 00 00 00 00 00 00 00 00 29
2026-03-12 10:52:13,358 [INFO]   🫀 [  11.1s] HR=0bpm  (waiting for HRV/BP/fatigue...)
2026-03-12 10:52:14,347 [INFO] ← RX [16b] cmd=0x28  crc_recv=0x68  crc_calc=0x68  raw=28 01 3f 00 00 00 00 00 00 00 00 00 00 00 00 68
2026-03-12 10:52:14,348 [INFO]   🫀 [  12.1s] HR=63bpm  (waiting for HRV/BP/fatigue...)
2026-03-12 10:52:15,337 [INFO] ← RX [16b] cmd=0x28  crc_recv=0x68  crc_calc=0x68  raw=28 01 3f 00 00 00 00 00 00 00 00 00 00 00 00 68
2026-03-12 10:52:15,337 [INFO]   🫀 [  13.1s] HR=63bpm  (waiting for HRV/BP/fatigue...)
2026-03-12 10:52:16,327 [INFO] ← RX [16b] cmd=0x28  crc_recv=0x67  crc_calc=0x67  raw=28 01 3e 00 00 00 00 00 00 00 00 00 00 00 00 67
2026-03-12 10:52:16,328 [INFO]   🫀 [  14.1s] HR=62bpm  (waiting for HRV/BP/fatigue...)
2026-03-12 10:52:17,317 [INFO] ← RX [16b] cmd=0x28  crc_recv=0x67  crc_calc=0x67  raw=28 01 3e 00 00 00 00 00 00 00 00 00 00 00 00 67
2026-03-12 10:52:17,318 [INFO]   🫀 [  15.1s] HR=62bpm  (waiting for HRV/BP/fatigue...)
2026-03-12 10:52:18,352 [INFO] ← RX [16b] cmd=0x28  crc_recv=0x67  crc_calc=0x67  raw=28 01 3e 00 00 00 00 00 00 00 00 00 00 00 00 67
2026-03-12 10:52:18,353 [INFO]   🫀 [  16.1s] HR=62bpm  (waiting for HRV/BP/fatigue...)
2026-03-12 10:52:19,342 [INFO] ← RX [16b] cmd=0x28  crc_recv=0x63  crc_calc=0x63  raw=28 01 3a 00 00 00 00 00 00 00 00 00 00 00 00 63
2026-03-12 10:52:19,342 [INFO]   🫀 [  17.1s] HR=58bpm  (waiting for HRV/BP/fatigue...)
2026-03-12 10:52:20,332 [INFO] ← RX [16b] cmd=0x28  crc_recv=0x6d  crc_calc=0x6d  raw=28 01 44 00 00 00 00 00 00 00 00 00 00 00 00 6d
2026-03-12 10:52:20,333 [INFO]   🫀 [  18.1s] HR=68bpm  (waiting for HRV/BP/fatigue...)
2026-03-12 10:52:21,322 [INFO] ← RX [16b] cmd=0x28  crc_recv=0x6d  crc_calc=0x6d  raw=28 01 44 00 00 00 00 00 00 00 00 00 00 00 00 6d
2026-03-12 10:52:21,323 [INFO]   🫀 [  19.1s] HR=68bpm  (waiting for HRV/BP/fatigue...)
2026-03-12 10:52:22,357 [INFO] ← RX [16b] cmd=0x28  crc_recv=0x6e  crc_calc=0x6e  raw=28 01 45 00 00 00 00 00 00 00 00 00 00 00 00 6e
2026-03-12 10:52:22,358 [INFO]   🫀 [  20.1s] HR=69bpm  (waiting for HRV/BP/fatigue...)
2026-03-12 10:52:23,347 [INFO] ← RX [16b] cmd=0x28  crc_recv=0x6c  crc_calc=0x6c  raw=28 01 43 00 00 00 00 00 00 00 00 00 00 00 00 6c
2026-03-12 10:52:23,348 [INFO]   🫀 [  21.1s] HR=67bpm  (waiting for HRV/BP/fatigue...)
2026-03-12 10:52:24,337 [INFO] ← RX [16b] cmd=0x28  crc_recv=0x6b  crc_calc=0x6b  raw=28 01 42 00 00 00 00 00 00 00 00 00 00 00 00 6b
2026-03-12 10:52:24,338 [INFO]   🫀 [  22.1s] HR=66bpm  (waiting for HRV/BP/fatigue...)
2026-03-12 10:52:25,327 [INFO] ← RX [16b] cmd=0x28  crc_recv=0x68  crc_calc=0x68  raw=28 01 3f 00 00 00 00 00 00 00 00 00 00 00 00 68
2026-03-12 10:52:25,328 [INFO]   🫀 [  23.1s] HR=63bpm  (waiting for HRV/BP/fatigue...)
2026-03-12 10:52:26,317 [INFO] ← RX [16b] cmd=0x28  crc_recv=0x68  crc_calc=0x68  raw=28 01 3f 00 00 00 00 00 00 00 00 00 00 00 00 68
2026-03-12 10:52:26,317 [INFO]   🫀 [  24.1s] HR=63bpm  (waiting for HRV/BP/fatigue...)
2026-03-12 10:52:27,352 [INFO] ← RX [16b] cmd=0x28  crc_recv=0x68  crc_calc=0x68  raw=28 01 3f 00 00 00 00 00 00 00 00 00 00 00 00 68
2026-03-12 10:52:27,353 [INFO]   🫀 [  25.1s] HR=63bpm  (waiting for HRV/BP/fatigue...)
2026-03-12 10:52:28,342 [INFO] ← RX [16b] cmd=0x28  crc_recv=0x68  crc_calc=0x68  raw=28 01 3f 00 00 00 00 00 00 00 00 00 00 00 00 68
2026-03-12 10:52:28,342 [INFO]   🫀 [  26.1s] HR=63bpm  (waiting for HRV/BP/fatigue...)
2026-03-12 10:52:29,332 [INFO] ← RX [16b] cmd=0x28  crc_recv=0x68  crc_calc=0x68  raw=28 01 3f 00 00 00 00 00 00 00 00 00 00 00 00 68
2026-03-12 10:52:29,333 [INFO]   🫀 [  27.1s] HR=63bpm  (waiting for HRV/BP/fatigue...)
2026-03-12 10:52:30,322 [INFO] ← RX [16b] cmd=0x28  crc_recv=0x68  crc_calc=0x68  raw=28 01 3f 00 00 00 00 00 00 00 00 00 00 00 00 68
2026-03-12 10:52:30,323 [INFO]   🫀 [  28.1s] HR=63bpm  (waiting for HRV/BP/fatigue...)
2026-03-12 10:52:31,357 [INFO] ← RX [16b] cmd=0x28  crc_recv=0x68  crc_calc=0x68  raw=28 01 3f 00 00 00 00 00 00 00 00 00 00 00 00 68
2026-03-12 10:52:31,358 [INFO]   🫀 [  29.1s] HR=63bpm  (waiting for HRV/BP/fatigue...)
2026-03-12 10:52:32,347 [INFO] ← RX [16b] cmd=0x28  crc_recv=0x68  crc_calc=0x68  raw=28 01 3f 00 00 00 00 00 00 00 00 00 00 00 00 68
2026-03-12 10:52:32,348 [INFO]   🫀 [  30.1s] HR=63bpm  (waiting for HRV/BP/fatigue...)
2026-03-12 10:52:33,337 [INFO] ← RX [16b] cmd=0x28  crc_recv=0x68  crc_calc=0x68  raw=28 01 3f 00 00 00 00 00 00 00 00 00 00 00 00 68
2026-03-12 10:52:33,338 [INFO]   🫀 [  31.1s] HR=63bpm  (waiting for HRV/BP/fatigue...)
2026-03-12 10:52:34,327 [INFO] ← RX [16b] cmd=0x28  crc_recv=0x68  crc_calc=0x68  raw=28 01 3f 00 00 00 00 00 00 00 00 00 00 00 00 68
2026-03-12 10:52:34,328 [INFO]   🫀 [  32.1s] HR=63bpm  (waiting for HRV/BP/fatigue...)
2026-03-12 10:52:35,317 [INFO] ← RX [16b] cmd=0x28  crc_recv=0x68  crc_calc=0x68  raw=28 01 3f 00 00 00 00 00 00 00 00 00 00 00 00 68
2026-03-12 10:52:35,318 [INFO]   🫀 [  33.1s] HR=63bpm  (waiting for HRV/BP/fatigue...)
2026-03-12 10:52:36,352 [INFO] ← RX [16b] cmd=0x28  crc_recv=0x68  crc_calc=0x68  raw=28 01 3f 00 00 00 00 00 00 00 00 00 00 00 00 68
2026-03-12 10:52:36,353 [INFO]   🫀 [  34.1s] HR=63bpm  (waiting for HRV/BP/fatigue...)
2026-03-12 10:52:37,342 [INFO] ← RX [16b] cmd=0x28  crc_recv=0x68  crc_calc=0x68  raw=28 01 3f 00 00 00 00 00 00 00 00 00 00 00 00 68
2026-03-12 10:52:37,343 [INFO]   🫀 [  35.1s] HR=63bpm  (waiting for HRV/BP/fatigue...)
2026-03-12 10:52:38,332 [INFO] ← RX [16b] cmd=0x28  crc_recv=0x68  crc_calc=0x68  raw=28 01 3f 00 00 00 00 00 00 00 00 00 00 00 00 68
2026-03-12 10:52:38,333 [INFO]   🫀 [  36.1s] HR=63bpm  (waiting for HRV/BP/fatigue...)
2026-03-12 10:52:39,322 [INFO] ← RX [16b] cmd=0x28  crc_recv=0x69  crc_calc=0x69  raw=28 01 40 00 00 00 00 00 00 00 00 00 00 00 00 69
2026-03-12 10:52:39,323 [INFO]   🫀 [  37.1s] HR=64bpm  (waiting for HRV/BP/fatigue...)
2026-03-12 10:52:40,357 [INFO] ← RX [16b] cmd=0x28  crc_recv=0x69  crc_calc=0x69  raw=28 01 40 00 00 00 00 00 00 00 00 00 00 00 00 69
2026-03-12 10:52:40,358 [INFO]   🫀 [  38.1s] HR=64bpm  (waiting for HRV/BP/fatigue...)
2026-03-12 10:52:41,347 [INFO] ← RX [16b] cmd=0x28  crc_recv=0x6a  crc_calc=0x6a  raw=28 01 41 00 00 00 00 00 00 00 00 00 00 00 00 6a
2026-03-12 10:52:41,348 [INFO]   🫀 [  39.1s] HR=65bpm  (waiting for HRV/BP/fatigue...)
2026-03-12 10:52:42,338 [INFO] ← RX [16b] cmd=0x28  crc_recv=0x6a  crc_calc=0x6a  raw=28 01 41 00 00 00 00 00 00 00 00 00 00 00 00 6a
2026-03-12 10:52:42,338 [INFO]   🫀 [  40.1s] HR=65bpm  (waiting for HRV/BP/fatigue...)
2026-03-12 10:52:43,327 [INFO] ← RX [16b] cmd=0x28  crc_recv=0x6a  crc_calc=0x6a  raw=28 01 41 00 00 00 00 00 00 00 00 00 00 00 00 6a
2026-03-12 10:52:43,328 [INFO]   🫀 [  41.1s] HR=65bpm  (waiting for HRV/BP/fatigue...)
2026-03-12 10:52:44,317 [INFO] ← RX [16b] cmd=0x28  crc_recv=0x6b  crc_calc=0x6b  raw=28 01 42 00 00 00 00 00 00 00 00 00 00 00 00 6b
2026-03-12 10:52:44,318 [INFO]   🫀 [  42.1s] HR=66bpm  (waiting for HRV/BP/fatigue...)
2026-03-12 10:52:45,352 [INFO] ← RX [16b] cmd=0x28  crc_recv=0x6b  crc_calc=0x6b  raw=28 01 42 00 00 00 00 00 00 00 00 00 00 00 00 6b
2026-03-12 10:52:45,353 [INFO]   🫀 [  43.1s] HR=66bpm  (waiting for HRV/BP/fatigue...)
2026-03-12 10:52:46,343 [INFO] ← RX [16b] cmd=0x28  crc_recv=0x6c  crc_calc=0x6c  raw=28 01 43 00 00 00 00 00 00 00 00 00 00 00 00 6c
2026-03-12 10:52:46,343 [INFO]   🫀 [  44.1s] HR=67bpm  (waiting for HRV/BP/fatigue...)
2026-03-12 10:52:47,332 [INFO] ← RX [16b] cmd=0x28  crc_recv=0x6c  crc_calc=0x6c  raw=28 01 43 00 00 00 00 00 00 00 00 00 00 00 00 6c
2026-03-12 10:52:47,333 [INFO]   🫀 [  45.1s] HR=67bpm  (waiting for HRV/BP/fatigue...)
2026-03-12 10:52:48,323 [INFO] ← RX [16b] cmd=0x28  crc_recv=0x6c  crc_calc=0x6c  raw=28 01 43 00 00 00 00 00 00 00 00 00 00 00 00 6c
2026-03-12 10:52:48,323 [INFO]   🫀 [  46.1s] HR=67bpm  (waiting for HRV/BP/fatigue...)
2026-03-12 10:52:49,358 [INFO] ← RX [16b] cmd=0x28  crc_recv=0x6d  crc_calc=0x6d  raw=28 01 44 00 00 00 00 00 00 00 00 00 00 00 00 6d
2026-03-12 10:52:49,358 [INFO]   🫀 [  47.1s] HR=68bpm  (waiting for HRV/BP/fatigue...)
2026-03-12 10:52:50,347 [INFO] ← RX [16b] cmd=0x28  crc_recv=0x6d  crc_calc=0x6d  raw=28 01 44 00 00 00 00 00 00 00 00 00 00 00 00 6d
2026-03-12 10:52:50,348 [INFO]   🫀 [  48.1s] HR=68bpm  (waiting for HRV/BP/fatigue...)
2026-03-12 10:52:51,338 [INFO] ← RX [16b] cmd=0x28  crc_recv=0x6e  crc_calc=0x6e  raw=28 01 45 00 00 00 00 00 00 00 00 00 00 00 00 6e
2026-03-12 10:52:51,338 [INFO]   🫀 [  49.1s] HR=69bpm  (waiting for HRV/BP/fatigue...)
2026-03-12 10:52:52,328 [INFO] ← RX [16b] cmd=0x28  crc_recv=0x6e  crc_calc=0x6e  raw=28 01 45 00 00 00 00 00 00 00 00 00 00 00 00 6e
2026-03-12 10:52:52,328 [INFO]   🫀 [  50.1s] HR=69bpm  (waiting for HRV/BP/fatigue...)
2026-03-12 10:52:53,318 [INFO] ← RX [16b] cmd=0x28  crc_recv=0x6e  crc_calc=0x6e  raw=28 01 45 00 00 00 00 00 00 00 00 00 00 00 00 6e
2026-03-12 10:52:53,318 [INFO]   🫀 [  51.1s] HR=69bpm  (waiting for HRV/BP/fatigue...)
2026-03-12 10:52:54,353 [INFO] ← RX [16b] cmd=0x28  crc_recv=0x6e  crc_calc=0x6e  raw=28 01 45 00 00 00 00 00 00 00 00 00 00 00 00 6e
2026-03-12 10:52:54,353 [INFO]   🫀 [  52.1s] HR=69bpm  (waiting for HRV/BP/fatigue...)
2026-03-12 10:52:55,343 [INFO] ← RX [16b] cmd=0x28  crc_recv=0x6e  crc_calc=0x6e  raw=28 01 45 00 00 00 00 00 00 00 00 00 00 00 00 6e
2026-03-12 10:52:55,343 [INFO]   🫀 [  53.1s] HR=69bpm  (waiting for HRV/BP/fatigue...)
2026-03-12 10:52:56,333 [INFO] ← RX [16b] cmd=0x28  crc_recv=0x6e  crc_calc=0x6e  raw=28 01 45 00 00 00 00 00 00 00 00 00 00 00 00 6e
2026-03-12 10:52:56,333 [INFO]   🫀 [  54.1s] HR=69bpm  (waiting for HRV/BP/fatigue...)
2026-03-12 10:52:57,322 [INFO] ← RX [16b] cmd=0x28  crc_recv=0x6e  crc_calc=0x6e  raw=28 01 45 00 00 00 00 00 00 00 00 00 00 00 00 6e
2026-03-12 10:52:57,323 [INFO]   🫀 [  55.1s] HR=69bpm  (waiting for HRV/BP/fatigue...)
2026-03-12 10:52:58,358 [INFO] ← RX [16b] cmd=0x28  crc_recv=0x6e  crc_calc=0x6e  raw=28 01 45 00 00 00 00 00 00 00 00 00 00 00 00 6e
2026-03-12 10:52:58,358 [INFO]   🫀 [  56.1s] HR=69bpm  (waiting for HRV/BP/fatigue...)
2026-03-12 10:52:59,348 [INFO] ← RX [16b] cmd=0x28  crc_recv=0x6d  crc_calc=0x6d  raw=28 01 44 00 00 00 00 00 00 00 00 00 00 00 00 6d
2026-03-12 10:52:59,348 [INFO]   🫀 [  57.1s] HR=68bpm  (waiting for HRV/BP/fatigue...)
2026-03-12 10:53:00,337 [INFO] ← RX [16b] cmd=0x28  crc_recv=0x6d  crc_calc=0x6d  raw=28 01 44 00 00 00 00 00 00 00 00 00 00 00 00 6d
2026-03-12 10:53:00,338 [INFO]   🫀 [  58.1s] HR=68bpm  (waiting for HRV/BP/fatigue...)
2026-03-12 10:53:01,328 [INFO] ← RX [16b] cmd=0x28  crc_recv=0x6d  crc_calc=0x6d  raw=28 01 44 00 00 00 00 00 00 00 00 00 00 00 00 6d
2026-03-12 10:53:01,328 [INFO]   🫀 [  59.1s] HR=68bpm  (waiting for HRV/BP/fatigue...)
2026-03-12 10:53:02,229 [INFO] ⏹ CardioAnalysis stopped. 57 packets received.
2026-03-12 10:53:02,230 [WARNING]   ⚠ No HRV/BP/fatigue result — keep band still, need ~30s
2026-03-12 10:53:20,004 [INFO] 🌡  Warming up sensor (5s HR mode)...
2026-03-12 10:53:22,343 [INFO] ← RX [16b] cmd=0x28  crc_recv=0xdf  crc_calc=0xdf  raw=28 02 00 00 00 00 76 3f 00 00 00 00 00 00 00 df
2026-03-12 10:53:23,333 [INFO] ← RX [16b] cmd=0x28  crc_recv=0xdf  crc_calc=0xdf  raw=28 02 00 00 00 00 76 3f 00 00 00 00 00 00 00 df
2026-03-12 10:53:24,323 [INFO] ← RX [16b] cmd=0x28  crc_recv=0xdf  crc_calc=0xdf  raw=28 02 00 00 00 00 76 3f 00 00 00 00 00 00 00 df
2026-03-12 10:53:25,310 [INFO] ▶ CardioAnalysis started (120s) — HR streams now, HRV+BP+fatigue appear after ~30s...
2026-03-12 10:53:28,411 [INFO] ← RX [16b] cmd=0x28  crc_recv=0x29  crc_calc=0x29  raw=28 01 00 00 00 00 00 00 00 00 00 00 00 00 00 29
2026-03-12 10:53:28,412 [INFO]   🫀 [   3.1s] HR=0bpm  (waiting for HRV/BP/fatigue...)
2026-03-12 10:53:29,318 [INFO] ← RX [16b] cmd=0x28  crc_recv=0x29  crc_calc=0x29  raw=28 01 00 00 00 00 00 00 00 00 00 00 00 00 00 29
2026-03-12 10:53:29,318 [INFO]   🫀 [   4.0s] HR=0bpm  (waiting for HRV/BP/fatigue...)
2026-03-12 10:53:30,353 [INFO] ← RX [16b] cmd=0x28  crc_recv=0x29  crc_calc=0x29  raw=28 01 00 00 00 00 00 00 00 00 00 00 00 00 00 29
2026-03-12 10:53:30,353 [INFO]   🫀 [   5.0s] HR=0bpm  (waiting for HRV/BP/fatigue...)
2026-03-12 10:53:31,343 [INFO] ← RX [16b] cmd=0x28  crc_recv=0x29  crc_calc=0x29  raw=28 01 00 00 00 00 00 00 00 00 00 00 00 00 00 29
2026-03-12 10:53:31,343 [INFO]   🫀 [   6.0s] HR=0bpm  (waiting for HRV/BP/fatigue...)
2026-03-12 10:53:32,333 [INFO] ← RX [16b] cmd=0x28  crc_recv=0x29  crc_calc=0x29  raw=28 01 00 00 00 00 00 00 00 00 00 00 00 00 00 29
2026-03-12 10:53:32,334 [INFO]   🫀 [   7.0s] HR=0bpm  (waiting for HRV/BP/fatigue...)
2026-03-12 10:53:33,323 [INFO] ← RX [16b] cmd=0x28  crc_recv=0x29  crc_calc=0x29  raw=28 01 00 00 00 00 00 00 00 00 00 00 00 00 00 29
2026-03-12 10:53:33,323 [INFO]   🫀 [   8.0s] HR=0bpm  (waiting for HRV/BP/fatigue...)
2026-03-12 10:53:34,358 [INFO] ← RX [16b] cmd=0x28  crc_recv=0x29  crc_calc=0x29  raw=28 01 00 00 00 00 00 00 00 00 00 00 00 00 00 29
2026-03-12 10:53:34,358 [INFO]   🫀 [   9.0s] HR=0bpm  (waiting for HRV/BP/fatigue...)
2026-03-12 10:53:35,348 [INFO] ← RX [16b] cmd=0x28  crc_recv=0x29  crc_calc=0x29  raw=28 01 00 00 00 00 00 00 00 00 00 00 00 00 00 29
2026-03-12 10:53:35,349 [INFO]   🫀 [  10.0s] HR=0bpm  (waiting for HRV/BP/fatigue...)
2026-03-12 10:53:36,338 [INFO] ← RX [16b] cmd=0x28  crc_recv=0x29  crc_calc=0x29  raw=28 01 00 00 00 00 00 00 00 00 00 00 00 00 00 29
2026-03-12 10:53:36,338 [INFO]   🫀 [  11.0s] HR=0bpm  (waiting for HRV/BP/fatigue...)
2026-03-12 10:53:37,328 [INFO] ← RX [16b] cmd=0x28  crc_recv=0x29  crc_calc=0x29  raw=28 01 00 00 00 00 00 00 00 00 00 00 00 00 00 29
2026-03-12 10:53:37,329 [INFO]   🫀 [  12.0s] HR=0bpm  (waiting for HRV/BP/fatigue...)
2026-03-12 10:53:38,318 [INFO] ← RX [16b] cmd=0x28  crc_recv=0x66  crc_calc=0x66  raw=28 01 3d 00 00 00 00 00 00 00 00 00 00 00 00 66
2026-03-12 10:53:38,319 [INFO]   🫀 [  13.0s] HR=61bpm  (waiting for HRV/BP/fatigue...)
2026-03-12 10:53:39,353 [INFO] ← RX [16b] cmd=0x28  crc_recv=0x66  crc_calc=0x66  raw=28 01 3d 00 00 00 00 00 00 00 00 00 00 00 00 66
2026-03-12 10:53:39,354 [INFO]   🫀 [  14.0s] HR=61bpm  (waiting for HRV/BP/fatigue...)
2026-03-12 10:53:40,343 [INFO] ← RX [16b] cmd=0x28  crc_recv=0x66  crc_calc=0x66  raw=28 01 3d 00 00 00 00 00 00 00 00 00 00 00 00 66
2026-03-12 10:53:40,344 [INFO]   🫀 [  15.0s] HR=61bpm  (waiting for HRV/BP/fatigue...)
2026-03-12 10:53:41,333 [INFO] ← RX [16b] cmd=0x28  crc_recv=0x66  crc_calc=0x66  raw=28 01 3d 00 00 00 00 00 00 00 00 00 00 00 00 66
2026-03-12 10:53:41,333 [INFO]   🫀 [  16.0s] HR=61bpm  (waiting for HRV/BP/fatigue...)
2026-03-12 10:53:42,323 [INFO] ← RX [16b] cmd=0x28  crc_recv=0x68  crc_calc=0x68  raw=28 01 3f 00 00 00 00 00 00 00 00 00 00 00 00 68
2026-03-12 10:53:42,324 [INFO]   🫀 [  17.0s] HR=63bpm  (waiting for HRV/BP/fatigue...)
2026-03-12 10:53:43,358 [INFO] ← RX [16b] cmd=0x28  crc_recv=0x6e  crc_calc=0x6e  raw=28 01 45 00 00 00 00 00 00 00 00 00 00 00 00 6e
2026-03-12 10:53:43,359 [INFO]   🫀 [  18.1s] HR=69bpm  (waiting for HRV/BP/fatigue...)
2026-03-12 10:53:44,348 [INFO] ← RX [16b] cmd=0x28  crc_recv=0x6f  crc_calc=0x6f  raw=28 01 46 00 00 00 00 00 00 00 00 00 00 00 00 6f
2026-03-12 10:53:44,349 [INFO]   🫀 [  19.0s] HR=70bpm  (waiting for HRV/BP/fatigue...)
2026-03-12 10:53:45,338 [INFO] ← RX [16b] cmd=0x28  crc_recv=0x70  crc_calc=0x70  raw=28 01 47 00 00 00 00 00 00 00 00 00 00 00 00 70
2026-03-12 10:53:45,339 [INFO]   🫀 [  20.0s] HR=71bpm  (waiting for HRV/BP/fatigue...)
2026-03-12 10:53:46,328 [INFO] ← RX [16b] cmd=0x28  crc_recv=0x72  crc_calc=0x72  raw=28 01 49 00 00 00 00 00 00 00 00 00 00 00 00 72
2026-03-12 10:53:46,329 [INFO]   🫀 [  21.0s] HR=73bpm  (waiting for HRV/BP/fatigue...)
2026-03-12 10:53:47,318 [INFO] ← RX [16b] cmd=0x28  crc_recv=0x71  crc_calc=0x71  raw=28 01 48 00 00 00 00 00 00 00 00 00 00 00 00 71
2026-03-12 10:53:47,319 [INFO]   🫀 [  22.0s] HR=72bpm  (waiting for HRV/BP/fatigue...)
2026-03-12 10:53:48,353 [INFO] ← RX [16b] cmd=0x28  crc_recv=0x6f  crc_calc=0x6f  raw=28 01 46 00 00 00 00 00 00 00 00 00 00 00 00 6f
2026-03-12 10:53:48,353 [INFO]   🫀 [  23.0s] HR=70bpm  (waiting for HRV/BP/fatigue...)
2026-03-12 10:53:49,343 [INFO] ← RX [16b] cmd=0x28  crc_recv=0x6c  crc_calc=0x6c  raw=28 01 43 00 00 00 00 00 00 00 00 00 00 00 00 6c
2026-03-12 10:53:49,344 [INFO]   🫀 [  24.0s] HR=67bpm  (waiting for HRV/BP/fatigue...)
2026-03-12 10:53:50,333 [INFO] ← RX [16b] cmd=0x28  crc_recv=0x6b  crc_calc=0x6b  raw=28 01 42 00 00 00 00 00 00 00 00 00 00 00 00 6b
2026-03-12 10:53:50,334 [INFO]   🫀 [  25.0s] HR=66bpm  (waiting for HRV/BP/fatigue...)
2026-03-12 10:53:51,323 [INFO] ← RX [16b] cmd=0x28  crc_recv=0x6a  crc_calc=0x6a  raw=28 01 41 00 00 00 00 00 00 00 00 00 00 00 00 6a
2026-03-12 10:53:51,324 [INFO]   🫀 [  26.0s] HR=65bpm  (waiting for HRV/BP/fatigue...)
2026-03-12 10:53:52,358 [INFO] ← RX [16b] cmd=0x28  crc_recv=0x6a  crc_calc=0x6a  raw=28 01 41 00 00 00 00 00 00 00 00 00 00 00 00 6a
2026-03-12 10:53:52,359 [INFO]   🫀 [  27.1s] HR=65bpm  (waiting for HRV/BP/fatigue...)
2026-03-12 10:53:53,348 [INFO] ← RX [16b] cmd=0x28  crc_recv=0x6a  crc_calc=0x6a  raw=28 01 41 00 00 00 00 00 00 00 00 00 00 00 00 6a
2026-03-12 10:53:53,349 [INFO]   🫀 [  28.0s] HR=65bpm  (waiting for HRV/BP/fatigue...)
2026-03-12 10:53:54,338 [INFO] ← RX [16b] cmd=0x28  crc_recv=0x6a  crc_calc=0x6a  raw=28 01 41 00 00 00 00 00 00 00 00 00 00 00 00 6a
2026-03-12 10:53:54,339 [INFO]   🫀 [  29.0s] HR=65bpm  (waiting for HRV/BP/fatigue...)
2026-03-12 10:53:55,328 [INFO] ← RX [16b] cmd=0x28  crc_recv=0x6a  crc_calc=0x6a  raw=28 01 41 00 00 00 00 00 00 00 00 00 00 00 00 6a
2026-03-12 10:53:55,329 [INFO]   🫀 [  30.0s] HR=65bpm  (waiting for HRV/BP/fatigue...)
2026-03-12 10:53:56,318 [INFO] ← RX [16b] cmd=0x28  crc_recv=0x6a  crc_calc=0x6a  raw=28 01 41 00 00 00 00 00 00 00 00 00 00 00 00 6a
2026-03-12 10:53:56,319 [INFO]   🫀 [  31.0s] HR=65bpm  (waiting for HRV/BP/fatigue...)
2026-03-12 10:53:57,353 [INFO] ← RX [16b] cmd=0x28  crc_recv=0x6a  crc_calc=0x6a  raw=28 01 41 00 00 00 00 00 00 00 00 00 00 00 00 6a
2026-03-12 10:53:57,354 [INFO]   🫀 [  32.0s] HR=65bpm  (waiting for HRV/BP/fatigue...)
2026-03-12 10:53:58,343 [INFO] ← RX [16b] cmd=0x28  crc_recv=0x6b  crc_calc=0x6b  raw=28 01 42 00 00 00 00 00 00 00 00 00 00 00 00 6b
2026-03-12 10:53:58,343 [INFO]   🫀 [  33.0s] HR=66bpm  (waiting for HRV/BP/fatigue...)
2026-03-12 10:53:59,333 [INFO] ← RX [16b] cmd=0x28  crc_recv=0x6b  crc_calc=0x6b  raw=28 01 42 00 00 00 00 00 00 00 00 00 00 00 00 6b
2026-03-12 10:53:59,334 [INFO]   🫀 [  34.0s] HR=66bpm  (waiting for HRV/BP/fatigue...)
2026-03-12 10:54:00,323 [INFO] ← RX [16b] cmd=0x28  crc_recv=0x6b  crc_calc=0x6b  raw=28 01 42 00 00 00 00 00 00 00 00 00 00 00 00 6b
2026-03-12 10:54:00,324 [INFO]   🫀 [  35.0s] HR=66bpm  (waiting for HRV/BP/fatigue...)
2026-03-12 10:54:01,358 [INFO] ← RX [16b] cmd=0x28  crc_recv=0x6c  crc_calc=0x6c  raw=28 01 43 00 00 00 00 00 00 00 00 00 00 00 00 6c
2026-03-12 10:54:01,359 [INFO]   🫀 [  36.1s] HR=67bpm  (waiting for HRV/BP/fatigue...)
2026-03-12 10:54:02,348 [INFO] ← RX [16b] cmd=0x28  crc_recv=0x6c  crc_calc=0x6c  raw=28 01 43 00 00 00 00 00 00 00 00 00 00 00 00 6c
2026-03-12 10:54:02,349 [INFO]   🫀 [  37.0s] HR=67bpm  (waiting for HRV/BP/fatigue...)
2026-03-12 10:54:03,338 [INFO] ← RX [16b] cmd=0x28  crc_recv=0x6c  crc_calc=0x6c  raw=28 01 43 00 00 00 00 00 00 00 00 00 00 00 00 6c
2026-03-12 10:54:03,339 [INFO]   🫀 [  38.0s] HR=67bpm  (waiting for HRV/BP/fatigue...)
2026-03-12 10:54:04,328 [INFO] ← RX [16b] cmd=0x28  crc_recv=0x6c  crc_calc=0x6c  raw=28 01 43 00 00 00 00 00 00 00 00 00 00 00 00 6c
2026-03-12 10:54:04,329 [INFO]   🫀 [  39.0s] HR=67bpm  (waiting for HRV/BP/fatigue...)
2026-03-12 10:54:05,318 [INFO] ← RX [16b] cmd=0x28  crc_recv=0x6d  crc_calc=0x6d  raw=28 01 44 00 00 00 00 00 00 00 00 00 00 00 00 6d
2026-03-12 10:54:05,319 [INFO]   🫀 [  40.0s] HR=68bpm  (waiting for HRV/BP/fatigue...)
2026-03-12 10:54:06,353 [INFO] ← RX [16b] cmd=0x28  crc_recv=0x6d  crc_calc=0x6d  raw=28 01 44 00 00 00 00 00 00 00 00 00 00 00 00 6d
2026-03-12 10:54:06,354 [INFO]   🫀 [  41.0s] HR=68bpm  (waiting for HRV/BP/fatigue...)
2026-03-12 10:54:07,343 [INFO] ← RX [16b] cmd=0x28  crc_recv=0x6d  crc_calc=0x6d  raw=28 01 44 00 00 00 00 00 00 00 00 00 00 00 00 6d
2026-03-12 10:54:07,344 [INFO]   🫀 [  42.0s] HR=68bpm  (waiting for HRV/BP/fatigue...)
2026-03-12 10:54:08,333 [INFO] ← RX [16b] cmd=0x28  crc_recv=0x6d  crc_calc=0x6d  raw=28 01 44 00 00 00 00 00 00 00 00 00 00 00 00 6d
2026-03-12 10:54:08,334 [INFO]   🫀 [  43.0s] HR=68bpm  (waiting for HRV/BP/fatigue...)
2026-03-12 10:54:09,323 [INFO] ← RX [16b] cmd=0x28  crc_recv=0x6e  crc_calc=0x6e  raw=28 01 45 00 00 00 00 00 00 00 00 00 00 00 00 6e
2026-03-12 10:54:09,324 [INFO]   🫀 [  44.0s] HR=69bpm  (waiting for HRV/BP/fatigue...)
2026-03-12 10:54:10,359 [INFO] ← RX [16b] cmd=0x28  crc_recv=0x6e  crc_calc=0x6e  raw=28 01 45 00 00 00 00 00 00 00 00 00 00 00 00 6e
2026-03-12 10:54:10,359 [INFO]   🫀 [  45.1s] HR=69bpm  (waiting for HRV/BP/fatigue...)
2026-03-12 10:54:11,348 [INFO] ← RX [16b] cmd=0x28  crc_recv=0x6e  crc_calc=0x6e  raw=28 01 45 00 00 00 00 00 00 00 00 00 00 00 00 6e
2026-03-12 10:54:11,349 [INFO]   🫀 [  46.0s] HR=69bpm  (waiting for HRV/BP/fatigue...)
2026-03-12 10:54:12,339 [INFO] ← RX [16b] cmd=0x28  crc_recv=0x6f  crc_calc=0x6f  raw=28 01 46 00 00 00 00 00 00 00 00 00 00 00 00 6f
2026-03-12 10:54:12,339 [INFO]   🫀 [  47.0s] HR=70bpm  (waiting for HRV/BP/fatigue...)
2026-03-12 10:54:13,329 [INFO] ← RX [16b] cmd=0x28  crc_recv=0x6f  crc_calc=0x6f  raw=28 01 46 00 00 00 00 00 00 00 00 00 00 00 00 6f
2026-03-12 10:54:13,329 [INFO]   🫀 [  48.0s] HR=70bpm  (waiting for HRV/BP/fatigue...)
2026-03-12 10:54:14,319 [INFO] ← RX [16b] cmd=0x28  crc_recv=0x6e  crc_calc=0x6e  raw=28 01 45 00 00 00 00 00 00 00 00 00 00 00 00 6e
2026-03-12 10:54:14,319 [INFO]   🫀 [  49.0s] HR=69bpm  (waiting for HRV/BP/fatigue...)
2026-03-12 10:54:15,354 [INFO] ← RX [16b] cmd=0x28  crc_recv=0x6e  crc_calc=0x6e  raw=28 01 45 00 00 00 00 00 00 00 00 00 00 00 00 6e
2026-03-12 10:54:15,354 [INFO]   🫀 [  50.0s] HR=69bpm  (waiting for HRV/BP/fatigue...)
2026-03-12 10:54:16,344 [INFO] ← RX [16b] cmd=0x28  crc_recv=0x6f  crc_calc=0x6f  raw=28 01 46 00 00 00 00 00 00 00 00 00 00 00 00 6f
2026-03-12 10:54:16,344 [INFO]   🫀 [  51.0s] HR=70bpm  (waiting for HRV/BP/fatigue...)
2026-03-12 10:54:17,333 [INFO] ← RX [16b] cmd=0x28  crc_recv=0x6f  crc_calc=0x6f  raw=28 01 46 00 00 00 00 00 00 00 00 00 00 00 00 6f
2026-03-12 10:54:17,334 [INFO]   🫀 [  52.0s] HR=70bpm  (waiting for HRV/BP/fatigue...)
2026-03-12 10:54:18,324 [INFO] ← RX [16b] cmd=0x28  crc_recv=0x6f  crc_calc=0x6f  raw=28 01 46 00 00 00 00 00 00 00 00 00 00 00 00 6f
2026-03-12 10:54:18,324 [INFO]   🫀 [  53.0s] HR=70bpm  (waiting for HRV/BP/fatigue...)
2026-03-12 10:54:19,359 [INFO] ← RX [16b] cmd=0x28  crc_recv=0x6f  crc_calc=0x6f  raw=28 01 46 00 00 00 00 00 00 00 00 00 00 00 00 6f
2026-03-12 10:54:19,359 [INFO]   🫀 [  54.1s] HR=70bpm  (waiting for HRV/BP/fatigue...)
2026-03-12 10:54:20,349 [INFO] ← RX [16b] cmd=0x28  crc_recv=0x6f  crc_calc=0x6f  raw=28 01 46 00 00 00 00 00 00 00 00 00 00 00 00 6f
2026-03-12 10:54:20,349 [INFO]   🫀 [  55.0s] HR=70bpm  (waiting for HRV/BP/fatigue...)
2026-03-12 10:54:21,338 [INFO] ← RX [16b] cmd=0x28  crc_recv=0x6f  crc_calc=0x6f  raw=28 01 46 00 00 00 00 00 00 00 00 00 00 00 00 6f
2026-03-12 10:54:21,339 [INFO]   🫀 [  56.0s] HR=70bpm  (waiting for HRV/BP/fatigue...)
2026-03-12 10:54:22,329 [INFO] ← RX [16b] cmd=0x28  crc_recv=0x6f  crc_calc=0x6f  raw=28 01 46 00 00 00 00 00 00 00 00 00 00 00 00 6f
2026-03-12 10:54:22,329 [INFO]   🫀 [  57.0s] HR=70bpm  (waiting for HRV/BP/fatigue...)
2026-03-12 10:54:23,319 [INFO] ← RX [16b] cmd=0x28  crc_recv=0x6f  crc_calc=0x6f  raw=28 01 46 00 00 00 00 00 00 00 00 00 00 00 00 6f
2026-03-12 10:54:23,319 [INFO]   🫀 [  58.0s] HR=70bpm  (waiting for HRV/BP/fatigue...)
2026-03-12 10:54:24,354 [INFO] ← RX [16b] cmd=0x28  crc_recv=0x6f  crc_calc=0x6f  raw=28 01 46 00 00 00 00 00 00 00 00 00 00 00 00 6f
2026-03-12 10:54:24,354 [INFO]   🫀 [  59.0s] HR=70bpm  (waiting for HRV/BP/fatigue...)
2026-03-12 10:54:25,343 [INFO] ← RX [16b] cmd=0x28  crc_recv=0x6e  crc_calc=0x6e  raw=28 01 45 00 00 00 00 00 00 00 00 00 00 00 00 6e
2026-03-12 10:54:25,344 [INFO]   🫀 [  60.0s] HR=69bpm  (waiting for HRV/BP/fatigue...)
2026-03-12 10:54:26,334 [INFO] ← RX [16b] cmd=0x28  crc_recv=0x6e  crc_calc=0x6e  raw=28 01 45 00 00 00 00 00 00 00 00 00 00 00 00 6e
2026-03-12 10:54:26,334 [INFO]   🫀 [  61.0s] HR=69bpm  (waiting for HRV/BP/fatigue...)
2026-03-12 10:54:27,324 [INFO] ← RX [16b] cmd=0x28  crc_recv=0x6d  crc_calc=0x6d  raw=28 01 44 00 00 00 00 00 00 00 00 00 00 00 00 6d
2026-03-12 10:54:27,324 [INFO]   🫀 [  62.0s] HR=68bpm  (waiting for HRV/BP/fatigue...)
2026-03-12 10:54:28,224 [INFO] ← RX [16b] cmd=0x28  crc_recv=0x88  crc_calc=0x88  raw=28 01 44 00 38 2e 76 3f 00 00 00 00 00 00 00 88
2026-03-12 10:54:28,224 [INFO]   ✅ [  62.9s] HR=68bpm  HRV=0  BP=118/63mmHg  fatigue=46
2026-03-12 10:54:28,359 [INFO] ← RX [16b] cmd=0x28  crc_recv=0x88  crc_calc=0x88  raw=28 01 44 00 38 2e 76 3f 00 00 00 00 00 00 00 88
2026-03-12 10:54:28,359 [INFO]   ✅ [  63.1s] HR=68bpm  HRV=0  BP=118/63mmHg  fatigue=46
2026-03-12 10:54:29,349 [INFO] ← RX [16b] cmd=0x28  crc_recv=0x88  crc_calc=0x88  raw=28 01 44 00 38 2e 76 3f 00 00 00 00 00 00 00 88
2026-03-12 10:54:29,349 [INFO]   ✅ [  64.0s] HR=68bpm  HRV=0  BP=118/63mmHg  fatigue=46
2026-03-12 10:54:30,339 [INFO] ← RX [16b] cmd=0x28  crc_recv=0x88  crc_calc=0x88  raw=28 01 44 00 38 2e 76 3f 00 00 00 00 00 00 00 88
2026-03-12 10:54:30,339 [INFO]   ✅ [  65.0s] HR=68bpm  HRV=0  BP=118/63mmHg  fatigue=46
2026-03-12 10:55:25,329 [INFO] ⏹ CardioAnalysis stopped. 64 packets received.
2026-03-12 10:55:25,330 [INFO]   ✅ Final result — HRV=0  HR=68bpm  BP=118/63mmHg  fatigue=46  (first result at t=62.9s)
2026-03-12 11:04:45,111 [INFO] Disconnected.
2026-03-12 11:04:57,453 [INFO] Connecting to CE:68:27:E4:9F:D0...
2026-03-12 11:05:01,667 [INFO] Connected ✓  (notifications enabled)
2026-03-12 11:05:08,532 [INFO] ▶ Real-time HR started (60s)...
2026-03-12 11:05:11,427 [INFO] ← RX [16b] cmd=0x28  crc_recv=0x45  crc_calc=0x45  raw=28 02 00 00 38 2e 76 3f 00 00 00 00 00 00 00 45
2026-03-12 11:05:11,428 [WARNING]   ⚠  HR=0 — sensor may not be in contact yet. Raw: 28 02 00 00 38 2e 76 3f 00 00 00 00 00 00 00 45
2026-03-12 11:05:12,331 [INFO] ← RX [16b] cmd=0x28  crc_recv=0x8a  crc_calc=0x8a  raw=28 02 45 00 38 2e 76 3f 00 00 00 00 00 00 00 8a
2026-03-12 11:05:12,332 [INFO]   📡 HR: {'measure_type': 2, 'heart_rate': 69, 'spo2': 0, 'unknown_b04': 0, 'fatigue': 0, 'systolic_bp': 0, 'diastolic_bp': 0}
2026-03-12 11:05:13,366 [INFO] ← RX [16b] cmd=0x28  crc_recv=0x8a  crc_calc=0x8a  raw=28 02 45 00 38 2e 76 3f 00 00 00 00 00 00 00 8a
2026-03-12 11:05:13,367 [INFO]   📡 HR: {'measure_type': 2, 'heart_rate': 69, 'spo2': 0, 'unknown_b04': 0, 'fatigue': 0, 'systolic_bp': 0, 'diastolic_bp': 0}
2026-03-12 11:05:14,356 [INFO] ← RX [16b] cmd=0x28  crc_recv=0x89  crc_calc=0x89  raw=28 02 44 00 38 2e 76 3f 00 00 00 00 00 00 00 89
2026-03-12 11:05:14,357 [INFO]   📡 HR: {'measure_type': 2, 'heart_rate': 68, 'spo2': 0, 'unknown_b04': 0, 'fatigue': 0, 'systolic_bp': 0, 'diastolic_bp': 0}
2026-03-12 11:05:15,346 [INFO] ← RX [16b] cmd=0x28  crc_recv=0x89  crc_calc=0x89  raw=28 02 44 00 38 2e 76 3f 00 00 00 00 00 00 00 89
2026-03-12 11:05:15,347 [INFO]   📡 HR: {'measure_type': 2, 'heart_rate': 68, 'spo2': 0, 'unknown_b04': 0, 'fatigue': 0, 'systolic_bp': 0, 'diastolic_bp': 0}
2026-03-12 11:05:16,336 [INFO] ← RX [16b] cmd=0x28  crc_recv=0x8e  crc_calc=0x8e  raw=28 02 49 00 38 2e 76 3f 00 00 00 00 00 00 00 8e
2026-03-12 11:05:16,337 [INFO]   📡 HR: {'measure_type': 2, 'heart_rate': 73, 'spo2': 0, 'unknown_b04': 0, 'fatigue': 0, 'systolic_bp': 0, 'diastolic_bp': 0}
2026-03-12 11:05:17,326 [INFO] ← RX [16b] cmd=0x28  crc_recv=0x8e  crc_calc=0x8e  raw=28 02 49 00 38 2e 76 3f 00 00 00 00 00 00 00 8e
2026-03-12 11:05:17,327 [INFO]   📡 HR: {'measure_type': 2, 'heart_rate': 73, 'spo2': 0, 'unknown_b04': 0, 'fatigue': 0, 'systolic_bp': 0, 'diastolic_bp': 0}
2026-03-12 11:05:18,361 [INFO] ← RX [16b] cmd=0x28  crc_recv=0x95  crc_calc=0x95  raw=28 02 50 00 38 2e 76 3f 00 00 00 00 00 00 00 95
2026-03-12 11:05:18,362 [INFO]   📡 HR: {'measure_type': 2, 'heart_rate': 80, 'spo2': 0, 'unknown_b04': 0, 'fatigue': 0, 'systolic_bp': 0, 'diastolic_bp': 0}
2026-03-12 11:05:19,351 [INFO] ← RX [16b] cmd=0x28  crc_recv=0x96  crc_calc=0x96  raw=28 02 51 00 38 2e 76 3f 00 00 00 00 00 00 00 96
2026-03-12 11:05:19,352 [INFO]   📡 HR: {'measure_type': 2, 'heart_rate': 81, 'spo2': 0, 'unknown_b04': 0, 'fatigue': 0, 'systolic_bp': 0, 'diastolic_bp': 0}
2026-03-12 11:05:20,341 [INFO] ← RX [16b] cmd=0x28  crc_recv=0x97  crc_calc=0x97  raw=28 02 52 00 38 2e 76 3f 00 00 00 00 00 00 00 97
2026-03-12 11:05:20,342 [INFO]   📡 HR: {'measure_type': 2, 'heart_rate': 82, 'spo2': 0, 'unknown_b04': 0, 'fatigue': 0, 'systolic_bp': 0, 'diastolic_bp': 0}
2026-03-12 11:05:21,331 [INFO] ← RX [16b] cmd=0x28  crc_recv=0x95  crc_calc=0x95  raw=28 02 50 00 38 2e 76 3f 00 00 00 00 00 00 00 95
2026-03-12 11:05:21,332 [INFO]   📡 HR: {'measure_type': 2, 'heart_rate': 80, 'spo2': 0, 'unknown_b04': 0, 'fatigue': 0, 'systolic_bp': 0, 'diastolic_bp': 0}
2026-03-12 11:05:22,366 [INFO] ← RX [16b] cmd=0x28  crc_recv=0x93  crc_calc=0x93  raw=28 02 4e 00 38 2e 76 3f 00 00 00 00 00 00 00 93
2026-03-12 11:05:22,367 [INFO]   📡 HR: {'measure_type': 2, 'heart_rate': 78, 'spo2': 0, 'unknown_b04': 0, 'fatigue': 0, 'systolic_bp': 0, 'diastolic_bp': 0}
2026-03-12 11:05:23,356 [INFO] ← RX [16b] cmd=0x28  crc_recv=0x92  crc_calc=0x92  raw=28 02 4d 00 38 2e 76 3f 00 00 00 00 00 00 00 92
2026-03-12 11:05:23,357 [INFO]   📡 HR: {'measure_type': 2, 'heart_rate': 77, 'spo2': 0, 'unknown_b04': 0, 'fatigue': 0, 'systolic_bp': 0, 'diastolic_bp': 0}
2026-03-12 11:05:24,391 [INFO] ← RX [16b] cmd=0x28  crc_recv=0x92  crc_calc=0x92  raw=28 02 4d 00 38 2e 76 3f 00 00 00 00 00 00 00 92
2026-03-12 11:05:24,392 [INFO]   📡 HR: {'measure_type': 2, 'heart_rate': 77, 'spo2': 0, 'unknown_b04': 0, 'fatigue': 0, 'systolic_bp': 0, 'diastolic_bp': 0}
2026-03-12 11:05:25,336 [INFO] ← RX [16b] cmd=0x28  crc_recv=0x91  crc_calc=0x91  raw=28 02 4c 00 38 2e 76 3f 00 00 00 00 00 00 00 91
2026-03-12 11:05:25,337 [INFO]   📡 HR: {'measure_type': 2, 'heart_rate': 76, 'spo2': 0, 'unknown_b04': 0, 'fatigue': 0, 'systolic_bp': 0, 'diastolic_bp': 0}
2026-03-12 11:05:26,326 [INFO] ← RX [16b] cmd=0x28  crc_recv=0x91  crc_calc=0x91  raw=28 02 4c 00 38 2e 76 3f 00 00 00 00 00 00 00 91
2026-03-12 11:05:26,327 [INFO]   📡 HR: {'measure_type': 2, 'heart_rate': 76, 'spo2': 0, 'unknown_b04': 0, 'fatigue': 0, 'systolic_bp': 0, 'diastolic_bp': 0}
2026-03-12 11:05:27,361 [INFO] ← RX [16b] cmd=0x28  crc_recv=0x90  crc_calc=0x90  raw=28 02 4b 00 38 2e 76 3f 00 00 00 00 00 00 00 90
2026-03-12 11:05:27,362 [INFO]   📡 HR: {'measure_type': 2, 'heart_rate': 75, 'spo2': 0, 'unknown_b04': 0, 'fatigue': 0, 'systolic_bp': 0, 'diastolic_bp': 0}
2026-03-12 11:05:28,352 [INFO] ← RX [16b] cmd=0x28  crc_recv=0x8f  crc_calc=0x8f  raw=28 02 4a 00 38 2e 76 3f 00 00 00 00 00 00 00 8f
2026-03-12 11:05:28,352 [INFO]   📡 HR: {'measure_type': 2, 'heart_rate': 74, 'spo2': 0, 'unknown_b04': 0, 'fatigue': 0, 'systolic_bp': 0, 'diastolic_bp': 0}
2026-03-12 11:05:29,342 [INFO] ← RX [16b] cmd=0x28  crc_recv=0x8e  crc_calc=0x8e  raw=28 02 49 00 38 2e 76 3f 00 00 00 00 00 00 00 8e
2026-03-12 11:05:29,342 [INFO]   📡 HR: {'measure_type': 2, 'heart_rate': 73, 'spo2': 0, 'unknown_b04': 0, 'fatigue': 0, 'systolic_bp': 0, 'diastolic_bp': 0}
2026-03-12 11:05:30,332 [INFO] ← RX [16b] cmd=0x28  crc_recv=0x8e  crc_calc=0x8e  raw=28 02 49 00 38 2e 76 3f 00 00 00 00 00 00 00 8e
2026-03-12 11:05:30,332 [INFO]   📡 HR: {'measure_type': 2, 'heart_rate': 73, 'spo2': 0, 'unknown_b04': 0, 'fatigue': 0, 'systolic_bp': 0, 'diastolic_bp': 0}
2026-03-12 11:05:31,367 [INFO] ← RX [16b] cmd=0x28  crc_recv=0x8d  crc_calc=0x8d  raw=28 02 48 00 38 2e 76 3f 00 00 00 00 00 00 00 8d
2026-03-12 11:05:31,367 [INFO]   📡 HR: {'measure_type': 2, 'heart_rate': 72, 'spo2': 0, 'unknown_b04': 0, 'fatigue': 0, 'systolic_bp': 0, 'diastolic_bp': 0}
2026-03-12 11:05:32,357 [INFO] ← RX [16b] cmd=0x28  crc_recv=0x8d  crc_calc=0x8d  raw=28 02 48 00 38 2e 76 3f 00 00 00 00 00 00 00 8d
2026-03-12 11:05:32,357 [INFO]   📡 HR: {'measure_type': 2, 'heart_rate': 72, 'spo2': 0, 'unknown_b04': 0, 'fatigue': 0, 'systolic_bp': 0, 'diastolic_bp': 0}
2026-03-12 11:05:33,347 [INFO] ← RX [16b] cmd=0x28  crc_recv=0x8c  crc_calc=0x8c  raw=28 02 47 00 38 2e 76 3f 00 00 00 00 00 00 00 8c
2026-03-12 11:05:33,347 [INFO]   📡 HR: {'measure_type': 2, 'heart_rate': 71, 'spo2': 0, 'unknown_b04': 0, 'fatigue': 0, 'systolic_bp': 0, 'diastolic_bp': 0}
2026-03-12 11:05:34,382 [INFO] ← RX [16b] cmd=0x28  crc_recv=0x8c  crc_calc=0x8c  raw=28 02 47 00 38 2e 76 3f 00 00 00 00 00 00 00 8c
2026-03-12 11:05:34,382 [INFO]   📡 HR: {'measure_type': 2, 'heart_rate': 71, 'spo2': 0, 'unknown_b04': 0, 'fatigue': 0, 'systolic_bp': 0, 'diastolic_bp': 0}
2026-03-12 11:05:35,327 [INFO] ← RX [16b] cmd=0x28  crc_recv=0x8b  crc_calc=0x8b  raw=28 02 46 00 38 2e 76 3f 00 00 00 00 00 00 00 8b
2026-03-12 11:05:35,327 [INFO]   📡 HR: {'measure_type': 2, 'heart_rate': 70, 'spo2': 0, 'unknown_b04': 0, 'fatigue': 0, 'systolic_bp': 0, 'diastolic_bp': 0}
2026-03-12 11:05:36,362 [INFO] ← RX [16b] cmd=0x28  crc_recv=0x8b  crc_calc=0x8b  raw=28 02 46 00 38 2e 76 3f 00 00 00 00 00 00 00 8b
2026-03-12 11:05:36,362 [INFO]   📡 HR: {'measure_type': 2, 'heart_rate': 70, 'spo2': 0, 'unknown_b04': 0, 'fatigue': 0, 'systolic_bp': 0, 'diastolic_bp': 0}
2026-03-12 11:05:37,352 [INFO] ← RX [16b] cmd=0x28  crc_recv=0x8b  crc_calc=0x8b  raw=28 02 46 00 38 2e 76 3f 00 00 00 00 00 00 00 8b
2026-03-12 11:05:37,352 [INFO]   📡 HR: {'measure_type': 2, 'heart_rate': 70, 'spo2': 0, 'unknown_b04': 0, 'fatigue': 0, 'systolic_bp': 0, 'diastolic_bp': 0}
2026-03-12 11:05:38,342 [INFO] ← RX [16b] cmd=0x28  crc_recv=0x8a  crc_calc=0x8a  raw=28 02 45 00 38 2e 76 3f 00 00 00 00 00 00 00 8a
2026-03-12 11:05:38,342 [INFO]   📡 HR: {'measure_type': 2, 'heart_rate': 69, 'spo2': 0, 'unknown_b04': 0, 'fatigue': 0, 'systolic_bp': 0, 'diastolic_bp': 0}
2026-03-12 11:05:39,332 [INFO] ← RX [16b] cmd=0x28  crc_recv=0x8a  crc_calc=0x8a  raw=28 02 45 00 38 2e 76 3f 00 00 00 00 00 00 00 8a
2026-03-12 11:05:39,332 [INFO]   📡 HR: {'measure_type': 2, 'heart_rate': 69, 'spo2': 0, 'unknown_b04': 0, 'fatigue': 0, 'systolic_bp': 0, 'diastolic_bp': 0}
2026-03-12 11:05:40,367 [INFO] ← RX [16b] cmd=0x28  crc_recv=0x8a  crc_calc=0x8a  raw=28 02 45 00 38 2e 76 3f 00 00 00 00 00 00 00 8a
2026-03-12 11:05:40,367 [INFO]   📡 HR: {'measure_type': 2, 'heart_rate': 69, 'spo2': 0, 'unknown_b04': 0, 'fatigue': 0, 'systolic_bp': 0, 'diastolic_bp': 0}
2026-03-12 11:05:41,357 [INFO] ← RX [16b] cmd=0x28  crc_recv=0x8a  crc_calc=0x8a  raw=28 02 45 00 38 2e 76 3f 00 00 00 00 00 00 00 8a
2026-03-12 11:05:41,357 [INFO]   📡 HR: {'measure_type': 2, 'heart_rate': 69, 'spo2': 0, 'unknown_b04': 0, 'fatigue': 0, 'systolic_bp': 0, 'diastolic_bp': 0}
2026-03-12 11:05:42,347 [INFO] ← RX [16b] cmd=0x28  crc_recv=0x8b  crc_calc=0x8b  raw=28 02 46 00 38 2e 76 3f 00 00 00 00 00 00 00 8b
2026-03-12 11:05:42,348 [INFO]   📡 HR: {'measure_type': 2, 'heart_rate': 70, 'spo2': 0, 'unknown_b04': 0, 'fatigue': 0, 'systolic_bp': 0, 'diastolic_bp': 0}
2026-03-12 11:05:43,337 [INFO] ← RX [16b] cmd=0x28  crc_recv=0x8b  crc_calc=0x8b  raw=28 02 46 00 38 2e 76 3f 00 00 00 00 00 00 00 8b
2026-03-12 11:05:43,337 [INFO]   📡 HR: {'measure_type': 2, 'heart_rate': 70, 'spo2': 0, 'unknown_b04': 0, 'fatigue': 0, 'systolic_bp': 0, 'diastolic_bp': 0}
2026-03-12 11:05:44,327 [INFO] ← RX [16b] cmd=0x28  crc_recv=0x8b  crc_calc=0x8b  raw=28 02 46 00 38 2e 76 3f 00 00 00 00 00 00 00 8b
2026-03-12 11:05:44,327 [INFO]   📡 HR: {'measure_type': 2, 'heart_rate': 70, 'spo2': 0, 'unknown_b04': 0, 'fatigue': 0, 'systolic_bp': 0, 'diastolic_bp': 0}
2026-03-12 11:05:45,362 [INFO] ← RX [16b] cmd=0x28  crc_recv=0x8b  crc_calc=0x8b  raw=28 02 46 00 38 2e 76 3f 00 00 00 00 00 00 00 8b
2026-03-12 11:05:45,363 [INFO]   📡 HR: {'measure_type': 2, 'heart_rate': 70, 'spo2': 0, 'unknown_b04': 0, 'fatigue': 0, 'systolic_bp': 0, 'diastolic_bp': 0}
2026-03-12 11:05:46,352 [INFO] ← RX [16b] cmd=0x28  crc_recv=0x8b  crc_calc=0x8b  raw=28 02 46 00 38 2e 76 3f 00 00 00 00 00 00 00 8b
2026-03-12 11:05:46,352 [INFO]   📡 HR: {'measure_type': 2, 'heart_rate': 70, 'spo2': 0, 'unknown_b04': 0, 'fatigue': 0, 'systolic_bp': 0, 'diastolic_bp': 0}
2026-03-12 11:05:47,342 [INFO] ← RX [16b] cmd=0x28  crc_recv=0x8b  crc_calc=0x8b  raw=28 02 46 00 38 2e 76 3f 00 00 00 00 00 00 00 8b
2026-03-12 11:05:47,342 [INFO]   📡 HR: {'measure_type': 2, 'heart_rate': 70, 'spo2': 0, 'unknown_b04': 0, 'fatigue': 0, 'systolic_bp': 0, 'diastolic_bp': 0}
2026-03-12 11:05:48,332 [INFO] ← RX [16b] cmd=0x28  crc_recv=0x8b  crc_calc=0x8b  raw=28 02 46 00 38 2e 76 3f 00 00 00 00 00 00 00 8b
2026-03-12 11:05:48,332 [INFO]   📡 HR: {'measure_type': 2, 'heart_rate': 70, 'spo2': 0, 'unknown_b04': 0, 'fatigue': 0, 'systolic_bp': 0, 'diastolic_bp': 0}
2026-03-12 11:05:49,367 [INFO] ← RX [16b] cmd=0x28  crc_recv=0x8b  crc_calc=0x8b  raw=28 02 46 00 38 2e 76 3f 00 00 00 00 00 00 00 8b
2026-03-12 11:05:49,368 [INFO]   📡 HR: {'measure_type': 2, 'heart_rate': 70, 'spo2': 0, 'unknown_b04': 0, 'fatigue': 0, 'systolic_bp': 0, 'diastolic_bp': 0}
2026-03-12 11:05:50,357 [INFO] ← RX [16b] cmd=0x28  crc_recv=0x8c  crc_calc=0x8c  raw=28 02 47 00 38 2e 76 3f 00 00 00 00 00 00 00 8c
2026-03-12 11:05:50,357 [INFO]   📡 HR: {'measure_type': 2, 'heart_rate': 71, 'spo2': 0, 'unknown_b04': 0, 'fatigue': 0, 'systolic_bp': 0, 'diastolic_bp': 0}
2026-03-12 11:05:50,358 [INFO] ← RX [16b] cmd=0x28  crc_recv=0x27  crc_calc=0x27  raw=28 ff 00 00 00 00 00 00 00 00 00 00 00 00 00 27
2026-03-12 11:06:08,550 [INFO] ⏹ Real-time HR stopped. 39 samples.
2026-03-12 11:07:08,010 [INFO] 🌡  Warming up sensor (5s HR mode)...
2026-03-12 11:07:10,465 [INFO] ← RX [16b] cmd=0x28  crc_recv=0x45  crc_calc=0x45  raw=28 02 00 00 38 2e 76 3f 00 00 00 00 00 00 00 45
2026-03-12 11:07:11,591 [INFO] ← RX [16b] cmd=0x28  crc_recv=0x45  crc_calc=0x45  raw=28 02 00 00 38 2e 76 3f 00 00 00 00 00 00 00 45
2026-03-12 11:07:12,341 [INFO] ← RX [16b] cmd=0x28  crc_recv=0x45  crc_calc=0x45  raw=28 02 00 00 38 2e 76 3f 00 00 00 00 00 00 00 45
2026-03-12 11:07:13,317 [INFO] ▶ CardioAnalysis started (120s) — HR streams now, HRV+BP+fatigue appear after ~30s...
2026-03-12 11:07:16,353 [INFO] ← RX [16b] cmd=0x28  crc_recv=0x29  crc_calc=0x29  raw=28 01 00 00 00 00 00 00 00 00 00 00 00 00 00 29
2026-03-12 11:07:16,353 [INFO]   🫀 [   3.0s] HR=0bpm  (waiting for HRV/BP/fatigue...)
2026-03-12 11:07:17,328 [INFO] ← RX [16b] cmd=0x28  crc_recv=0x29  crc_calc=0x29  raw=28 01 00 00 00 00 00 00 00 00 00 00 00 00 00 29
2026-03-12 11:07:17,328 [INFO]   🫀 [   4.0s] HR=0bpm  (waiting for HRV/BP/fatigue...)
2026-03-12 11:07:18,340 [INFO] ← RX [16b] cmd=0x28  crc_recv=0x29  crc_calc=0x29  raw=28 01 00 00 00 00 00 00 00 00 00 00 00 00 00 29
2026-03-12 11:07:18,341 [INFO]   🫀 [   5.0s] HR=0bpm  (waiting for HRV/BP/fatigue...)
2026-03-12 11:07:19,353 [INFO] ← RX [16b] cmd=0x28  crc_recv=0x29  crc_calc=0x29  raw=28 01 00 00 00 00 00 00 00 00 00 00 00 00 00 29
2026-03-12 11:07:19,353 [INFO]   🫀 [   6.0s] HR=0bpm  (waiting for HRV/BP/fatigue...)
2026-03-12 11:07:20,328 [INFO] ← RX [16b] cmd=0x28  crc_recv=0x29  crc_calc=0x29  raw=28 01 00 00 00 00 00 00 00 00 00 00 00 00 00 29
2026-03-12 11:07:20,328 [INFO]   🫀 [   7.0s] HR=0bpm  (waiting for HRV/BP/fatigue...)
2026-03-12 11:07:21,340 [INFO] ← RX [16b] cmd=0x28  crc_recv=0x29  crc_calc=0x29  raw=28 01 00 00 00 00 00 00 00 00 00 00 00 00 00 29
2026-03-12 11:07:21,341 [INFO]   🫀 [   8.0s] HR=0bpm  (waiting for HRV/BP/fatigue...)
2026-03-12 11:07:22,353 [INFO] ← RX [16b] cmd=0x28  crc_recv=0x29  crc_calc=0x29  raw=28 01 00 00 00 00 00 00 00 00 00 00 00 00 00 29
2026-03-12 11:07:22,353 [INFO]   🫀 [   9.0s] HR=0bpm  (waiting for HRV/BP/fatigue...)
2026-03-12 11:07:23,328 [INFO] ← RX [16b] cmd=0x28  crc_recv=0x29  crc_calc=0x29  raw=28 01 00 00 00 00 00 00 00 00 00 00 00 00 00 29
2026-03-12 11:07:23,328 [INFO]   🫀 [  10.0s] HR=0bpm  (waiting for HRV/BP/fatigue...)
2026-03-12 11:07:24,340 [INFO] ← RX [16b] cmd=0x28  crc_recv=0x29  crc_calc=0x29  raw=28 01 00 00 00 00 00 00 00 00 00 00 00 00 00 29
2026-03-12 11:07:24,341 [INFO]   🫀 [  11.0s] HR=0bpm  (waiting for HRV/BP/fatigue...)
2026-03-12 11:07:25,353 [INFO] ← RX [16b] cmd=0x28  crc_recv=0x67  crc_calc=0x67  raw=28 01 3e 00 00 00 00 00 00 00 00 00 00 00 00 67
2026-03-12 11:07:25,353 [INFO]   🫀 [  12.0s] HR=62bpm  (waiting for HRV/BP/fatigue...)
2026-03-12 11:07:26,328 [INFO] ← RX [16b] cmd=0x28  crc_recv=0x66  crc_calc=0x66  raw=28 01 3d 00 00 00 00 00 00 00 00 00 00 00 00 66
2026-03-12 11:07:26,328 [INFO]   🫀 [  13.0s] HR=61bpm  (waiting for HRV/BP/fatigue...)
2026-03-12 11:07:27,341 [INFO] ← RX [16b] cmd=0x28  crc_recv=0x66  crc_calc=0x66  raw=28 01 3d 00 00 00 00 00 00 00 00 00 00 00 00 66
2026-03-12 11:07:27,341 [INFO]   🫀 [  14.0s] HR=61bpm  (waiting for HRV/BP/fatigue...)
2026-03-12 11:07:28,353 [INFO] ← RX [16b] cmd=0x28  crc_recv=0x66  crc_calc=0x66  raw=28 01 3d 00 00 00 00 00 00 00 00 00 00 00 00 66
2026-03-12 11:07:28,353 [INFO]   🫀 [  15.0s] HR=61bpm  (waiting for HRV/BP/fatigue...)
2026-03-12 11:07:29,328 [INFO] ← RX [16b] cmd=0x28  crc_recv=0x66  crc_calc=0x66  raw=28 01 3d 00 00 00 00 00 00 00 00 00 00 00 00 66
2026-03-12 11:07:29,329 [INFO]   🫀 [  16.0s] HR=61bpm  (waiting for HRV/BP/fatigue...)
2026-03-12 11:07:30,340 [INFO] ← RX [16b] cmd=0x28  crc_recv=0x65  crc_calc=0x65  raw=28 01 3c 00 00 00 00 00 00 00 00 00 00 00 00 65
2026-03-12 11:07:30,341 [INFO]   🫀 [  17.0s] HR=60bpm  (waiting for HRV/BP/fatigue...)
2026-03-12 11:07:31,353 [INFO] ← RX [16b] cmd=0x28  crc_recv=0x6e  crc_calc=0x6e  raw=28 01 45 00 00 00 00 00 00 00 00 00 00 00 00 6e
2026-03-12 11:07:31,353 [INFO]   🫀 [  18.0s] HR=69bpm  (waiting for HRV/BP/fatigue...)
2026-03-12 11:07:32,328 [INFO] ← RX [16b] cmd=0x28  crc_recv=0x6e  crc_calc=0x6e  raw=28 01 45 00 00 00 00 00 00 00 00 00 00 00 00 6e
2026-03-12 11:07:32,329 [INFO]   🫀 [  19.0s] HR=69bpm  (waiting for HRV/BP/fatigue...)
2026-03-12 11:07:33,341 [INFO] ← RX [16b] cmd=0x28  crc_recv=0x6e  crc_calc=0x6e  raw=28 01 45 00 00 00 00 00 00 00 00 00 00 00 00 6e
2026-03-12 11:07:33,341 [INFO]   🫀 [  20.0s] HR=69bpm  (waiting for HRV/BP/fatigue...)
2026-03-12 11:07:34,353 [INFO] ← RX [16b] cmd=0x28  crc_recv=0x6e  crc_calc=0x6e  raw=28 01 45 00 00 00 00 00 00 00 00 00 00 00 00 6e
2026-03-12 11:07:34,353 [INFO]   🫀 [  21.0s] HR=69bpm  (waiting for HRV/BP/fatigue...)
2026-03-12 11:07:35,328 [INFO] ← RX [16b] cmd=0x28  crc_recv=0x6d  crc_calc=0x6d  raw=28 01 44 00 00 00 00 00 00 00 00 00 00 00 00 6d
2026-03-12 11:07:35,329 [INFO]   🫀 [  22.0s] HR=68bpm  (waiting for HRV/BP/fatigue...)
2026-03-12 11:07:36,341 [INFO] ← RX [16b] cmd=0x28  crc_recv=0x6b  crc_calc=0x6b  raw=28 01 42 00 00 00 00 00 00 00 00 00 00 00 00 6b
2026-03-12 11:07:36,341 [INFO]   🫀 [  23.0s] HR=66bpm  (waiting for HRV/BP/fatigue...)
2026-03-12 11:07:37,353 [INFO] ← RX [16b] cmd=0x28  crc_recv=0x6c  crc_calc=0x6c  raw=28 01 43 00 00 00 00 00 00 00 00 00 00 00 00 6c
2026-03-12 11:07:37,354 [INFO]   🫀 [  24.0s] HR=67bpm  (waiting for HRV/BP/fatigue...)
2026-03-12 11:07:38,328 [INFO] ← RX [16b] cmd=0x28  crc_recv=0x6c  crc_calc=0x6c  raw=28 01 43 00 00 00 00 00 00 00 00 00 00 00 00 6c
2026-03-12 11:07:38,329 [INFO]   🫀 [  25.0s] HR=67bpm  (waiting for HRV/BP/fatigue...)
2026-03-12 11:07:39,378 [INFO] ← RX [16b] cmd=0x28  crc_recv=0x6c  crc_calc=0x6c  raw=28 01 43 00 00 00 00 00 00 00 00 00 00 00 00 6c
2026-03-12 11:07:39,379 [INFO]   🫀 [  26.1s] HR=67bpm  (waiting for HRV/BP/fatigue...)
2026-03-12 11:07:40,353 [INFO] ← RX [16b] cmd=0x28  crc_recv=0x6c  crc_calc=0x6c  raw=28 01 43 00 00 00 00 00 00 00 00 00 00 00 00 6c
2026-03-12 11:07:40,354 [INFO]   🫀 [  27.0s] HR=67bpm  (waiting for HRV/BP/fatigue...)
2026-03-12 11:07:41,328 [INFO] ← RX [16b] cmd=0x28  crc_recv=0x6b  crc_calc=0x6b  raw=28 01 42 00 00 00 00 00 00 00 00 00 00 00 00 6b
2026-03-12 11:07:41,329 [INFO]   🫀 [  28.0s] HR=66bpm  (waiting for HRV/BP/fatigue...)
2026-03-12 11:07:42,341 [INFO] ← RX [16b] cmd=0x28  crc_recv=0x6b  crc_calc=0x6b  raw=28 01 42 00 00 00 00 00 00 00 00 00 00 00 00 6b
2026-03-12 11:07:42,341 [INFO]   🫀 [  29.0s] HR=66bpm  (waiting for HRV/BP/fatigue...)
2026-03-12 11:07:43,391 [INFO] ← RX [16b] cmd=0x28  crc_recv=0x6b  crc_calc=0x6b  raw=28 01 42 00 00 00 00 00 00 00 00 00 00 00 00 6b
2026-03-12 11:07:43,391 [INFO]   🫀 [  30.1s] HR=66bpm  (waiting for HRV/BP/fatigue...)
2026-03-12 11:07:44,366 [INFO] ← RX [16b] cmd=0x28  crc_recv=0x6c  crc_calc=0x6c  raw=28 01 43 00 00 00 00 00 00 00 00 00 00 00 00 6c
2026-03-12 11:07:44,366 [INFO]   🫀 [  31.1s] HR=67bpm  (waiting for HRV/BP/fatigue...)
2026-03-12 11:07:45,341 [INFO] ← RX [16b] cmd=0x28  crc_recv=0x6c  crc_calc=0x6c  raw=28 01 43 00 00 00 00 00 00 00 00 00 00 00 00 6c
2026-03-12 11:07:45,342 [INFO]   🫀 [  32.0s] HR=67bpm  (waiting for HRV/BP/fatigue...)
2026-03-12 11:07:46,353 [INFO] ← RX [16b] cmd=0x28  crc_recv=0x6c  crc_calc=0x6c  raw=28 01 43 00 00 00 00 00 00 00 00 00 00 00 00 6c
2026-03-12 11:07:46,354 [INFO]   🫀 [  33.0s] HR=67bpm  (waiting for HRV/BP/fatigue...)
2026-03-12 11:07:47,328 [INFO] ← RX [16b] cmd=0x28  crc_recv=0x6d  crc_calc=0x6d  raw=28 01 44 00 00 00 00 00 00 00 00 00 00 00 00 6d
2026-03-12 11:07:47,329 [INFO]   🫀 [  34.0s] HR=68bpm  (waiting for HRV/BP/fatigue...)
2026-03-12 11:07:48,341 [INFO] ← RX [16b] cmd=0x28  crc_recv=0x6d  crc_calc=0x6d  raw=28 01 44 00 00 00 00 00 00 00 00 00 00 00 00 6d
2026-03-12 11:07:48,341 [INFO]   🫀 [  35.0s] HR=68bpm  (waiting for HRV/BP/fatigue...)
2026-03-12 11:07:49,353 [INFO] ← RX [16b] cmd=0x28  crc_recv=0x6d  crc_calc=0x6d  raw=28 01 44 00 00 00 00 00 00 00 00 00 00 00 00 6d
2026-03-12 11:07:49,354 [INFO]   🫀 [  36.0s] HR=68bpm  (waiting for HRV/BP/fatigue...)
2026-03-12 11:07:50,328 [INFO] ← RX [16b] cmd=0x28  crc_recv=0x6d  crc_calc=0x6d  raw=28 01 44 00 00 00 00 00 00 00 00 00 00 00 00 6d
2026-03-12 11:07:50,329 [INFO]   🫀 [  37.0s] HR=68bpm  (waiting for HRV/BP/fatigue...)
2026-03-12 11:07:51,341 [INFO] ← RX [16b] cmd=0x28  crc_recv=0x6d  crc_calc=0x6d  raw=28 01 44 00 00 00 00 00 00 00 00 00 00 00 00 6d
2026-03-12 11:07:51,341 [INFO]   🫀 [  38.0s] HR=68bpm  (waiting for HRV/BP/fatigue...)
2026-03-12 11:07:52,353 [INFO] ← RX [16b] cmd=0x28  crc_recv=0x6d  crc_calc=0x6d  raw=28 01 44 00 00 00 00 00 00 00 00 00 00 00 00 6d
2026-03-12 11:07:52,354 [INFO]   🫀 [  39.0s] HR=68bpm  (waiting for HRV/BP/fatigue...)
2026-03-12 11:07:53,328 [INFO] ← RX [16b] cmd=0x28  crc_recv=0x6d  crc_calc=0x6d  raw=28 01 44 00 00 00 00 00 00 00 00 00 00 00 00 6d
2026-03-12 11:07:53,329 [INFO]   🫀 [  40.0s] HR=68bpm  (waiting for HRV/BP/fatigue...)
2026-03-12 11:07:54,341 [INFO] ← RX [16b] cmd=0x28  crc_recv=0x6d  crc_calc=0x6d  raw=28 01 44 00 00 00 00 00 00 00 00 00 00 00 00 6d
2026-03-12 11:07:54,341 [INFO]   🫀 [  41.0s] HR=68bpm  (waiting for HRV/BP/fatigue...)
2026-03-12 11:07:55,353 [INFO] ← RX [16b] cmd=0x28  crc_recv=0x6d  crc_calc=0x6d  raw=28 01 44 00 00 00 00 00 00 00 00 00 00 00 00 6d
2026-03-12 11:07:55,354 [INFO]   🫀 [  42.0s] HR=68bpm  (waiting for HRV/BP/fatigue...)
2026-03-12 11:07:56,328 [INFO] ← RX [16b] cmd=0x28  crc_recv=0x6e  crc_calc=0x6e  raw=28 01 45 00 00 00 00 00 00 00 00 00 00 00 00 6e
2026-03-12 11:07:56,329 [INFO]   🫀 [  43.0s] HR=69bpm  (waiting for HRV/BP/fatigue...)
2026-03-12 11:07:57,341 [INFO] ← RX [16b] cmd=0x28  crc_recv=0x6e  crc_calc=0x6e  raw=28 01 45 00 00 00 00 00 00 00 00 00 00 00 00 6e
2026-03-12 11:07:57,341 [INFO]   🫀 [  44.0s] HR=69bpm  (waiting for HRV/BP/fatigue...)
2026-03-12 11:07:58,353 [INFO] ← RX [16b] cmd=0x28  crc_recv=0x6e  crc_calc=0x6e  raw=28 01 45 00 00 00 00 00 00 00 00 00 00 00 00 6e
2026-03-12 11:07:58,354 [INFO]   🫀 [  45.0s] HR=69bpm  (waiting for HRV/BP/fatigue...)
2026-03-12 11:07:59,328 [INFO] ← RX [16b] cmd=0x28  crc_recv=0x6e  crc_calc=0x6e  raw=28 01 45 00 00 00 00 00 00 00 00 00 00 00 00 6e
2026-03-12 11:07:59,329 [INFO]   🫀 [  46.0s] HR=69bpm  (waiting for HRV/BP/fatigue...)
2026-03-12 11:08:00,341 [INFO] ← RX [16b] cmd=0x28  crc_recv=0x6e  crc_calc=0x6e  raw=28 01 45 00 00 00 00 00 00 00 00 00 00 00 00 6e
2026-03-12 11:08:00,341 [INFO]   🫀 [  47.0s] HR=69bpm  (waiting for HRV/BP/fatigue...)
2026-03-12 11:08:01,353 [INFO] ← RX [16b] cmd=0x28  crc_recv=0x6d  crc_calc=0x6d  raw=28 01 44 00 00 00 00 00 00 00 00 00 00 00 00 6d
2026-03-12 11:08:01,354 [INFO]   🫀 [  48.0s] HR=68bpm  (waiting for HRV/BP/fatigue...)
2026-03-12 11:08:02,328 [INFO] ← RX [16b] cmd=0x28  crc_recv=0x6d  crc_calc=0x6d  raw=28 01 44 00 00 00 00 00 00 00 00 00 00 00 00 6d
2026-03-12 11:08:02,329 [INFO]   🫀 [  49.0s] HR=68bpm  (waiting for HRV/BP/fatigue...)
2026-03-12 11:08:03,341 [INFO] ← RX [16b] cmd=0x28  crc_recv=0x6d  crc_calc=0x6d  raw=28 01 44 00 00 00 00 00 00 00 00 00 00 00 00 6d
2026-03-12 11:08:03,341 [INFO]   🫀 [  50.0s] HR=68bpm  (waiting for HRV/BP/fatigue...)
2026-03-12 11:08:04,353 [INFO] ← RX [16b] cmd=0x28  crc_recv=0x6d  crc_calc=0x6d  raw=28 01 44 00 00 00 00 00 00 00 00 00 00 00 00 6d
2026-03-12 11:08:04,354 [INFO]   🫀 [  51.0s] HR=68bpm  (waiting for HRV/BP/fatigue...)
2026-03-12 11:08:05,328 [INFO] ← RX [16b] cmd=0x28  crc_recv=0x6d  crc_calc=0x6d  raw=28 01 44 00 00 00 00 00 00 00 00 00 00 00 00 6d
2026-03-12 11:08:05,329 [INFO]   🫀 [  52.0s] HR=68bpm  (waiting for HRV/BP/fatigue...)
2026-03-12 11:08:06,341 [INFO] ← RX [16b] cmd=0x28  crc_recv=0x6d  crc_calc=0x6d  raw=28 01 44 00 00 00 00 00 00 00 00 00 00 00 00 6d
2026-03-12 11:08:06,341 [INFO]   🫀 [  53.0s] HR=68bpm  (waiting for HRV/BP/fatigue...)
2026-03-12 11:08:07,353 [INFO] ← RX [16b] cmd=0x28  crc_recv=0x6e  crc_calc=0x6e  raw=28 01 45 00 00 00 00 00 00 00 00 00 00 00 00 6e
2026-03-12 11:08:07,354 [INFO]   🫀 [  54.0s] HR=69bpm  (waiting for HRV/BP/fatigue...)
2026-03-12 11:08:08,328 [INFO] ← RX [16b] cmd=0x28  crc_recv=0x6e  crc_calc=0x6e  raw=28 01 45 00 00 00 00 00 00 00 00 00 00 00 00 6e
2026-03-12 11:08:08,329 [INFO]   🫀 [  55.0s] HR=69bpm  (waiting for HRV/BP/fatigue...)
2026-03-12 11:08:09,341 [INFO] ← RX [16b] cmd=0x28  crc_recv=0x6e  crc_calc=0x6e  raw=28 01 45 00 00 00 00 00 00 00 00 00 00 00 00 6e
2026-03-12 11:08:09,341 [INFO]   🫀 [  56.0s] HR=69bpm  (waiting for HRV/BP/fatigue...)
2026-03-12 11:08:10,353 [INFO] ← RX [16b] cmd=0x28  crc_recv=0x6f  crc_calc=0x6f  raw=28 01 46 00 00 00 00 00 00 00 00 00 00 00 00 6f
2026-03-12 11:08:10,354 [INFO]   🫀 [  57.0s] HR=70bpm  (waiting for HRV/BP/fatigue...)
2026-03-12 11:08:11,328 [INFO] ← RX [16b] cmd=0x28  crc_recv=0x6f  crc_calc=0x6f  raw=28 01 46 00 00 00 00 00 00 00 00 00 00 00 00 6f
2026-03-12 11:08:11,329 [INFO]   🫀 [  58.0s] HR=70bpm  (waiting for HRV/BP/fatigue...)
2026-03-12 11:08:12,341 [INFO] ← RX [16b] cmd=0x28  crc_recv=0x6f  crc_calc=0x6f  raw=28 01 46 00 00 00 00 00 00 00 00 00 00 00 00 6f
2026-03-12 11:08:12,341 [INFO]   🫀 [  59.0s] HR=70bpm  (waiting for HRV/BP/fatigue...)
2026-03-12 11:08:13,353 [INFO] ← RX [16b] cmd=0x28  crc_recv=0x6f  crc_calc=0x6f  raw=28 01 46 00 00 00 00 00 00 00 00 00 00 00 00 6f
2026-03-12 11:08:13,354 [INFO]   🫀 [  60.0s] HR=70bpm  (waiting for HRV/BP/fatigue...)
2026-03-12 11:08:14,328 [INFO] ← RX [16b] cmd=0x28  crc_recv=0x6f  crc_calc=0x6f  raw=28 01 46 00 00 00 00 00 00 00 00 00 00 00 00 6f
2026-03-12 11:08:14,329 [INFO]   🫀 [  61.0s] HR=70bpm  (waiting for HRV/BP/fatigue...)
2026-03-12 11:08:15,229 [INFO] ← RX [16b] cmd=0x28  crc_recv=0x7c  crc_calc=0x7c  raw=28 01 46 00 38 2b 6e 3c 00 00 00 00 00 00 00 7c
2026-03-12 11:08:15,229 [INFO]   ✅ [  61.9s] HR=70bpm  HRV=56  BP=110/60mmHg  fatigue=43
2026-03-12 11:08:15,341 [INFO] ← RX [16b] cmd=0x28  crc_recv=0x7c  crc_calc=0x7c  raw=28 01 46 00 38 2b 6e 3c 00 00 00 00 00 00 00 7c
2026-03-12 11:08:15,342 [INFO]   ✅ [  62.0s] HR=70bpm  HRV=56  BP=110/60mmHg  fatigue=43
2026-03-12 11:08:16,354 [INFO] ← RX [16b] cmd=0x28  crc_recv=0x7c  crc_calc=0x7c  raw=28 01 46 00 38 2b 6e 3c 00 00 00 00 00 00 00 7c
2026-03-12 11:08:16,354 [INFO]   ✅ [  63.0s] HR=70bpm  HRV=56  BP=110/60mmHg  fatigue=43
2026-03-12 11:08:17,329 [INFO] ← RX [16b] cmd=0x28  crc_recv=0x7c  crc_calc=0x7c  raw=28 01 46 00 38 2b 6e 3c 00 00 00 00 00 00 00 7c
2026-03-12 11:08:17,329 [INFO]   ✅ [  64.0s] HR=70bpm  HRV=56  BP=110/60mmHg  fatigue=43
2026-03-12 11:09:13,372 [INFO] ⏹ CardioAnalysis stopped. 63 packets received.
2026-03-12 11:09:13,373 [INFO]   ✅ Final result — HRV=56  HR=70bpm  BP=110/60mmHg  fatigue=43  (first result at t=61.9s)
2026-03-12 11:18:21,106 [INFO] Disconnected.
2026-03-12 11:18:38,153 [INFO] Connecting to CE:68:27:E4:9F:D0...
2026-03-12 11:18:41,639 [INFO] Connected ✓  (notifications enabled)
2026-03-12 11:18:49,983 [INFO] ▶ Real-time HR started (60s)...
2026-03-12 11:18:52,347 [INFO] ← RX [16b] cmd=0x28  crc_recv=0x37  crc_calc=0x37  raw=28 02 00 00 38 2b 6e 3c 00 00 00 00 00 00 00 37
2026-03-12 11:18:52,348 [WARNING]   ⚠  HR=0 — sensor may not be in contact yet. Raw: 28 02 00 00 38 2b 6e 3c 00 00 00 00 00 00 00 37
2026-03-12 11:18:53,427 [INFO] ← RX [16b] cmd=0x28  crc_recv=0x37  crc_calc=0x37  raw=28 02 00 00 38 2b 6e 3c 00 00 00 00 00 00 00 37
2026-03-12 11:18:53,428 [WARNING]   ⚠  HR=0 — sensor may not be in contact yet. Raw: 28 02 00 00 38 2b 6e 3c 00 00 00 00 00 00 00 37
2026-03-12 11:18:54,373 [INFO] ← RX [16b] cmd=0x28  crc_recv=0x37  crc_calc=0x37  raw=28 02 00 00 38 2b 6e 3c 00 00 00 00 00 00 00 37
2026-03-12 11:18:54,373 [WARNING]   ⚠  HR=0 — sensor may not be in contact yet. Raw: 28 02 00 00 38 2b 6e 3c 00 00 00 00 00 00 00 37
2026-03-12 11:18:55,363 [INFO] ← RX [16b] cmd=0x28  crc_recv=0x37  crc_calc=0x37  raw=28 02 00 00 38 2b 6e 3c 00 00 00 00 00 00 00 37
2026-03-12 11:18:55,363 [WARNING]   ⚠  HR=0 — sensor may not be in contact yet. Raw: 28 02 00 00 38 2b 6e 3c 00 00 00 00 00 00 00 37
2026-03-12 11:18:56,352 [INFO] ← RX [16b] cmd=0x28  crc_recv=0x37  crc_calc=0x37  raw=28 02 00 00 38 2b 6e 3c 00 00 00 00 00 00 00 37
2026-03-12 11:18:56,353 [WARNING]   ⚠  HR=0 — sensor may not be in contact yet. Raw: 28 02 00 00 38 2b 6e 3c 00 00 00 00 00 00 00 37
2026-03-12 11:18:57,387 [INFO] ← RX [16b] cmd=0x28  crc_recv=0x37  crc_calc=0x37  raw=28 02 00 00 38 2b 6e 3c 00 00 00 00 00 00 00 37
2026-03-12 11:18:57,388 [WARNING]   ⚠  HR=0 — sensor may not be in contact yet. Raw: 28 02 00 00 38 2b 6e 3c 00 00 00 00 00 00 00 37
2026-03-12 11:18:58,377 [INFO] ← RX [16b] cmd=0x28  crc_recv=0x37  crc_calc=0x37  raw=28 02 00 00 38 2b 6e 3c 00 00 00 00 00 00 00 37
2026-03-12 11:18:58,378 [WARNING]   ⚠  HR=0 — sensor may not be in contact yet. Raw: 28 02 00 00 38 2b 6e 3c 00 00 00 00 00 00 00 37
2026-03-12 11:18:59,367 [INFO] ← RX [16b] cmd=0x28  crc_recv=0x37  crc_calc=0x37  raw=28 02 00 00 38 2b 6e 3c 00 00 00 00 00 00 00 37
2026-03-12 11:18:59,368 [WARNING]   ⚠  HR=0 — sensor may not be in contact yet. Raw: 28 02 00 00 38 2b 6e 3c 00 00 00 00 00 00 00 37
2026-03-12 11:19:00,357 [INFO] ← RX [16b] cmd=0x28  crc_recv=0x37  crc_calc=0x37  raw=28 02 00 00 38 2b 6e 3c 00 00 00 00 00 00 00 37
2026-03-12 11:19:00,358 [WARNING]   ⚠  HR=0 — sensor may not be in contact yet. Raw: 28 02 00 00 38 2b 6e 3c 00 00 00 00 00 00 00 37
2026-03-12 11:19:01,347 [INFO] ← RX [16b] cmd=0x28  crc_recv=0x37  crc_calc=0x37  raw=28 02 00 00 38 2b 6e 3c 00 00 00 00 00 00 00 37
2026-03-12 11:19:01,348 [WARNING]   ⚠  HR=0 — sensor may not be in contact yet. Raw: 28 02 00 00 38 2b 6e 3c 00 00 00 00 00 00 00 37
2026-03-12 11:19:02,337 [INFO] ← RX [16b] cmd=0x28  crc_recv=0x78  crc_calc=0x78  raw=28 02 41 00 38 2b 6e 3c 00 00 00 00 00 00 00 78
2026-03-12 11:19:02,338 [INFO]   📡 HR: {'measure_type': 2, 'heart_rate': 65, 'spo2': 0, 'unknown_b04': 0, 'fatigue': 0, 'systolic_bp': 0, 'diastolic_bp': 0}
2026-03-12 11:19:03,372 [INFO] ← RX [16b] cmd=0x28  crc_recv=0x77  crc_calc=0x77  raw=28 02 40 00 38 2b 6e 3c 00 00 00 00 00 00 00 77
2026-03-12 11:19:03,373 [INFO]   📡 HR: {'measure_type': 2, 'heart_rate': 64, 'spo2': 0, 'unknown_b04': 0, 'fatigue': 0, 'systolic_bp': 0, 'diastolic_bp': 0}
2026-03-12 11:19:04,362 [INFO] ← RX [16b] cmd=0x28  crc_recv=0x77  crc_calc=0x77  raw=28 02 40 00 38 2b 6e 3c 00 00 00 00 00 00 00 77
2026-03-12 11:19:04,363 [INFO]   📡 HR: {'measure_type': 2, 'heart_rate': 64, 'spo2': 0, 'unknown_b04': 0, 'fatigue': 0, 'systolic_bp': 0, 'diastolic_bp': 0}
2026-03-12 11:19:05,352 [INFO] ← RX [16b] cmd=0x28  crc_recv=0x77  crc_calc=0x77  raw=28 02 40 00 38 2b 6e 3c 00 00 00 00 00 00 00 77
2026-03-12 11:19:05,353 [INFO]   📡 HR: {'measure_type': 2, 'heart_rate': 64, 'spo2': 0, 'unknown_b04': 0, 'fatigue': 0, 'systolic_bp': 0, 'diastolic_bp': 0}
2026-03-12 11:19:06,343 [INFO] ← RX [16b] cmd=0x28  crc_recv=0x7f  crc_calc=0x7f  raw=28 02 48 00 38 2b 6e 3c 00 00 00 00 00 00 00 7f
2026-03-12 11:19:06,343 [INFO]   📡 HR: {'measure_type': 2, 'heart_rate': 72, 'spo2': 0, 'unknown_b04': 0, 'fatigue': 0, 'systolic_bp': 0, 'diastolic_bp': 0}
2026-03-12 11:19:07,332 [INFO] ← RX [16b] cmd=0x28  crc_recv=0x82  crc_calc=0x82  raw=28 02 4b 00 38 2b 6e 3c 00 00 00 00 00 00 00 82
2026-03-12 11:19:07,333 [INFO]   📡 HR: {'measure_type': 2, 'heart_rate': 75, 'spo2': 0, 'unknown_b04': 0, 'fatigue': 0, 'systolic_bp': 0, 'diastolic_bp': 0}
2026-03-12 11:19:08,368 [INFO] ← RX [16b] cmd=0x28  crc_recv=0x82  crc_calc=0x82  raw=28 02 4b 00 38 2b 6e 3c 00 00 00 00 00 00 00 82
2026-03-12 11:19:08,368 [INFO]   📡 HR: {'measure_type': 2, 'heart_rate': 75, 'spo2': 0, 'unknown_b04': 0, 'fatigue': 0, 'systolic_bp': 0, 'diastolic_bp': 0}
2026-03-12 11:19:09,358 [INFO] ← RX [16b] cmd=0x28  crc_recv=0x82  crc_calc=0x82  raw=28 02 4b 00 38 2b 6e 3c 00 00 00 00 00 00 00 82
2026-03-12 11:19:09,358 [INFO]   📡 HR: {'measure_type': 2, 'heart_rate': 75, 'spo2': 0, 'unknown_b04': 0, 'fatigue': 0, 'systolic_bp': 0, 'diastolic_bp': 0}
2026-03-12 11:19:10,347 [INFO] ← RX [16b] cmd=0x28  crc_recv=0x83  crc_calc=0x83  raw=28 02 4c 00 38 2b 6e 3c 00 00 00 00 00 00 00 83
2026-03-12 11:19:10,347 [INFO]   📡 HR: {'measure_type': 2, 'heart_rate': 76, 'spo2': 0, 'unknown_b04': 0, 'fatigue': 0, 'systolic_bp': 0, 'diastolic_bp': 0}
2026-03-12 11:19:11,337 [INFO] ← RX [16b] cmd=0x28  crc_recv=0x82  crc_calc=0x82  raw=28 02 4b 00 38 2b 6e 3c 00 00 00 00 00 00 00 82
2026-03-12 11:19:11,338 [INFO]   📡 HR: {'measure_type': 2, 'heart_rate': 75, 'spo2': 0, 'unknown_b04': 0, 'fatigue': 0, 'systolic_bp': 0, 'diastolic_bp': 0}
2026-03-12 11:19:12,372 [INFO] ← RX [16b] cmd=0x28  crc_recv=0x80  crc_calc=0x80  raw=28 02 49 00 38 2b 6e 3c 00 00 00 00 00 00 00 80
2026-03-12 11:19:12,373 [INFO]   📡 HR: {'measure_type': 2, 'heart_rate': 73, 'spo2': 0, 'unknown_b04': 0, 'fatigue': 0, 'systolic_bp': 0, 'diastolic_bp': 0}
2026-03-12 11:19:13,363 [INFO] ← RX [16b] cmd=0x28  crc_recv=0x7d  crc_calc=0x7d  raw=28 02 46 00 38 2b 6e 3c 00 00 00 00 00 00 00 7d
2026-03-12 11:19:13,363 [INFO]   📡 HR: {'measure_type': 2, 'heart_rate': 70, 'spo2': 0, 'unknown_b04': 0, 'fatigue': 0, 'systolic_bp': 0, 'diastolic_bp': 0}
2026-03-12 11:19:14,353 [INFO] ← RX [16b] cmd=0x28  crc_recv=0x7c  crc_calc=0x7c  raw=28 02 45 00 38 2b 6e 3c 00 00 00 00 00 00 00 7c
2026-03-12 11:19:14,353 [INFO]   📡 HR: {'measure_type': 2, 'heart_rate': 69, 'spo2': 0, 'unknown_b04': 0, 'fatigue': 0, 'systolic_bp': 0, 'diastolic_bp': 0}
2026-03-12 11:19:15,343 [INFO] ← RX [16b] cmd=0x28  crc_recv=0x7b  crc_calc=0x7b  raw=28 02 44 00 38 2b 6e 3c 00 00 00 00 00 00 00 7b
2026-03-12 11:19:15,343 [INFO]   📡 HR: {'measure_type': 2, 'heart_rate': 68, 'spo2': 0, 'unknown_b04': 0, 'fatigue': 0, 'systolic_bp': 0, 'diastolic_bp': 0}
2026-03-12 11:19:16,333 [INFO] ← RX [16b] cmd=0x28  crc_recv=0x7a  crc_calc=0x7a  raw=28 02 43 00 38 2b 6e 3c 00 00 00 00 00 00 00 7a
2026-03-12 11:19:16,333 [INFO]   📡 HR: {'measure_type': 2, 'heart_rate': 67, 'spo2': 0, 'unknown_b04': 0, 'fatigue': 0, 'systolic_bp': 0, 'diastolic_bp': 0}
2026-03-12 11:19:17,368 [INFO] ← RX [16b] cmd=0x28  crc_recv=0x7a  crc_calc=0x7a  raw=28 02 43 00 38 2b 6e 3c 00 00 00 00 00 00 00 7a
2026-03-12 11:19:17,368 [INFO]   📡 HR: {'measure_type': 2, 'heart_rate': 67, 'spo2': 0, 'unknown_b04': 0, 'fatigue': 0, 'systolic_bp': 0, 'diastolic_bp': 0}
2026-03-12 11:19:18,358 [INFO] ← RX [16b] cmd=0x28  crc_recv=0x7a  crc_calc=0x7a  raw=28 02 43 00 38 2b 6e 3c 00 00 00 00 00 00 00 7a
2026-03-12 11:19:18,358 [INFO]   📡 HR: {'measure_type': 2, 'heart_rate': 67, 'spo2': 0, 'unknown_b04': 0, 'fatigue': 0, 'systolic_bp': 0, 'diastolic_bp': 0}
2026-03-12 11:19:19,348 [INFO] ← RX [16b] cmd=0x28  crc_recv=0x79  crc_calc=0x79  raw=28 02 42 00 38 2b 6e 3c 00 00 00 00 00 00 00 79
2026-03-12 11:19:19,348 [INFO]   📡 HR: {'measure_type': 2, 'heart_rate': 66, 'spo2': 0, 'unknown_b04': 0, 'fatigue': 0, 'systolic_bp': 0, 'diastolic_bp': 0}
2026-03-12 11:19:20,338 [INFO] ← RX [16b] cmd=0x28  crc_recv=0x78  crc_calc=0x78  raw=28 02 41 00 38 2b 6e 3c 00 00 00 00 00 00 00 78
2026-03-12 11:19:20,338 [INFO]   📡 HR: {'measure_type': 2, 'heart_rate': 65, 'spo2': 0, 'unknown_b04': 0, 'fatigue': 0, 'systolic_bp': 0, 'diastolic_bp': 0}
2026-03-12 11:19:21,373 [INFO] ← RX [16b] cmd=0x28  crc_recv=0x78  crc_calc=0x78  raw=28 02 41 00 38 2b 6e 3c 00 00 00 00 00 00 00 78
2026-03-12 11:19:21,373 [INFO]   📡 HR: {'measure_type': 2, 'heart_rate': 65, 'spo2': 0, 'unknown_b04': 0, 'fatigue': 0, 'systolic_bp': 0, 'diastolic_bp': 0}
2026-03-12 11:19:22,363 [INFO] ← RX [16b] cmd=0x28  crc_recv=0x78  crc_calc=0x78  raw=28 02 41 00 38 2b 6e 3c 00 00 00 00 00 00 00 78
2026-03-12 11:19:22,363 [INFO]   📡 HR: {'measure_type': 2, 'heart_rate': 65, 'spo2': 0, 'unknown_b04': 0, 'fatigue': 0, 'systolic_bp': 0, 'diastolic_bp': 0}
2026-03-12 11:19:23,353 [INFO] ← RX [16b] cmd=0x28  crc_recv=0x78  crc_calc=0x78  raw=28 02 41 00 38 2b 6e 3c 00 00 00 00 00 00 00 78
2026-03-12 11:19:23,353 [INFO]   📡 HR: {'measure_type': 2, 'heart_rate': 65, 'spo2': 0, 'unknown_b04': 0, 'fatigue': 0, 'systolic_bp': 0, 'diastolic_bp': 0}
2026-03-12 11:19:24,343 [INFO] ← RX [16b] cmd=0x28  crc_recv=0x77  crc_calc=0x77  raw=28 02 40 00 38 2b 6e 3c 00 00 00 00 00 00 00 77
2026-03-12 11:19:24,343 [INFO]   📡 HR: {'measure_type': 2, 'heart_rate': 64, 'spo2': 0, 'unknown_b04': 0, 'fatigue': 0, 'systolic_bp': 0, 'diastolic_bp': 0}
2026-03-12 11:19:25,333 [INFO] ← RX [16b] cmd=0x28  crc_recv=0x77  crc_calc=0x77  raw=28 02 40 00 38 2b 6e 3c 00 00 00 00 00 00 00 77
2026-03-12 11:19:25,333 [INFO]   📡 HR: {'measure_type': 2, 'heart_rate': 64, 'spo2': 0, 'unknown_b04': 0, 'fatigue': 0, 'systolic_bp': 0, 'diastolic_bp': 0}
2026-03-12 11:19:26,368 [INFO] ← RX [16b] cmd=0x28  crc_recv=0x77  crc_calc=0x77  raw=28 02 40 00 38 2b 6e 3c 00 00 00 00 00 00 00 77
2026-03-12 11:19:26,368 [INFO]   📡 HR: {'measure_type': 2, 'heart_rate': 64, 'spo2': 0, 'unknown_b04': 0, 'fatigue': 0, 'systolic_bp': 0, 'diastolic_bp': 0}
2026-03-12 11:19:27,358 [INFO] ← RX [16b] cmd=0x28  crc_recv=0x77  crc_calc=0x77  raw=28 02 40 00 38 2b 6e 3c 00 00 00 00 00 00 00 77
2026-03-12 11:19:27,358 [INFO]   📡 HR: {'measure_type': 2, 'heart_rate': 64, 'spo2': 0, 'unknown_b04': 0, 'fatigue': 0, 'systolic_bp': 0, 'diastolic_bp': 0}
2026-03-12 11:19:28,348 [INFO] ← RX [16b] cmd=0x28  crc_recv=0x77  crc_calc=0x77  raw=28 02 40 00 38 2b 6e 3c 00 00 00 00 00 00 00 77
2026-03-12 11:19:28,348 [INFO]   📡 HR: {'measure_type': 2, 'heart_rate': 64, 'spo2': 0, 'unknown_b04': 0, 'fatigue': 0, 'systolic_bp': 0, 'diastolic_bp': 0}
2026-03-12 11:19:29,338 [INFO] ← RX [16b] cmd=0x28  crc_recv=0x77  crc_calc=0x77  raw=28 02 40 00 38 2b 6e 3c 00 00 00 00 00 00 00 77
2026-03-12 11:19:29,338 [INFO]   📡 HR: {'measure_type': 2, 'heart_rate': 64, 'spo2': 0, 'unknown_b04': 0, 'fatigue': 0, 'systolic_bp': 0, 'diastolic_bp': 0}
2026-03-12 11:19:30,373 [INFO] ← RX [16b] cmd=0x28  crc_recv=0x77  crc_calc=0x77  raw=28 02 40 00 38 2b 6e 3c 00 00 00 00 00 00 00 77
2026-03-12 11:19:30,373 [INFO]   📡 HR: {'measure_type': 2, 'heart_rate': 64, 'spo2': 0, 'unknown_b04': 0, 'fatigue': 0, 'systolic_bp': 0, 'diastolic_bp': 0}
2026-03-12 11:19:31,363 [INFO] ← RX [16b] cmd=0x28  crc_recv=0x77  crc_calc=0x77  raw=28 02 40 00 38 2b 6e 3c 00 00 00 00 00 00 00 77
2026-03-12 11:19:31,363 [INFO]   📡 HR: {'measure_type': 2, 'heart_rate': 64, 'spo2': 0, 'unknown_b04': 0, 'fatigue': 0, 'systolic_bp': 0, 'diastolic_bp': 0}
2026-03-12 11:19:31,364 [INFO] ← RX [16b] cmd=0x28  crc_recv=0x27  crc_calc=0x27  raw=28 ff 00 00 00 00 00 00 00 00 00 00 00 00 00 27
2026-03-12 11:19:50,004 [INFO] ⏹ Real-time HR stopped. 30 samples.
2026-03-12 11:20:01,756 [INFO] 🌡  Warming up sensor (5s HR mode)...
2026-03-12 11:20:06,459 [INFO] ← RX [16b] cmd=0x28  crc_recv=0x37  crc_calc=0x37  raw=28 02 00 00 38 2b 6e 3c 00 00 00 00 00 00 00 37
2026-03-12 11:20:07,062 [INFO] ▶ CardioAnalysis started (max 120s) — HR streams now, HRV+BP+fatigue appear after ~30s, stops automatically once device finishes...
2026-03-12 11:20:10,420 [INFO] ← RX [16b] cmd=0x28  crc_recv=0x29  crc_calc=0x29  raw=28 01 00 00 00 00 00 00 00 00 00 00 00 00 00 29
2026-03-12 11:20:10,420 [INFO]   🫀 [   3.4s] HR=0bpm  (waiting for HRV/BP/fatigue...)
2026-03-12 11:20:11,368 [INFO] ← RX [16b] cmd=0x28  crc_recv=0x29  crc_calc=0x29  raw=28 01 00 00 00 00 00 00 00 00 00 00 00 00 00 29
2026-03-12 11:20:11,369 [INFO]   🫀 [   4.3s] HR=0bpm  (waiting for HRV/BP/fatigue...)
2026-03-12 11:20:12,358 [INFO] ← RX [16b] cmd=0x28  crc_recv=0x29  crc_calc=0x29  raw=28 01 00 00 00 00 00 00 00 00 00 00 00 00 00 29
2026-03-12 11:20:12,359 [INFO]   🫀 [   5.3s] HR=0bpm  (waiting for HRV/BP/fatigue...)
2026-03-12 11:20:13,348 [INFO] ← RX [16b] cmd=0x28  crc_recv=0x29  crc_calc=0x29  raw=28 01 00 00 00 00 00 00 00 00 00 00 00 00 00 29
2026-03-12 11:20:13,349 [INFO]   🫀 [   6.3s] HR=0bpm  (waiting for HRV/BP/fatigue...)
2026-03-12 11:20:14,338 [INFO] ← RX [16b] cmd=0x28  crc_recv=0x29  crc_calc=0x29  raw=28 01 00 00 00 00 00 00 00 00 00 00 00 00 00 29
2026-03-12 11:20:14,339 [INFO]   🫀 [   7.3s] HR=0bpm  (waiting for HRV/BP/fatigue...)
2026-03-12 11:20:15,373 [INFO] ← RX [16b] cmd=0x28  crc_recv=0x29  crc_calc=0x29  raw=28 01 00 00 00 00 00 00 00 00 00 00 00 00 00 29
2026-03-12 11:20:15,374 [INFO]   🫀 [   8.3s] HR=0bpm  (waiting for HRV/BP/fatigue...)
2026-03-12 11:20:16,363 [INFO] ← RX [16b] cmd=0x28  crc_recv=0x29  crc_calc=0x29  raw=28 01 00 00 00 00 00 00 00 00 00 00 00 00 00 29
2026-03-12 11:20:16,364 [INFO]   🫀 [   9.3s] HR=0bpm  (waiting for HRV/BP/fatigue...)
2026-03-12 11:20:17,353 [INFO] ← RX [16b] cmd=0x28  crc_recv=0x29  crc_calc=0x29  raw=28 01 00 00 00 00 00 00 00 00 00 00 00 00 00 29
2026-03-12 11:20:17,354 [INFO]   🫀 [  10.3s] HR=0bpm  (waiting for HRV/BP/fatigue...)
2026-03-12 11:20:18,343 [INFO] ← RX [16b] cmd=0x28  crc_recv=0x29  crc_calc=0x29  raw=28 01 00 00 00 00 00 00 00 00 00 00 00 00 00 29
2026-03-12 11:20:18,344 [INFO]   🫀 [  11.3s] HR=0bpm  (waiting for HRV/BP/fatigue...)
2026-03-12 11:20:19,333 [INFO] ← RX [16b] cmd=0x28  crc_recv=0x66  crc_calc=0x66  raw=28 01 3d 00 00 00 00 00 00 00 00 00 00 00 00 66
2026-03-12 11:20:19,334 [INFO]   🫀 [  12.3s] HR=61bpm  (waiting for HRV/BP/fatigue...)
2026-03-12 11:20:20,368 [INFO] ← RX [16b] cmd=0x28  crc_recv=0x65  crc_calc=0x65  raw=28 01 3c 00 00 00 00 00 00 00 00 00 00 00 00 65
2026-03-12 11:20:20,369 [INFO]   🫀 [  13.3s] HR=60bpm  (waiting for HRV/BP/fatigue...)
2026-03-12 11:20:21,358 [INFO] ← RX [16b] cmd=0x28  crc_recv=0x65  crc_calc=0x65  raw=28 01 3c 00 00 00 00 00 00 00 00 00 00 00 00 65
2026-03-12 11:20:21,359 [INFO]   🫀 [  14.3s] HR=60bpm  (waiting for HRV/BP/fatigue...)
2026-03-12 11:20:22,348 [INFO] ← RX [16b] cmd=0x28  crc_recv=0x65  crc_calc=0x65  raw=28 01 3c 00 00 00 00 00 00 00 00 00 00 00 00 65
2026-03-12 11:20:22,349 [INFO]   🫀 [  15.3s] HR=60bpm  (waiting for HRV/BP/fatigue...)
2026-03-12 11:20:23,338 [INFO] ← RX [16b] cmd=0x28  crc_recv=0x65  crc_calc=0x65  raw=28 01 3c 00 00 00 00 00 00 00 00 00 00 00 00 65
2026-03-12 11:20:23,339 [INFO]   🫀 [  16.3s] HR=60bpm  (waiting for HRV/BP/fatigue...)
2026-03-12 11:20:24,373 [INFO] ← RX [16b] cmd=0x28  crc_recv=0x69  crc_calc=0x69  raw=28 01 40 00 00 00 00 00 00 00 00 00 00 00 00 69
2026-03-12 11:20:24,374 [INFO]   🫀 [  17.3s] HR=64bpm  (waiting for HRV/BP/fatigue...)
2026-03-12 11:20:25,363 [INFO] ← RX [16b] cmd=0x28  crc_recv=0x6f  crc_calc=0x6f  raw=28 01 46 00 00 00 00 00 00 00 00 00 00 00 00 6f
2026-03-12 11:20:25,364 [INFO]   🫀 [  18.3s] HR=70bpm  (waiting for HRV/BP/fatigue...)
2026-03-12 11:20:26,353 [INFO] ← RX [16b] cmd=0x28  crc_recv=0x70  crc_calc=0x70  raw=28 01 47 00 00 00 00 00 00 00 00 00 00 00 00 70
2026-03-12 11:20:26,354 [INFO]   🫀 [  19.3s] HR=71bpm  (waiting for HRV/BP/fatigue...)
2026-03-12 11:20:27,343 [INFO] ← RX [16b] cmd=0x28  crc_recv=0x70  crc_calc=0x70  raw=28 01 47 00 00 00 00 00 00 00 00 00 00 00 00 70
2026-03-12 11:20:27,344 [INFO]   🫀 [  20.3s] HR=71bpm  (waiting for HRV/BP/fatigue...)
2026-03-12 11:20:28,333 [INFO] ← RX [16b] cmd=0x28  crc_recv=0x6e  crc_calc=0x6e  raw=28 01 45 00 00 00 00 00 00 00 00 00 00 00 00 6e
2026-03-12 11:20:28,334 [INFO]   🫀 [  21.3s] HR=69bpm  (waiting for HRV/BP/fatigue...)
2026-03-12 11:20:29,368 [INFO] ← RX [16b] cmd=0x28  crc_recv=0x6d  crc_calc=0x6d  raw=28 01 44 00 00 00 00 00 00 00 00 00 00 00 00 6d
2026-03-12 11:20:29,369 [INFO]   🫀 [  22.3s] HR=68bpm  (waiting for HRV/BP/fatigue...)
2026-03-12 11:20:30,358 [INFO] ← RX [16b] cmd=0x28  crc_recv=0x6b  crc_calc=0x6b  raw=28 01 42 00 00 00 00 00 00 00 00 00 00 00 00 6b
2026-03-12 11:20:30,359 [INFO]   🫀 [  23.3s] HR=66bpm  (waiting for HRV/BP/fatigue...)
2026-03-12 11:20:31,348 [INFO] ← RX [16b] cmd=0x28  crc_recv=0x6a  crc_calc=0x6a  raw=28 01 41 00 00 00 00 00 00 00 00 00 00 00 00 6a
2026-03-12 11:20:31,349 [INFO]   🫀 [  24.3s] HR=65bpm  (waiting for HRV/BP/fatigue...)
2026-03-12 11:20:32,338 [INFO] ← RX [16b] cmd=0x28  crc_recv=0x6a  crc_calc=0x6a  raw=28 01 41 00 00 00 00 00 00 00 00 00 00 00 00 6a
2026-03-12 11:20:32,339 [INFO]   🫀 [  25.3s] HR=65bpm  (waiting for HRV/BP/fatigue...)
2026-03-12 11:20:33,373 [INFO] ← RX [16b] cmd=0x28  crc_recv=0x6b  crc_calc=0x6b  raw=28 01 42 00 00 00 00 00 00 00 00 00 00 00 00 6b
2026-03-12 11:20:33,374 [INFO]   🫀 [  26.3s] HR=66bpm  (waiting for HRV/BP/fatigue...)
2026-03-12 11:20:34,363 [INFO] ← RX [16b] cmd=0x28  crc_recv=0x6b  crc_calc=0x6b  raw=28 01 42 00 00 00 00 00 00 00 00 00 00 00 00 6b
2026-03-12 11:20:34,364 [INFO]   🫀 [  27.3s] HR=66bpm  (waiting for HRV/BP/fatigue...)
2026-03-12 11:20:35,353 [INFO] ← RX [16b] cmd=0x28  crc_recv=0x6b  crc_calc=0x6b  raw=28 01 42 00 00 00 00 00 00 00 00 00 00 00 00 6b
2026-03-12 11:20:35,354 [INFO]   🫀 [  28.3s] HR=66bpm  (waiting for HRV/BP/fatigue...)
2026-03-12 11:20:36,344 [INFO] ← RX [16b] cmd=0x28  crc_recv=0x6b  crc_calc=0x6b  raw=28 01 42 00 00 00 00 00 00 00 00 00 00 00 00 6b
2026-03-12 11:20:36,344 [INFO]   🫀 [  29.3s] HR=66bpm  (waiting for HRV/BP/fatigue...)
2026-03-12 11:20:37,333 [INFO] ← RX [16b] cmd=0x28  crc_recv=0x6b  crc_calc=0x6b  raw=28 01 42 00 00 00 00 00 00 00 00 00 00 00 00 6b
2026-03-12 11:20:37,334 [INFO]   🫀 [  30.3s] HR=66bpm  (waiting for HRV/BP/fatigue...)
2026-03-12 11:20:38,368 [INFO] ← RX [16b] cmd=0x28  crc_recv=0x6b  crc_calc=0x6b  raw=28 01 42 00 00 00 00 00 00 00 00 00 00 00 00 6b
2026-03-12 11:20:38,368 [INFO]   🫀 [  31.3s] HR=66bpm  (waiting for HRV/BP/fatigue...)
2026-03-12 11:20:39,358 [INFO] ← RX [16b] cmd=0x28  crc_recv=0x6a  crc_calc=0x6a  raw=28 01 41 00 00 00 00 00 00 00 00 00 00 00 00 6a
2026-03-12 11:20:39,358 [INFO]   🫀 [  32.3s] HR=65bpm  (waiting for HRV/BP/fatigue...)
2026-03-12 11:20:40,349 [INFO] ← RX [16b] cmd=0x28  crc_recv=0x6a  crc_calc=0x6a  raw=28 01 41 00 00 00 00 00 00 00 00 00 00 00 00 6a
2026-03-12 11:20:40,349 [INFO]   🫀 [  33.3s] HR=65bpm  (waiting for HRV/BP/fatigue...)
2026-03-12 11:20:41,339 [INFO] ← RX [16b] cmd=0x28  crc_recv=0x6a  crc_calc=0x6a  raw=28 01 41 00 00 00 00 00 00 00 00 00 00 00 00 6a
2026-03-12 11:20:41,339 [INFO]   🫀 [  34.3s] HR=65bpm  (waiting for HRV/BP/fatigue...)
2026-03-12 11:20:42,374 [INFO] ← RX [16b] cmd=0x28  crc_recv=0x6a  crc_calc=0x6a  raw=28 01 41 00 00 00 00 00 00 00 00 00 00 00 00 6a
2026-03-12 11:20:42,374 [INFO]   🫀 [  35.3s] HR=65bpm  (waiting for HRV/BP/fatigue...)
2026-03-12 11:20:43,364 [INFO] ← RX [16b] cmd=0x28  crc_recv=0x6a  crc_calc=0x6a  raw=28 01 41 00 00 00 00 00 00 00 00 00 00 00 00 6a
2026-03-12 11:20:43,364 [INFO]   🫀 [  36.3s] HR=65bpm  (waiting for HRV/BP/fatigue...)
2026-03-12 11:20:44,353 [INFO] ← RX [16b] cmd=0x28  crc_recv=0x6a  crc_calc=0x6a  raw=28 01 41 00 00 00 00 00 00 00 00 00 00 00 00 6a
2026-03-12 11:20:44,354 [INFO]   🫀 [  37.3s] HR=65bpm  (waiting for HRV/BP/fatigue...)
2026-03-12 11:20:45,344 [INFO] ← RX [16b] cmd=0x28  crc_recv=0x6a  crc_calc=0x6a  raw=28 01 41 00 00 00 00 00 00 00 00 00 00 00 00 6a
2026-03-12 11:20:45,344 [INFO]   🫀 [  38.3s] HR=65bpm  (waiting for HRV/BP/fatigue...)
2026-03-12 11:20:46,333 [INFO] ← RX [16b] cmd=0x28  crc_recv=0x6a  crc_calc=0x6a  raw=28 01 41 00 00 00 00 00 00 00 00 00 00 00 00 6a
2026-03-12 11:20:46,334 [INFO]   🫀 [  39.3s] HR=65bpm  (waiting for HRV/BP/fatigue...)
2026-03-12 11:20:47,369 [INFO] ← RX [16b] cmd=0x28  crc_recv=0x6a  crc_calc=0x6a  raw=28 01 41 00 00 00 00 00 00 00 00 00 00 00 00 6a
2026-03-12 11:20:47,370 [INFO]   🫀 [  40.3s] HR=65bpm  (waiting for HRV/BP/fatigue...)
2026-03-12 11:20:48,359 [INFO] ← RX [16b] cmd=0x28  crc_recv=0x6a  crc_calc=0x6a  raw=28 01 41 00 00 00 00 00 00 00 00 00 00 00 00 6a
2026-03-12 11:20:48,359 [INFO]   🫀 [  41.3s] HR=65bpm  (waiting for HRV/BP/fatigue...)
2026-03-12 11:20:49,349 [INFO] ← RX [16b] cmd=0x28  crc_recv=0x69  crc_calc=0x69  raw=28 01 40 00 00 00 00 00 00 00 00 00 00 00 00 69
2026-03-12 11:20:49,349 [INFO]   🫀 [  42.3s] HR=64bpm  (waiting for HRV/BP/fatigue...)
2026-03-12 11:20:50,339 [INFO] ← RX [16b] cmd=0x28  crc_recv=0x69  crc_calc=0x69  raw=28 01 40 00 00 00 00 00 00 00 00 00 00 00 00 69
2026-03-12 11:20:50,339 [INFO]   🫀 [  43.3s] HR=64bpm  (waiting for HRV/BP/fatigue...)
2026-03-12 11:20:51,374 [INFO] ← RX [16b] cmd=0x28  crc_recv=0x69  crc_calc=0x69  raw=28 01 40 00 00 00 00 00 00 00 00 00 00 00 00 69
2026-03-12 11:20:51,374 [INFO]   🫀 [  44.3s] HR=64bpm  (waiting for HRV/BP/fatigue...)
2026-03-12 11:20:52,364 [INFO] ← RX [16b] cmd=0x28  crc_recv=0x68  crc_calc=0x68  raw=28 01 3f 00 00 00 00 00 00 00 00 00 00 00 00 68
2026-03-12 11:20:52,364 [INFO]   🫀 [  45.3s] HR=63bpm  (waiting for HRV/BP/fatigue...)
2026-03-12 11:20:53,353 [INFO] ← RX [16b] cmd=0x28  crc_recv=0x68  crc_calc=0x68  raw=28 01 3f 00 00 00 00 00 00 00 00 00 00 00 00 68
2026-03-12 11:20:53,354 [INFO]   🫀 [  46.3s] HR=63bpm  (waiting for HRV/BP/fatigue...)
2026-03-12 11:20:54,344 [INFO] ← RX [16b] cmd=0x28  crc_recv=0x68  crc_calc=0x68  raw=28 01 3f 00 00 00 00 00 00 00 00 00 00 00 00 68
2026-03-12 11:20:54,344 [INFO]   🫀 [  47.3s] HR=63bpm  (waiting for HRV/BP/fatigue...)
2026-03-12 11:20:55,334 [INFO] ← RX [16b] cmd=0x28  crc_recv=0x68  crc_calc=0x68  raw=28 01 3f 00 00 00 00 00 00 00 00 00 00 00 00 68
2026-03-12 11:20:55,334 [INFO]   🫀 [  48.3s] HR=63bpm  (waiting for HRV/BP/fatigue...)
2026-03-12 11:20:56,369 [INFO] ← RX [16b] cmd=0x28  crc_recv=0x68  crc_calc=0x68  raw=28 01 3f 00 00 00 00 00 00 00 00 00 00 00 00 68
2026-03-12 11:20:56,369 [INFO]   🫀 [  49.3s] HR=63bpm  (waiting for HRV/BP/fatigue...)
2026-03-12 11:20:57,359 [INFO] ← RX [16b] cmd=0x28  crc_recv=0x68  crc_calc=0x68  raw=28 01 3f 00 00 00 00 00 00 00 00 00 00 00 00 68
2026-03-12 11:20:57,359 [INFO]   🫀 [  50.3s] HR=63bpm  (waiting for HRV/BP/fatigue...)
2026-03-12 11:20:58,349 [INFO] ← RX [16b] cmd=0x28  crc_recv=0x68  crc_calc=0x68  raw=28 01 3f 00 00 00 00 00 00 00 00 00 00 00 00 68
2026-03-12 11:20:58,349 [INFO]   🫀 [  51.3s] HR=63bpm  (waiting for HRV/BP/fatigue...)
2026-03-12 11:20:59,339 [INFO] ← RX [16b] cmd=0x28  crc_recv=0x68  crc_calc=0x68  raw=28 01 3f 00 00 00 00 00 00 00 00 00 00 00 00 68
2026-03-12 11:20:59,339 [INFO]   🫀 [  52.3s] HR=63bpm  (waiting for HRV/BP/fatigue...)
2026-03-12 11:21:00,374 [INFO] ← RX [16b] cmd=0x28  crc_recv=0x68  crc_calc=0x68  raw=28 01 3f 00 00 00 00 00 00 00 00 00 00 00 00 68
2026-03-12 11:21:00,374 [INFO]   🫀 [  53.3s] HR=63bpm  (waiting for HRV/BP/fatigue...)
2026-03-12 11:21:01,364 [INFO] ← RX [16b] cmd=0x28  crc_recv=0x68  crc_calc=0x68  raw=28 01 3f 00 00 00 00 00 00 00 00 00 00 00 00 68
2026-03-12 11:21:01,364 [INFO]   🫀 [  54.3s] HR=63bpm  (waiting for HRV/BP/fatigue...)
2026-03-12 11:21:02,354 [INFO] ← RX [16b] cmd=0x28  crc_recv=0x68  crc_calc=0x68  raw=28 01 3f 00 00 00 00 00 00 00 00 00 00 00 00 68
2026-03-12 11:21:02,354 [INFO]   🫀 [  55.3s] HR=63bpm  (waiting for HRV/BP/fatigue...)
2026-03-12 11:21:03,344 [INFO] ← RX [16b] cmd=0x28  crc_recv=0x68  crc_calc=0x68  raw=28 01 3f 00 00 00 00 00 00 00 00 00 00 00 00 68
2026-03-12 11:21:03,344 [INFO]   🫀 [  56.3s] HR=63bpm  (waiting for HRV/BP/fatigue...)
2026-03-12 11:21:04,334 [INFO] ← RX [16b] cmd=0x28  crc_recv=0x68  crc_calc=0x68  raw=28 01 3f 00 00 00 00 00 00 00 00 00 00 00 00 68
2026-03-12 11:21:04,334 [INFO]   🫀 [  57.3s] HR=63bpm  (waiting for HRV/BP/fatigue...)
2026-03-12 11:21:05,369 [INFO] ← RX [16b] cmd=0x28  crc_recv=0x69  crc_calc=0x69  raw=28 01 40 00 00 00 00 00 00 00 00 00 00 00 00 69
2026-03-12 11:21:05,369 [INFO]   🫀 [  58.3s] HR=64bpm  (waiting for HRV/BP/fatigue...)
2026-03-12 11:21:06,359 [INFO] ← RX [16b] cmd=0x28  crc_recv=0x69  crc_calc=0x69  raw=28 01 40 00 00 00 00 00 00 00 00 00 00 00 00 69
2026-03-12 11:21:06,359 [INFO]   🫀 [  59.3s] HR=64bpm  (waiting for HRV/BP/fatigue...)
2026-03-12 11:21:07,349 [INFO] ← RX [16b] cmd=0x28  crc_recv=0x69  crc_calc=0x69  raw=28 01 40 00 00 00 00 00 00 00 00 00 00 00 00 69
2026-03-12 11:21:07,349 [INFO]   🫀 [  60.3s] HR=64bpm  (waiting for HRV/BP/fatigue...)
2026-03-12 11:21:08,339 [INFO] ← RX [16b] cmd=0x28  crc_recv=0x69  crc_calc=0x69  raw=28 01 40 00 00 00 00 00 00 00 00 00 00 00 00 69
2026-03-12 11:21:08,339 [INFO]   🫀 [  61.3s] HR=64bpm  (waiting for HRV/BP/fatigue...)
2026-03-12 11:21:09,374 [INFO] ← RX [16b] cmd=0x28  crc_recv=0x69  crc_calc=0x69  raw=28 01 40 00 00 00 00 00 00 00 00 00 00 00 00 69
2026-03-12 11:21:09,374 [INFO]   🫀 [  62.3s] HR=64bpm  (waiting for HRV/BP/fatigue...)
2026-03-12 11:21:10,364 [INFO] ← RX [16b] cmd=0x28  crc_recv=0x6a  crc_calc=0x6a  raw=28 01 41 00 00 00 00 00 00 00 00 00 00 00 00 6a
2026-03-12 11:21:10,364 [INFO]   🫀 [  63.3s] HR=65bpm  (waiting for HRV/BP/fatigue...)
2026-03-12 11:21:11,354 [INFO] ← RX [16b] cmd=0x28  crc_recv=0x6b  crc_calc=0x6b  raw=28 01 42 00 00 00 00 00 00 00 00 00 00 00 00 6b
2026-03-12 11:21:11,354 [INFO]   🫀 [  64.3s] HR=66bpm  (waiting for HRV/BP/fatigue...)
2026-03-12 11:21:12,254 [INFO] ← RX [16b] cmd=0x28  crc_recv=0x6b  crc_calc=0x6b  raw=28 01 43 00 40 0c 75 3e 00 00 00 00 00 00 00 6b
2026-03-12 11:21:12,254 [INFO]   ✅ [  65.2s] HR=67bpm  HRV=64  BP=117/62mmHg  fatigue=12
2026-03-12 11:21:12,288 [INFO]   ✅ First valid result at t=65.2s — stopping.
2026-03-12 11:21:12,290 [INFO] ⏹ CardioAnalysis stopped. 63 packets received.
2026-03-12 11:21:12,290 [INFO]   ✅ Final result — HRV=64  HR=67bpm  BP=117/62mmHg  fatigue=12  (first result at t=65.2s)
2026-03-12 11:22:08,163 [INFO] Disconnected.
2026-03-13 10:22:46,166 [INFO] Connecting to CE:68:27:E4:9F:D0...
2026-03-13 10:34:37,784 [INFO] Connecting to CE:68:27:E4:9F:D0...
2026-03-13 10:34:44,112 [INFO] Connected ✓  (notifications enabled)
2026-03-13 10:34:49,061 [INFO] ← RX [16b] cmd=0x13  crc_recv=0x79  crc_calc=0x79  raw=13 24 00 39 09 00 00 00 00 00 00 00 00 00 00 79
2026-03-13 10:34:49,062 [INFO] 🔋 Battery: 36%
2026-03-13 12:17:10,723 [INFO] Disconnected.
2026-05-13 10:42:38,352 [INFO] Connecting to CE:68:27:E4:9F:D0...
2026-05-13 10:43:49,147 [INFO] Connecting to CE:68:27:E4:9F:D0...
2026-05-13 10:44:12,710 [INFO] Connecting to CE:68:27:E4:9F:D0...
2026-05-13 10:52:40,297 [INFO] Connecting to CE:68:27:E4:9F:D0...
2026-05-13 10:52:55,602 [INFO] 🔍 Scanning for BLE devices (10.0s)...
2026-05-13 10:53:05,759 [INFO]   Found: (unnamed)                       72:2A:88:7A:1E:D2
2026-05-13 10:53:05,759 [INFO]   Found: (unnamed)                       27:5A:6F:95:DC:FD
2026-05-13 10:53:05,759 [INFO]   Found: (unnamed)                       01:46:28:04:E0:28
2026-05-13 10:53:05,759 [INFO]   Found: (unnamed)                       64:95:28:C3:73:F8
2026-05-13 10:53:05,759 [INFO]   Found: (unnamed)                       6E:B4:3E:0E:84:8C
2026-05-13 10:53:05,759 [INFO]   Found: (unnamed)                       50:4C:CD:1D:52:D7
2026-05-13 10:53:05,759 [INFO]   Found: (unnamed)                       78:4D:F9:6E:47:8A
2026-05-13 10:53:05,759 [INFO]   Found: (unnamed)                       16:2E:C6:18:9F:19
2026-05-13 10:53:05,759 [INFO]   Found: (unnamed)                       E8:CB:00:41:F3:36
2026-05-13 10:53:05,760 [INFO]   Found: (unnamed)                       3D:F6:74:B4:48:81
2026-05-13 10:53:05,760 [INFO]   Found: (unnamed)                       1A:E1:DA:D9:6D:B1
2026-05-13 10:53:05,760 [INFO]   Found: (unnamed)                       6C:73:A2:6B:0D:19
2026-05-13 10:53:05,760 [INFO]   Found: (unnamed)                       4D:A0:E6:25:AA:BA
2026-05-13 10:53:05,760 [INFO]   Found: (unnamed)                       79:E4:64:D6:D5:7E
2026-05-13 10:53:05,760 [INFO]   Found: (unnamed)                       56:1A:CA:8A:F5:D9
2026-05-13 10:53:05,760 [INFO]   Found: (unnamed)                       6B:3C:FC:FB:F5:D5
2026-05-13 10:53:05,760 [INFO]   Found: (unnamed)                       7E:BC:3D:AD:01:BB
2026-05-13 10:53:05,760 [INFO]   Found: (unnamed)                       7B:CE:AC:15:C5:93
2026-05-13 10:53:05,760 [INFO]   Found: (unnamed)                       3C:1E:69:8E:93:DC
2026-05-13 10:53:05,760 [INFO]   Found: (unnamed)                       78:55:05:5C:67:C0
2026-05-13 10:53:05,760 [INFO]   Found: HUAWEI M-Pencil 3               70:61:EE:C8:4B:CB
2026-05-13 10:53:05,760 [INFO]   Found: (unnamed)                       40:A2:21:FE:49:B6
2026-05-13 10:53:05,760 [INFO]   Found: (unnamed)                       61:84:8C:A6:E1:0D
2026-05-13 10:53:05,760 [INFO]   Found: (unnamed)                       2C:77:D9:3C:6D:BF
2026-05-13 10:53:05,761 [INFO]   Found: (unnamed)                       4C:40:41:80:7F:A4
2026-05-13 10:53:05,761 [INFO]   Found: (unnamed)                       4C:B1:B5:5D:B9:A4
2026-05-13 10:53:05,761 [INFO]   Found: (unnamed)                       5E:18:66:DC:FA:23
2026-05-13 10:53:05,761 [INFO]   Found: (unnamed)                       54:1A:B4:8B:52:A8
2026-05-13 10:53:05,761 [INFO]   Found: (unnamed)                       52:2F:42:9D:CE:45
2026-05-13 10:53:05,761 [INFO]   Found: (unnamed)                       25:CE:54:48:43:68
2026-05-13 10:53:05,761 [INFO]   Found: (unnamed)                       58:ED:EA:12:4A:6E
2026-05-13 10:53:05,761 [INFO]   Found: (unnamed)                       60:52:A8:FE:32:D7
2026-05-13 10:53:05,761 [INFO]   Found: (unnamed)                       59:25:AD:AE:79:C1
2026-05-13 10:53:05,761 [INFO]   Found: (unnamed)                       2E:E2:CD:5B:C0:98
2026-05-13 10:53:05,761 [INFO]   Found: (unnamed)                       6B:5A:6F:51:AF:2D
2026-05-13 10:53:05,761 [INFO]   Found: (unnamed)                       47:1D:0B:08:31:7C
2026-05-13 10:53:05,761 [INFO]   Found: BC2688993                       54:D6:0D:37:7F:5D
2026-05-13 10:53:05,761 [INFO]   Found: (unnamed)                       10:7C:1A:8B:73:7A
2026-05-13 10:53:05,761 [INFO]   Found: (unnamed)                       C0:F8:53:24:E6:A2
2026-05-13 10:53:05,761 [INFO]   Found: Redmi Watch 5 Active E8D8       E8:E6:09:5E:E8:D8
2026-05-13 10:53:05,761 [INFO]   Found: 85" Crystal UHD                 28:E6:A9:1E:AA:A7
2026-05-13 10:53:05,762 [INFO]   Found: (unnamed)                       6A:34:67:9B:35:35
2026-05-13 10:53:05,762 [INFO]   Found: (unnamed)                       79:79:0E:8C:10:7B
2026-05-13 10:53:05,762 [INFO]   Found: (unnamed)                       5F:D8:91:B5:FE:52
2026-05-13 10:53:05,762 [INFO]   Found: (unnamed)                       71:A3:CA:47:80:EE
2026-05-13 10:53:05,762 [INFO]   Found: (unnamed)                       18:56:A7:56:77:4D
2026-05-13 10:53:05,762 [INFO]   Found: (unnamed)                       6E:DD:42:4C:40:00
2026-05-13 10:53:05,762 [INFO]   Found: (unnamed)                       2D:9D:63:BA:E1:37
2026-05-13 10:53:05,762 [INFO]   Found: (unnamed)                       4B:3B:28:06:3D:7A
2026-05-13 10:53:05,762 [INFO]   Found: (unnamed)                       52:60:C4:DD:77:DA
2026-05-13 10:53:05,762 [INFO]   Found: (unnamed)                       C0:2D:18:BF:52:C1
2026-05-13 10:53:05,762 [INFO]   Found: (unnamed)                       4D:48:C6:61:BF:DE
2026-05-13 10:53:05,762 [INFO]   Found: (unnamed)                       18:12:33:40:6D:29
2026-05-13 10:53:05,762 [INFO]   Found: (unnamed)                       6A:E6:AA:BC:2F:F1
2026-05-13 10:53:05,762 [INFO]   Found: (unnamed)                       61:37:89:E1:C2:56
2026-05-13 10:53:05,762 [INFO]   Found: (unnamed)                       6C:18:63:C5:2C:C3
2026-05-13 10:53:05,762 [INFO]   Found: MARTINASUSROG                   75:43:5D:36:9A:4B
2026-05-13 10:53:05,763 [INFO]   Found: (unnamed)                       FA:C7:85:08:85:36
2026-05-13 10:53:05,763 [INFO]   Found: (unnamed)                       59:74:5B:14:62:EF
2026-05-13 10:53:05,763 [INFO]   Found: (unnamed)                       31:74:0F:ED:DB:09
2026-05-13 10:53:05,763 [INFO]   Found: (unnamed)                       4B:7F:2F:77:D7:5D
2026-05-13 10:53:05,763 [INFO]   Found: (unnamed)                       5F:36:29:09:B7:94
2026-05-13 10:53:05,763 [INFO]   Found: (unnamed)                       63:70:90:F0:77:34
2026-05-13 10:53:05,763 [INFO]   Found: (unnamed)                       6E:4E:24:00:D8:B1
2026-05-13 10:53:05,763 [INFO]   Found: (unnamed)                       64:88:A9:47:87:F4
2026-05-13 10:53:05,763 [INFO]   Found: (unnamed)                       DD:37:15:35:CD:3E
2026-05-13 10:53:05,763 [INFO]   Found: (unnamed)                       7E:38:6F:6E:86:64
2026-05-13 10:53:05,763 [INFO]   Found: (unnamed)                       65:56:0C:AF:D9:A4
2026-05-13 10:53:05,763 [INFO]   Found: (unnamed)                       73:A7:57:30:E8:FC
2026-05-13 10:53:05,763 [INFO]   Found: (unnamed)                       66:DC:2D:4E:69:0E
2026-05-13 10:53:05,763 [INFO]   Found: (unnamed)                       6C:E8:95:D6:8C:22
2026-05-13 10:53:05,763 [INFO]   Found: (unnamed)                       74:AB:09:15:7C:4D
2026-05-13 10:53:05,764 [INFO]   Found: (unnamed)                       7B:8C:E4:B2:72:9B
2026-05-13 10:53:05,764 [INFO]   Found: (unnamed)                       7D:92:3E:D9:93:F5
2026-05-13 10:53:05,764 [INFO]   Found: (unnamed)                       50:F8:A2:55:A4:3D
2026-05-13 10:53:05,764 [INFO]   Found: (unnamed)                       67:8E:58:C4:7B:F3
2026-05-13 10:53:05,764 [INFO]   Found: (unnamed)                       70:D8:ED:8A:2D:EE
2026-05-13 10:53:05,764 [INFO]   Found: (unnamed)                       46:78:11:8E:CB:D4
2026-05-13 10:53:05,764 [INFO]   Found: (unnamed)                       6D:7A:AA:28:33:E1
2026-05-13 10:53:05,764 [INFO]   Found: (unnamed)                       59:82:6E:48:A9:54
2026-05-13 10:53:05,764 [INFO]   Found: (unnamed)                       66:F3:A5:7E:91:B3
2026-05-13 10:53:05,764 [INFO]   Found: (unnamed)                       16:A5:AD:2E:45:B9
2026-05-13 10:53:05,764 [INFO]   Found: (unnamed)                       64:D9:44:57:F2:02
2026-05-13 10:53:05,764 [INFO]   Found: (unnamed)                       75:00:9C:06:61:D2
2026-05-13 10:53:05,764 [INFO]   Found: CR-79647                        56:9A:1D:06:50:74
2026-05-13 10:53:05,764 [INFO]   Found: (unnamed)                       4B:34:A8:1D:A7:DE
2026-05-13 10:53:05,764 [INFO]   Found: (unnamed)                       49:D1:4D:2A:C9:77
2026-05-13 10:53:05,764 [INFO]   Found: (unnamed)                       70:B0:DB:3D:D3:15
2026-05-13 10:53:05,765 [INFO]   Found: (unnamed)                       7A:37:1E:9E:F3:4C
2026-05-13 10:53:05,765 [INFO]   Found: (unnamed)                       43:34:E6:11:CA:56
2026-05-13 10:53:05,765 [INFO]   Found: (unnamed)                       15:3B:FD:82:0D:F2
2026-05-13 10:53:05,765 [INFO]   Found: (unnamed)                       0C:6A:E1:E7:9E:BC
2026-05-13 10:53:05,765 [INFO]   Found: (unnamed)                       69:C5:37:18:62:51
2026-05-13 10:53:05,765 [INFO]   Found: (unnamed)                       6D:80:AA:6C:66:E4
2026-05-13 10:53:05,765 [INFO]   Found: (unnamed)                       60:25:63:D1:92:6A
2026-05-13 10:53:05,765 [INFO]   Found: (unnamed)                       7C:22:83:54:E5:D2
2026-05-13 10:53:05,765 [INFO]   Found: (unnamed)                       73:60:78:59:66:79
2026-05-13 10:53:05,765 [INFO]   Found: (unnamed)                       71:CC:81:C5:91:B0
2026-05-13 10:53:05,765 [INFO]   Found: (unnamed)                       51:55:A9:44:C6:6E
2026-05-13 10:53:05,765 [INFO]   Found: (unnamed)                       79:9B:3A:35:00:96
2026-05-13 10:53:05,765 [INFO]   Found: (unnamed)                       71:A4:AF:1E:BC:E3
2026-05-13 10:53:05,765 [INFO]   Found: (unnamed)                       6F:81:FE:F0:97:E0
2026-05-13 10:53:05,765 [INFO]   Found: (unnamed)                       5D:06:B5:57:55:25
2026-05-13 10:53:05,765 [INFO]   Found: (unnamed)                       E5:46:04:0F:4A:FA
2026-05-13 10:53:05,765 [INFO]   Found: (unnamed)                       CB:B6:42:A5:E7:D1
2026-05-13 10:53:05,765 [INFO]   Found: (unnamed)                       5A:14:60:B2:9F:AB
2026-05-13 10:53:05,766 [INFO]   Found: (unnamed)                       60:BD:4F:9B:BC:87
2026-05-13 10:53:05,766 [INFO]   Found: (unnamed)                       79:BE:8A:BF:3A:91
2026-05-13 10:53:05,766 [INFO]   Found: (unnamed)                       49:37:9D:8D:AB:3E
2026-05-13 10:53:05,766 [INFO]   Found: BC2689310                       54:D6:0D:37:70:7D
2026-05-13 10:53:05,766 [INFO]   Found: (unnamed)                       76:39:81:16:07:4C
2026-05-13 10:53:05,766 [INFO]   Found: (unnamed)                       36:47:7E:8A:44:89
2026-05-13 10:53:05,766 [INFO]   Found: (unnamed)                       55:13:B3:6F:4A:15
2026-05-13 10:53:05,766 [INFO]   Found: (unnamed)                       6F:F7:A3:D0:24:3D
2026-05-13 10:53:05,766 [INFO]   Found: CR-79583                        55:05:1E:76:AC:D1
2026-05-13 10:53:05,766 [INFO]   Found: (unnamed)                       CA:40:FA:8D:EC:38
2026-05-13 10:53:05,766 [INFO]   Found: (unnamed)                       51:A5:AC:3B:D9:25
2026-05-13 10:53:05,766 [INFO]   Found: (unnamed)                       16:15:6C:D6:1F:22
2026-05-13 10:53:05,766 [INFO]   Found: (unnamed)                       74:3D:38:22:A6:12
2026-05-13 10:53:05,766 [INFO]   Found: (unnamed)                       F6:8C:B5:E6:86:0F
2026-05-13 10:53:05,766 [INFO]   Found: (unnamed)                       17:BE:E6:3C:CE:85
2026-05-13 10:53:05,766 [INFO]   Found: (unnamed)                       FD:94:81:9E:1A:DB
2026-05-13 10:53:05,766 [INFO]   Found: (unnamed)                       0E:C9:C4:75:B6:5B
2026-05-13 10:53:05,766 [INFO]   Found: (unnamed)                       6D:FB:C1:E0:60:66
2026-05-13 10:53:05,767 [INFO]   Found: (unnamed)                       F4:CC:B9:1C:F8:F9
2026-05-13 10:53:05,767 [INFO]   Found: (unnamed)                       51:B8:3D:2C:03:5F
2026-05-13 10:53:05,767 [INFO]   Found: (unnamed)                       4A:A1:07:B9:9E:AF
2026-05-13 10:53:05,767 [INFO]   Found: (unnamed)                       C9:A5:A0:E0:21:19
2026-05-13 10:53:05,767 [INFO]   Found: (unnamed)                       11:2F:92:A6:12:5E
2026-05-13 10:53:05,767 [INFO]   Found: (unnamed)                       F8:53:84:BA:74:9E
2026-05-13 10:53:05,767 [INFO]   Found: (unnamed)                       58:FD:51:1D:A0:27
2026-05-13 10:53:05,767 [INFO]   Found: (unnamed)                       25:C2:BF:38:80:E9
2026-05-13 10:53:05,767 [INFO]   Found: (unnamed)                       41:EF:A2:38:B4:9B
2026-05-13 10:53:05,767 [INFO]   Found: (unnamed)                       2E:05:72:AC:80:93
2026-05-13 10:53:05,767 [INFO]   Found: Cubitt VIVA Pro                 F4:4E:FD:A3:7E:EB
2026-05-13 10:53:05,767 [INFO]   Found: (unnamed)                       5D:CF:05:2D:A3:81
2026-05-13 10:53:05,767 [INFO]   Found: (unnamed)                       58:11:7D:07:A7:E4
2026-05-13 10:53:05,767 [INFO]   Found: (unnamed)                       79:72:7C:70:9D:C2
2026-05-13 10:53:05,767 [INFO]   Found: (unnamed)                       12:4F:DC:6D:4A:93
2026-05-13 10:53:05,767 [INFO]   Found: (unnamed)                       D7:E6:09:D7:F1:08
2026-05-13 10:53:05,767 [INFO]   Found: (unnamed)                       63:20:0B:A5:B1:D0
2026-05-13 10:53:05,767 [INFO]   Found: (unnamed)                       CE:CB:E5:D7:DA:7A
2026-05-13 10:53:05,767 [INFO]   Found: (unnamed)                       6A:39:A4:CB:E8:FA
2026-05-13 10:53:05,767 [INFO]   Found: (unnamed)                       67:88:80:9C:4C:19
2026-05-13 10:53:05,768 [INFO]   Found: (unnamed)                       78:7E:53:A8:C1:EA
2026-05-13 10:53:05,768 [INFO]   Found: (unnamed)                       FC:EA:19:F1:1C:10
2026-05-13 10:53:05,768 [INFO]   Found: (unnamed)                       44:22:B0:2E:2D:B5
2026-05-13 10:53:05,768 [INFO]   Found: (unnamed)                       62:4E:AC:61:09:B0
2026-05-13 10:53:05,768 [INFO]   Found: (unnamed)                       E4:D9:9D:AC:3D:6F
2026-05-13 10:53:05,768 [INFO]   Found: (unnamed)                       5B:0D:9D:7D:BB:E6
2026-05-13 10:53:05,768 [INFO]   Found: (unnamed)                       1D:5A:C3:CB:51:36
2026-05-13 10:53:05,768 [INFO]   Found: (unnamed)                       6F:1E:37:A1:BF:41
2026-05-13 10:53:05,768 [INFO]   Found: (unnamed)                       F6:C2:10:F4:19:07
2026-05-13 10:53:05,768 [INFO]   Found: (unnamed)                       55:56:D1:CF:FE:89
2026-05-13 10:53:05,768 [INFO]   Found: Galaxy Fit3 (70C8)              74:19:0A:14:70:C8
2026-05-13 10:53:05,768 [INFO]   Found: (unnamed)                       75:99:A7:08:52:15
2026-05-13 10:53:05,768 [INFO]   Found: (unnamed)                       FF:8C:4E:BE:6C:3D
2026-05-13 10:53:05,768 [INFO]   Found: (unnamed)                       1F:94:9A:7C:35:57
2026-05-13 10:53:05,768 [INFO]   Found: (unnamed)                       7D:3D:E6:61:DA:1E
2026-05-13 10:53:05,768 [INFO]   Found: (unnamed)                       5B:0D:E6:99:42:F1
2026-05-13 10:53:05,768 [INFO]   Found: (unnamed)                       34:5C:FE:AE:AB:80
2026-05-13 10:53:05,768 [INFO]   Found: (unnamed)                       3A:06:E6:06:75:C7
2026-05-13 10:53:05,768 [INFO]   Found: (unnamed)                       E7:02:47:43:60:1E
2026-05-13 10:53:05,768 [INFO]   Found: (unnamed)                       7E:B3:82:5F:1A:81
2026-05-13 10:53:05,769 [INFO]   Found: (unnamed)                       6A:39:A1:37:FD:BF
2026-05-13 10:53:05,769 [INFO]   Found: (unnamed)                       04:24:B6:5D:55:77
2026-05-13 10:53:05,769 [INFO]   Found: (unnamed)                       76:B2:46:E3:BE:FE
2026-05-13 10:53:05,769 [INFO]   Found: (unnamed)                       4B:9E:B3:31:BF:53
2026-05-13 10:53:05,769 [INFO]   Found: (unnamed)                       1D:1E:9C:85:28:E0
2026-05-13 10:53:05,769 [INFO]   Found: (unnamed)                       4F:E0:99:46:1E:0F
2026-05-13 10:53:05,769 [INFO]   Found: (unnamed)                       5E:DA:B8:69:A4:CC
2026-05-13 10:53:05,769 [INFO]   Found: (unnamed)                       36:3F:73:D4:CA:55
2026-05-13 10:53:05,769 [INFO]   Found: (unnamed)                       70:69:AF:C1:FA:10
2026-05-13 10:53:05,769 [INFO]   Found: (unnamed)                       6D:82:DF:31:00:37
2026-05-13 10:53:05,769 [INFO]   Found: KLGO SW-5                       41:42:0C:EB:6B:01
2026-05-13 10:53:05,769 [INFO]   Found: (unnamed)                       68:CE:46:7F:04:80
2026-05-13 10:53:05,769 [INFO]   Found: (unnamed)                       49:98:AC:B7:46:0B
2026-05-13 10:53:05,769 [INFO]   Found: (unnamed)                       E7:A8:AA:6B:22:A6
2026-05-13 10:53:05,769 [INFO]   Found: (unnamed)                       45:6E:6A:12:DF:4A
2026-05-13 10:53:05,769 [INFO]   Found: (unnamed)                       DF:77:97:08:A1:97
2026-05-13 10:53:05,769 [INFO]   Found: (unnamed)                       DB:F3:1D:4F:FB:AA
2026-05-13 10:53:05,769 [INFO]   Found: (unnamed)                       5D:D7:3D:10:3D:46
2026-05-13 10:53:05,769 [INFO]   Found: (unnamed)                       72:9D:43:26:1A:13
2026-05-13 10:53:05,769 [INFO]   Found: (unnamed)                       5F:80:4B:59:CD:1E
2026-05-13 10:53:05,770 [INFO]   Found: (unnamed)                       7E:BF:95:D0:70:3C
2026-05-13 10:53:05,770 [INFO]   Found: (unnamed)                       74:90:E5:CD:43:FC
2026-05-13 10:53:05,770 [INFO]   Found: (unnamed)                       ED:4E:F9:1F:C0:71
2026-05-13 10:53:05,770 [INFO]   Found: (unnamed)                       72:B4:4D:A6:BB:D5
2026-05-13 10:53:05,770 [INFO]   Found: (unnamed)                       48:D4:82:21:DB:F2
2026-05-13 10:53:05,770 [INFO]   Found: (unnamed)                       45:6C:09:E2:70:67
2026-05-13 10:53:05,770 [INFO]   Found: (unnamed)                       77:4C:E2:65:45:69
2026-05-13 10:53:05,770 [INFO]   Found: (unnamed)                       A4:C1:35:99:69:D6
2026-05-13 10:53:05,770 [INFO]   Found: (unnamed)                       40:66:30:77:A5:2B
2026-05-13 10:53:05,770 [INFO]   Found: (unnamed)                       5A:9D:C2:C7:75:49
2026-05-13 10:53:05,770 [INFO]   Found: (unnamed)                       22:02:4E:E4:59:F3
2026-05-13 10:53:05,770 [INFO]   Found: (unnamed)                       7B:BC:89:72:C2:79
2026-05-13 10:53:05,770 [INFO]   Found: (unnamed)                       40:06:A5:62:89:FA
2026-05-13 10:53:05,770 [INFO]   Found: (unnamed)                       08:A4:33:BB:F5:BD
2026-05-13 10:53:05,770 [INFO]   Found: (unnamed)                       5F:9F:64:3C:D8:06
2026-05-13 10:53:05,770 [INFO]   Found: (unnamed)                       7E:ED:41:89:E6:FE
2026-05-13 10:53:05,770 [INFO]   Found: (unnamed)                       2F:0C:43:99:AD:FE
2026-05-13 10:53:05,770 [INFO]   Found: (unnamed)                       D8:6F:77:2C:88:36
2026-05-13 10:53:05,770 [INFO]   Found: (unnamed)                       7E:D9:EB:85:5A:4D
2026-05-13 10:53:05,770 [INFO]   Found: (unnamed)                       D7:5B:29:8A:F2:12
2026-05-13 10:53:05,770 [INFO]   Found: (unnamed)                       16:40:36:B9:71:EC
2026-05-13 10:53:05,770 [INFO]   Found: (unnamed)                       E7:B4:C6:C3:EA:82
2026-05-13 10:53:05,770 [INFO]   Found: (unnamed)                       64:F3:87:70:6B:6A
2026-05-13 10:53:05,770 [INFO]   Found: (unnamed)                       D0:F0:B3:A6:2F:2D
2026-05-13 10:53:05,770 [INFO]   Found: (unnamed)                       37:6B:B1:04:51:8D
2026-05-13 10:53:05,770 [INFO]   Found: (unnamed)                       69:85:26:36:A0:16
2026-05-13 10:53:05,770 [INFO]   Found: (unnamed)                       6F:73:81:C5:0A:BB
2026-05-13 10:53:05,771 [INFO]   Found: (unnamed)                       75:9C:2A:A1:C2:1C
2026-05-13 10:53:05,771 [INFO]   Found: (unnamed)                       62:98:BB:51:7C:F5
2026-05-13 10:53:05,771 [INFO]   Found: (unnamed)                       59:8D:E2:0B:07:1F
2026-05-13 10:53:05,771 [INFO]   Found: (unnamed)                       C3:6A:8C:66:DB:47
2026-05-13 10:53:05,771 [INFO]   Found: (unnamed)                       66:54:2C:A2:BD:67
2026-05-13 10:53:05,771 [INFO]   Found: (unnamed)                       77:4D:EE:CF:F3:C8
2026-05-13 10:53:05,771 [INFO]   Found: (unnamed)                       6C:B5:31:38:0A:31
2026-05-13 10:53:05,771 [INFO]   Found: (unnamed)                       C6:43:DF:EE:90:63
2026-05-13 10:53:05,771 [INFO]   Found: (unnamed)                       C0:37:34:7D:01:6F
2026-05-13 10:53:05,771 [INFO]   Found: (unnamed)                       45:A6:16:E1:7C:F6
2026-05-13 10:53:05,771 [INFO]   Found: (unnamed)                       7F:FD:77:10:EC:8E
2026-05-13 10:53:05,771 [INFO]   Found: (unnamed)                       44:75:8B:04:04:0A
2026-05-13 10:53:05,771 [INFO]   Found: (unnamed)                       D8:98:F5:28:EE:25
2026-05-13 10:53:05,771 [INFO]   Found: (unnamed)                       51:0F:A0:A2:09:9F
2026-05-13 10:53:05,771 [INFO]   Found: (unnamed)                       F3:7B:8A:A8:08:49
2026-05-13 10:53:05,771 [INFO]   Found: (unnamed)                       45:A5:62:57:BB:E9
2026-05-13 10:53:05,771 [INFO]   Found: (unnamed)                       52:2F:FD:AB:28:49
2026-05-13 10:53:05,771 [INFO]   Found: (unnamed)                       47:D3:2E:CC:B5:06
2026-05-13 10:53:05,771 [INFO]   Found: (unnamed)                       42:A9:AE:85:EA:E4
2026-05-13 10:53:05,771 [INFO]   Found: (unnamed)                       C7:8B:EE:B8:BA:60
2026-05-13 10:53:05,771 [INFO]   Found: (unnamed)                       45:81:3B:1F:74:EC
2026-05-13 10:53:05,771 [INFO]   Found: (unnamed)                       5A:D7:A3:49:40:1C
2026-05-13 10:53:05,772 [INFO]   Found: (unnamed)                       5A:98:A4:5E:C0:6F
2026-05-13 10:53:05,772 [INFO]   Found: (unnamed)                       E7:E0:A0:F4:C5:61
2026-05-13 10:53:05,772 [INFO]   Found: (unnamed)                       EA:CF:07:E2:2B:E0
2026-05-13 10:53:05,772 [INFO]   Found: (unnamed)                       59:8D:0E:BF:35:E5
2026-05-13 10:53:05,772 [INFO]   Found: (unnamed)                       7F:8F:02:D1:7F:AB
2026-05-13 10:53:05,772 [INFO]   Found: (unnamed)                       DF:4E:86:09:F7:DA
2026-05-13 10:53:05,772 [INFO]   Found: (unnamed)                       6E:18:E5:0E:E5:30
2026-05-13 10:53:05,772 [INFO]   Found: (unnamed)                       E8:36:2B:EC:2D:4A
2026-05-13 10:53:05,772 [INFO]   Found: (unnamed)                       51:05:82:09:2E:13
2026-05-13 10:53:05,772 [INFO]   Found: (unnamed)                       15:9B:5F:71:40:C2
2026-05-13 10:53:05,772 [INFO]   Found: (unnamed)                       4B:DD:93:1D:F1:BE
2026-05-13 10:53:05,772 [INFO]   Found: (unnamed)                       43:6D:A7:7C:B9:3C
2026-05-13 10:53:05,772 [INFO]   Found: (unnamed)                       53:BE:A3:B9:AA:EC
2026-05-13 10:53:05,772 [INFO]   Found: (unnamed)                       76:9E:C6:9F:C8:4F
2026-05-13 10:53:05,772 [INFO]   Found: (unnamed)                       4F:49:9C:43:D8:B7
2026-05-13 10:53:05,772 [INFO]   Found: (unnamed)                       C3:0F:71:44:5B:2B
2026-05-13 10:53:05,772 [INFO]   Found: (unnamed)                       46:E4:A6:3F:DE:B1
2026-05-13 10:53:05,772 [INFO]   Found: (unnamed)                       5D:1E:C9:24:CD:2F
2026-05-13 10:53:05,773 [INFO]   Found: (unnamed)                       78:E9:16:34:79:36
2026-05-13 10:53:05,773 [INFO]   Found: (unnamed)                       5B:9C:B5:18:F6:52
2026-05-13 10:53:05,773 [INFO]   Found: (unnamed)                       DD:7E:4D:24:80:F0
2026-05-13 10:53:05,773 [INFO]   Found: (unnamed)                       EB:54:24:D4:65:4C
2026-05-13 10:53:05,773 [INFO]   Found: (unnamed)                       73:AB:49:6A:42:44
2026-05-13 10:53:05,773 [INFO]   Found: (unnamed)                       F7:3F:32:65:7B:57
2026-05-13 10:53:05,773 [INFO]   Found: (unnamed)                       6F:D4:3F:F5:EB:27
2026-05-13 10:53:05,773 [INFO]   Found: (unnamed)                       4C:8D:D7:C6:B8:4A
2026-05-13 10:53:05,773 [INFO]   Found: (unnamed)                       62:CC:B5:32:2C:05
2026-05-13 10:53:05,773 [INFO]   Found: (unnamed)                       67:B6:69:54:A6:80
2026-05-13 10:53:05,773 [INFO]   Found: (unnamed)                       DF:D4:9B:2F:C2:85
2026-05-13 10:53:05,773 [INFO]   Found: HAVIT SPACE S1                  50:DA:4C:D9:DA:C7
2026-05-13 10:53:05,773 [INFO]   Found: (unnamed)                       49:11:5E:0E:A6:9B
2026-05-13 10:53:05,773 [INFO]   Found: (unnamed)                       52:14:5C:A6:50:DF
2026-05-13 10:53:05,773 [INFO]   Found: (unnamed)                       53:61:74:11:FB:1E
2026-05-13 10:53:05,773 [INFO]   Found: (unnamed)                       FC:C8:70:21:85:D3
2026-05-13 10:53:05,773 [INFO]   Found: (unnamed)                       66:B9:E5:B4:95:B5
2026-05-13 10:53:05,774 [INFO]   Found: (unnamed)                       CE:D0:45:98:6A:17
2026-05-13 10:53:05,774 [INFO]   Found: (unnamed)                       7A:3E:34:E4:AD:66
2026-05-13 10:53:05,774 [INFO]   Found: (unnamed)                       44:7F:1E:7B:31:5C
2026-05-13 10:53:05,774 [INFO]   Found: (unnamed)                       EB:6A:5F:B6:F0:5C
2026-05-13 10:53:05,774 [INFO]   Found: (unnamed)                       5E:4D:D2:DF:D3:BD
2026-05-13 10:53:05,774 [INFO]   Found: (unnamed)                       77:64:1C:23:02:D9
2026-05-13 10:53:05,774 [INFO]   Found: (unnamed)                       58:26:25:9A:99:F0
2026-05-13 10:53:05,774 [INFO]   Found: (unnamed)                       7C:2F:51:ED:EF:3B
2026-05-13 10:53:05,774 [INFO]   Found: (unnamed)                       7E:BC:4A:54:89:E7
2026-05-13 10:53:05,774 [INFO]   Found: (unnamed)                       7D:51:E4:3B:5E:8B
2026-05-13 10:53:05,774 [INFO]   Found: (unnamed)                       78:F0:A5:93:FC:A9
2026-05-13 10:53:05,774 [INFO]   Found: (unnamed)                       4B:17:09:B2:07:F8
2026-05-13 10:53:05,774 [INFO]   Found: (unnamed)                       6E:07:F7:85:5F:BF
2026-05-13 10:53:05,774 [INFO]   Found: (unnamed)                       67:FF:18:B1:18:69
2026-05-13 10:53:05,774 [INFO]   Found: (unnamed)                       40:01:AB:96:B8:69
2026-05-13 10:53:05,774 [INFO]   Found: (unnamed)                       69:35:0C:52:C4:49
2026-05-13 10:53:05,774 [INFO]   Found: (unnamed)                       43:88:92:49:23:57
2026-05-13 10:53:05,774 [INFO]   Found: (unnamed)                       55:88:98:27:38:6F
2026-05-13 10:53:05,774 [INFO]   Found: (unnamed)                       7D:FA:78:DD:5F:1E
2026-05-13 10:53:05,774 [INFO]   Found: (unnamed)                       33:6C:41:B0:DB:F8
2026-05-13 10:53:05,774 [INFO]   Found: (unnamed)                       0A:0B:DF:20:9B:26
2026-05-13 10:53:05,775 [INFO]   Found: (unnamed)                       46:60:BA:54:BB:51
2026-05-13 10:53:05,775 [INFO]   Found: (unnamed)                       13:88:C0:95:12:8A
2026-05-13 10:53:05,775 [INFO]   Found: (unnamed)                       46:5A:47:7A:03:CA
2026-05-13 10:53:05,775 [INFO]   Found: BC2689107                       54:D6:0D:37:44:45
2026-05-13 10:53:05,775 [INFO]   Found: (unnamed)                       DF:D7:F1:89:1B:40
2026-05-13 10:53:05,775 [INFO]   Found: (unnamed)                       7D:52:96:C7:3E:27
2026-05-13 10:53:05,775 [INFO]   Found: (unnamed)                       E3:9A:3B:4B:68:34
2026-05-13 10:53:05,775 [INFO]   Found: (unnamed)                       C3:28:1F:3F:1A:19
2026-05-13 10:53:05,775 [INFO]   Found: (unnamed)                       6F:92:41:2A:51:6A
2026-05-13 10:53:05,775 [INFO]   Found: (unnamed)                       44:CC:4D:06:4C:23
2026-05-13 10:53:05,775 [INFO]   Found: (unnamed)                       F5:01:0B:EB:94:94
2026-05-13 10:53:05,775 [INFO]   Found: (unnamed)                       3B:D3:C9:8F:95:1C
2026-05-13 10:53:05,775 [INFO]   Found: (unnamed)                       4A:B1:77:46:B1:6B
2026-05-13 10:53:05,775 [INFO]   Found: (unnamed)                       EF:8C:4A:1A:6F:ED
2026-05-13 10:53:05,775 [INFO]   Found: (unnamed)                       2E:1A:A1:88:F3:FE
2026-05-13 10:53:05,775 [INFO]   Found: (unnamed)                       3D:08:71:62:92:B6
2026-05-13 10:53:05,775 [INFO]   Found: (unnamed)                       6F:5D:19:A1:89:4B
2026-05-13 10:53:05,775 [INFO]   Found: (unnamed)                       74:D5:90:3A:8B:01
2026-05-13 10:53:05,775 [INFO]   Found: (unnamed)                       20:54:C8:31:30:50
2026-05-13 10:53:05,776 [INFO]   Found: (unnamed)                       C3:E3:12:A0:FE:3D
2026-05-13 10:53:05,776 [INFO]   Found: (unnamed)                       F1:6C:87:97:34:35
2026-05-13 10:53:05,776 [INFO]   Found: (unnamed)                       01:BB:43:87:CE:29
2026-05-13 10:53:05,776 [INFO]   Found: (unnamed)                       52:30:76:D8:41:F0
2026-05-13 10:53:05,776 [INFO]   Found: (unnamed)                       EF:6C:84:9D:66:ED
2026-05-13 10:53:05,776 [INFO]   Found: (unnamed)                       63:7E:F3:D7:BB:EF
2026-05-13 10:53:05,776 [INFO]   Found: (unnamed)                       3B:9F:44:6D:6D:5B
2026-05-13 10:53:05,776 [INFO]   Found: (unnamed)                       49:F9:C2:99:68:2A
2026-05-13 10:53:05,776 [INFO]   Found: (unnamed)                       F8:F6:BA:9E:38:CF
2026-05-13 10:53:05,776 [INFO]   Found: (unnamed)                       52:54:C0:9A:4E:2D
2026-05-13 10:53:05,776 [INFO]   Found: (unnamed)                       FF:3A:1F:3A:7A:E7
2026-05-13 10:53:05,776 [INFO]   Found: (unnamed)                       D9:F8:09:9E:B7:B4
2026-05-13 10:53:05,776 [INFO]   Found: (unnamed)                       F1:15:16:F1:68:18
2026-05-13 10:53:05,776 [INFO]   Found: (unnamed)                       47:4C:B4:AB:8A:FF
2026-05-13 10:53:05,776 [INFO]   Found: (unnamed)                       65:29:F7:CD:AA:7D
2026-05-13 10:53:05,776 [INFO]   Found: HUAWEI MatePad Keyboard         80:CF:A2:B9:73:BD
2026-05-13 10:53:05,776 [INFO]   Found: (unnamed)                       72:1F:F0:89:18:E6
2026-05-13 10:53:05,776 [INFO]   Found: (unnamed)                       DC:C9:97:2C:7C:59
2026-05-13 10:53:05,777 [INFO]   Found: (unnamed)                       D8:21:1C:06:FB:06
2026-05-13 10:53:05,777 [INFO]   Found: (unnamed)                       63:DF:EC:D6:C9:19
2026-05-13 10:53:05,777 [INFO]   Found: (unnamed)                       E1:92:E8:1D:C4:AC
2026-05-13 10:53:05,777 [INFO]   Found: (unnamed)                       CB:78:89:C6:BA:57
2026-05-13 10:53:05,777 [INFO]   Found: (unnamed)                       51:9C:0A:93:B1:FD
2026-05-13 10:53:05,777 [INFO]   Found: (unnamed)                       FB:BA:A4:BD:F6:71
2026-05-13 10:53:05,777 [INFO]   Found: (unnamed)                       E5:77:86:76:F2:86
2026-05-13 10:53:05,777 [INFO]   Found: (unnamed)                       FC:05:94:53:28:B6
2026-05-13 10:53:05,777 [INFO]   Found: (unnamed)                       67:EB:E0:AD:8E:CD
2026-05-13 10:53:05,777 [INFO]   Found: (unnamed)                       5E:F6:90:2B:22:7D
2026-05-13 10:53:05,777 [INFO]   Found: (unnamed)                       76:12:3F:01:FC:E1
2026-05-13 10:53:05,777 [INFO]   Found: (unnamed)                       69:B1:12:8B:5E:39
2026-05-13 10:53:05,777 [INFO]   Found: (unnamed)                       49:D1:6B:FE:85:15
2026-05-13 10:53:05,777 [INFO]   Found: (unnamed)                       74:83:40:EE:E7:3E
2026-05-13 10:53:05,777 [INFO]   Found: (unnamed)                       0F:BD:36:BB:60:85
2026-05-13 10:53:05,777 [INFO]   Found: (unnamed)                       6F:20:7D:70:E2:83
2026-05-13 10:53:05,777 [INFO]   Found: (unnamed)                       C0:2E:29:20:43:82
2026-05-13 10:53:05,777 [INFO]   Found: (unnamed)                       69:40:6A:D1:00:7A
2026-05-13 10:53:05,777 [INFO]   Found: (unnamed)                       F9:57:EA:B9:90:F4
2026-05-13 10:53:05,778 [INFO]   Found: (unnamed)                       FE:18:AB:F9:53:A7
2026-05-13 10:53:05,778 [INFO]   Found: (unnamed)                       C5:BD:33:18:31:7B
2026-05-13 10:53:05,778 [INFO]   Found: (unnamed)                       7D:34:21:50:DE:25
2026-05-13 10:53:05,778 [INFO]   Found: (unnamed)                       51:99:C4:4E:FF:1C
2026-05-13 10:53:05,778 [INFO]   Found: (unnamed)                       49:89:CA:2A:6C:62
2026-05-13 10:53:05,778 [INFO]   Found: (unnamed)                       13:5D:B3:82:9F:A3
2026-05-13 10:53:05,778 [INFO]   Found: (unnamed)                       FB:60:AC:2B:C6:71
2026-05-13 10:53:05,778 [INFO]   Found: (unnamed)                       C4:43:36:91:61:BA
2026-05-13 10:53:05,778 [INFO]   Found: (unnamed)                       15:2B:B6:B1:83:93
2026-05-13 10:53:05,778 [INFO]   Found: (unnamed)                       CC:58:63:82:CB:46
2026-05-13 10:53:05,778 [INFO]   Found: (unnamed)                       4E:6A:B7:1E:2B:77
2026-05-13 10:53:05,778 [INFO]   Found: (unnamed)                       EC:AE:E8:2D:B6:86
2026-05-13 10:53:05,778 [INFO]   Found: (unnamed)                       42:B3:DE:30:EA:F5
2026-05-13 10:53:05,778 [INFO]   Found: (unnamed)                       12:8A:40:35:EF:70
2026-05-13 10:53:05,778 [INFO]   Found: (unnamed)                       ED:80:17:AA:A8:66
2026-05-13 10:53:05,778 [INFO]   Found: (unnamed)                       C2:35:75:9C:C3:E1
2026-05-13 10:53:05,778 [INFO]   Found: (unnamed)                       4C:78:37:8A:02:4A
2026-05-13 10:53:05,778 [INFO]   Found: (unnamed)                       E7:A8:3B:AF:7F:BF
2026-05-13 10:53:05,779 [INFO]   Found: (unnamed)                       D1:C9:BF:B9:9A:8D
2026-05-13 10:53:05,779 [INFO]   Found: (unnamed)                       D2:C2:76:FB:8F:F5
2026-05-13 10:53:05,779 [INFO]   Found: (unnamed)                       44:FE:CF:B8:A2:55
2026-05-13 10:53:05,779 [INFO]   Found: (unnamed)                       7F:C1:2C:5F:97:BE
2026-05-13 10:53:05,779 [INFO]   Found: (unnamed)                       60:FE:DC:63:71:E4
2026-05-13 10:53:05,779 [INFO]   Found: (unnamed)                       F7:11:1A:A8:A3:0D
2026-05-13 10:53:05,779 [INFO]   Found: (unnamed)                       34:94:93:DF:43:13
2026-05-13 10:53:05,779 [INFO]   Found: (unnamed)                       E3:9D:0E:FC:15:7B
2026-05-13 10:53:05,779 [INFO]   Found: (unnamed)                       E9:FF:38:EA:B1:92
2026-05-13 10:53:05,779 [INFO]   Found: (unnamed)                       F6:E6:40:AB:FA:AB
2026-05-13 10:53:05,779 [INFO]   Found: (unnamed)                       21:35:51:54:57:99
2026-05-13 10:53:05,779 [INFO]   Found: (unnamed)                       64:2D:72:9A:70:6D
2026-05-13 10:53:05,779 [INFO]   Found: (unnamed)                       DD:24:4B:2A:3E:B7
2026-05-13 10:53:05,779 [INFO]   Found: (unnamed)                       CD:E7:A1:67:1F:17
2026-05-13 10:53:05,779 [INFO]   Found: (unnamed)                       3D:7A:EF:DA:7D:87
2026-05-13 10:53:05,779 [INFO]   Found: (unnamed)                       68:92:37:59:89:F9
2026-05-13 10:53:05,779 [INFO]   Found: (unnamed)                       54:D6:0D:37:5D:E9
2026-05-13 10:53:05,780 [INFO]   Found: (unnamed)                       57:EC:C1:AB:A7:66
2026-05-13 10:53:05,780 [INFO]   Found: (unnamed)                       5E:73:11:18:CC:A3
2026-05-13 10:53:05,780 [INFO]   Found: (unnamed)                       D9:D7:13:C0:6C:FB
2026-05-13 10:53:05,780 [INFO]   Found: (unnamed)                       EA:22:23:94:3D:5A
2026-05-13 10:53:05,780 [INFO]   Found: (unnamed)                       F4:E3:55:EC:7D:D1
2026-05-13 10:53:05,780 [INFO] ✨ 1 candidate(s) found
2026-05-13 10:53:05,781 [INFO] Connecting to 74:19:0A:14:70:C8...
2026-05-13 11:10:23,514 [INFO] 🔍 Scanning for BLE devices (10.0s)...
2026-05-13 11:10:33,792 [INFO]   Found: (unnamed)                       39:9D:F3:16:7F:03
2026-05-13 11:10:33,793 [INFO]   Found: (unnamed)                       66:79:E5:7D:B9:B4
2026-05-13 11:10:33,793 [INFO]   Found: (unnamed)                       76:EB:DC:C9:30:3B
2026-05-13 11:10:33,793 [INFO]   Found: (unnamed)                       4B:07:49:DB:03:5C
2026-05-13 11:10:33,793 [INFO]   Found: (unnamed)                       48:6A:05:16:06:D5
2026-05-13 11:10:33,793 [INFO]   Found: JBL WAVE FLEX-LE                C0:2E:29:20:43:82
2026-05-13 11:10:33,793 [INFO]   Found: (unnamed)                       46:53:BB:D6:44:64
2026-05-13 11:10:33,793 [INFO]   Found: (unnamed)                       52:61:A2:E2:65:9E
2026-05-13 11:10:33,793 [INFO]   Found: (unnamed)                       7A:37:1E:9E:F3:4C
2026-05-13 11:10:33,793 [INFO]   Found: (unnamed)                       EA:1C:59:54:E3:D0
2026-05-13 11:10:33,793 [INFO]   Found: (unnamed)                       6F:D1:12:20:24:A6
2026-05-13 11:10:33,793 [INFO]   Found: (unnamed)                       77:FF:32:40:C0:90
2026-05-13 11:10:33,793 [INFO]   Found: (unnamed)                       78:2E:59:78:3A:51
2026-05-13 11:10:33,793 [INFO]   Found: (unnamed)                       44:81:51:7F:D0:95
2026-05-13 11:10:33,793 [INFO]   Found: (unnamed)                       2D:E7:1C:C2:88:6B
2026-05-13 11:10:33,793 [INFO]   Found: (unnamed)                       41:8D:06:43:40:A2
2026-05-13 11:10:33,793 [INFO]   Found: (unnamed)                       75:C9:F9:65:02:CE
2026-05-13 11:10:33,793 [INFO]   Found: (unnamed)                       7A:01:45:39:B8:06
2026-05-13 11:10:33,793 [INFO]   Found: Galaxy Fit3 (70C8)              74:19:0A:14:70:C8
2026-05-13 11:10:33,794 [INFO]   Found: (unnamed)                       7D:E6:67:08:7B:4E
2026-05-13 11:10:33,794 [INFO]   Found: (unnamed)                       6B:3A:EE:4B:73:2B
2026-05-13 11:10:33,794 [INFO]   Found: (unnamed)                       FC:AD:8A:A4:B5:38
2026-05-13 11:10:33,794 [INFO]   Found: (unnamed)                       2D:19:17:B2:59:11
2026-05-13 11:10:33,794 [INFO]   Found: (unnamed)                       2D:C7:6D:CD:E1:92
2026-05-13 11:10:33,794 [INFO]   Found: (unnamed)                       53:5A:A4:35:03:2D
2026-05-13 11:10:33,794 [INFO]   Found: (unnamed)                       60:65:45:84:72:3A
2026-05-13 11:10:33,794 [INFO]   Found: (unnamed)                       7E:49:F8:F2:91:81
2026-05-13 11:10:33,794 [INFO]   Found: (unnamed)                       CA:68:BA:3C:9C:F9
2026-05-13 11:10:33,794 [INFO]   Found: (unnamed)                       49:B8:D0:C4:CA:E8
2026-05-13 11:10:33,794 [INFO]   Found: (unnamed)                       6A:93:F2:D2:F9:5D
2026-05-13 11:10:33,794 [INFO]   Found: (unnamed)                       61:83:0F:0B:BF:F0
2026-05-13 11:10:33,794 [INFO]   Found: (unnamed)                       46:78:11:8E:CB:D4
2026-05-13 11:10:33,794 [INFO]   Found: (unnamed)                       F4:ED:B7:AE:73:11
2026-05-13 11:10:33,794 [INFO]   Found: MARTINASUSROG                   51:63:0F:47:C2:E0
2026-05-13 11:10:33,794 [INFO]   Found: (unnamed)                       73:12:F3:60:8F:9B
2026-05-13 11:10:33,794 [INFO]   Found: (unnamed)                       56:05:04:FA:8E:0B
2026-05-13 11:10:33,794 [INFO]   Found: (unnamed)                       03:ED:7E:93:AB:89
2026-05-13 11:10:33,795 [INFO]   Found: (unnamed)                       29:16:D2:66:CD:CF
2026-05-13 11:10:33,795 [INFO]   Found: (unnamed)                       63:66:EE:AA:64:47
2026-05-13 11:10:33,795 [INFO]   Found: (unnamed)                       46:95:88:7B:85:8C
2026-05-13 11:10:33,795 [INFO]   Found: (unnamed)                       74:D5:90:3A:8B:01
2026-05-13 11:10:33,795 [INFO]   Found: (unnamed)                       6B:6D:85:6D:A1:47
2026-05-13 11:10:33,795 [INFO]   Found: (unnamed)                       42:1F:22:85:E4:A8
2026-05-13 11:10:33,795 [INFO]   Found: (unnamed)                       5F:36:29:09:B7:94
2026-05-13 11:10:33,795 [INFO]   Found: (unnamed)                       6D:9F:CE:1B:8E:10
2026-05-13 11:10:33,795 [INFO]   Found: (unnamed)                       62:FE:0B:A8:3D:75
2026-05-13 11:10:33,795 [INFO]   Found: (unnamed)                       0E:B1:0E:71:51:A5
2026-05-13 11:10:33,795 [INFO]   Found: (unnamed)                       6B:ED:20:C9:D5:6C
2026-05-13 11:10:33,795 [INFO]   Found: (unnamed)                       3D:78:5A:BF:07:B1
2026-05-13 11:10:33,795 [INFO]   Found: BC2689107                       54:D6:0D:37:44:45
2026-05-13 11:10:33,795 [INFO]   Found: (unnamed)                       5D:67:03:3B:3F:CB
2026-05-13 11:10:33,795 [INFO]   Found: (unnamed)                       70:85:4C:7A:11:D0
2026-05-13 11:10:33,795 [INFO]   Found: (unnamed)                       4E:43:65:9A:B9:67
2026-05-13 11:10:33,795 [INFO]   Found: (unnamed)                       28:CC:7E:FE:55:2F
2026-05-13 11:10:33,795 [INFO]   Found: (unnamed)                       1E:DF:9A:FA:63:82
2026-05-13 11:10:33,796 [INFO]   Found: (unnamed)                       0C:86:04:72:1C:BA
2026-05-13 11:10:33,796 [INFO]   Found: (unnamed)                       77:DA:86:2E:4B:36
2026-05-13 11:10:33,796 [INFO]   Found: (unnamed)                       4C:AC:1F:A3:8B:07
2026-05-13 11:10:33,796 [INFO]   Found: (unnamed)                       7F:79:2B:88:39:62
2026-05-13 11:10:33,796 [INFO]   Found: (unnamed)                       43:43:68:F7:3A:0E
2026-05-13 11:10:33,796 [INFO]   Found: (unnamed)                       7B:A7:ED:D7:04:A3
2026-05-13 11:10:33,796 [INFO]   Found: (unnamed)                       43:0D:66:97:9F:9E
2026-05-13 11:10:33,796 [INFO]   Found: (unnamed)                       7E:3A:0D:A0:62:96
2026-05-13 11:10:33,796 [INFO]   Found: (unnamed)                       4E:59:D7:55:32:E7
2026-05-13 11:10:33,796 [INFO]   Found: (unnamed)                       30:5E:97:95:A4:E2
2026-05-13 11:10:33,796 [INFO]   Found: (unnamed)                       57:A2:4A:D0:0F:2A
2026-05-13 11:10:33,796 [INFO]   Found: (unnamed)                       02:17:03:35:67:CE
2026-05-13 11:10:33,796 [INFO]   Found: (unnamed)                       6B:01:B2:79:86:44
2026-05-13 11:10:33,796 [INFO]   Found: (unnamed)                       66:1A:41:BA:99:E9
2026-05-13 11:10:33,796 [INFO]   Found: (unnamed)                       2C:71:7B:E2:A9:51
2026-05-13 11:10:33,796 [INFO]   Found: (unnamed)                       24:A7:14:A0:1B:BA
2026-05-13 11:10:33,796 [INFO]   Found: (unnamed)                       FA:60:E2:EC:06:43
2026-05-13 11:10:33,797 [INFO]   Found: (unnamed)                       4C:BE:89:D3:CE:7B
2026-05-13 11:10:33,797 [INFO]   Found: (unnamed)                       4B:DE:77:8F:93:85
2026-05-13 11:10:33,797 [INFO]   Found: (unnamed)                       70:59:36:9B:38:5D
2026-05-13 11:10:33,797 [INFO]   Found: (unnamed)                       79:3F:05:4F:C3:B1
2026-05-13 11:10:33,797 [INFO]   Found: (unnamed)                       27:BC:5F:29:22:08
2026-05-13 11:10:33,797 [INFO]   Found: (unnamed)                       E1:67:61:AA:7E:59
2026-05-13 11:10:33,797 [INFO]   Found: (unnamed)                       47:15:C3:6C:63:75
2026-05-13 11:10:33,797 [INFO]   Found: (unnamed)                       57:91:2A:A8:5F:29
2026-05-13 11:10:33,797 [INFO]   Found: (unnamed)                       4A:1F:F7:AA:96:D3
2026-05-13 11:10:33,797 [INFO]   Found: (unnamed)                       71:C9:5B:8F:4E:D9
2026-05-13 11:10:33,797 [INFO]   Found: (unnamed)                       71:44:91:07:26:D7
2026-05-13 11:10:33,797 [INFO]   Found: (unnamed)                       70:17:F6:05:DB:CC
2026-05-13 11:10:33,797 [INFO]   Found: (unnamed)                       58:9C:15:E5:E0:FF
2026-05-13 11:10:33,797 [INFO]   Found: (unnamed)                       55:E3:CF:F2:33:CD
2026-05-13 11:10:33,797 [INFO]   Found: (unnamed)                       7E:46:13:59:40:59
2026-05-13 11:10:33,797 [INFO]   Found: BC2689310                       54:D6:0D:37:70:7D
2026-05-13 11:10:33,797 [INFO]   Found: (unnamed)                       59:00:8F:D6:AE:55
2026-05-13 11:10:33,797 [INFO]   Found: (unnamed)                       31:B7:85:78:A6:66
2026-05-13 11:10:33,798 [INFO]   Found: (unnamed)                       64:50:A8:0B:70:9A
2026-05-13 11:10:33,798 [INFO]   Found: (unnamed)                       76:F5:01:BB:2E:70
2026-05-13 11:10:33,798 [INFO]   Found: J2501 9FD0                      CE:68:27:E4:9F:D0
2026-05-13 11:10:33,798 [INFO]     ↳ candidate: advertises 0000fff0-0000-1000-8000-00805f9b34fb
2026-05-13 11:10:33,798 [INFO]   Found: (unnamed)                       70:D8:ED:8A:2D:EE
2026-05-13 11:10:33,798 [INFO]   Found: (unnamed)                       51:81:F2:6C:EB:21
2026-05-13 11:10:33,798 [INFO]   Found: (unnamed)                       27:22:E2:45:E4:F9
2026-05-13 11:10:33,798 [INFO]   Found: (unnamed)                       44:3E:A0:86:93:20
2026-05-13 11:10:33,798 [INFO]   Found: (unnamed)                       56:15:B9:B0:5A:14
2026-05-13 11:10:33,798 [INFO]   Found: (unnamed)                       68:EF:1D:0E:89:AD
2026-05-13 11:10:33,798 [INFO]   Found: (unnamed)                       3F:21:18:EE:FF:63
2026-05-13 11:10:33,798 [INFO]   Found: (unnamed)                       6A:FA:2B:67:72:68
2026-05-13 11:10:33,798 [INFO]   Found: (unnamed)                       1E:4C:A9:E4:CA:7A
2026-05-13 11:10:33,798 [INFO]   Found: (unnamed)                       64:D3:F4:15:3D:9A
2026-05-13 11:10:33,798 [INFO]   Found: (unnamed)                       00:CF:E9:FC:1A:B8
2026-05-13 11:10:33,798 [INFO]   Found: (unnamed)                       7C:5C:95:54:3F:9A
2026-05-13 11:10:33,798 [INFO]   Found: (unnamed)                       5C:97:F3:8E:83:3D
2026-05-13 11:10:33,798 [INFO]   Found: (unnamed)                       4F:45:33:11:8A:6D
2026-05-13 11:10:33,799 [INFO]   Found: (unnamed)                       08:9E:F9:54:1A:42
2026-05-13 11:10:33,799 [INFO]   Found: (unnamed)                       41:3C:0F:CF:BE:3D
2026-05-13 11:10:33,799 [INFO]   Found: (unnamed)                       74:D1:14:CD:50:1F
2026-05-13 11:10:33,799 [INFO]   Found: (unnamed)                       7E:CF:DA:83:A0:1E
2026-05-13 11:10:33,799 [INFO]   Found: (unnamed)                       7E:1B:C0:98:3E:2C
2026-05-13 11:10:33,799 [INFO]   Found: (unnamed)                       66:08:57:42:17:42
2026-05-13 11:10:33,799 [INFO]   Found: (unnamed)                       05:A9:20:73:62:B7
2026-05-13 11:10:33,799 [INFO]   Found: (unnamed)                       78:14:79:80:DE:D8
2026-05-13 11:10:33,799 [INFO]   Found: (unnamed)                       73:67:C2:06:CC:3E
2026-05-13 11:10:33,799 [INFO]   Found: (unnamed)                       64:0D:52:05:EB:F0
2026-05-13 11:10:33,799 [INFO]   Found: (unnamed)                       6A:34:67:9B:35:35
2026-05-13 11:10:33,799 [INFO]   Found: (unnamed)                       6A:B6:41:76:54:D3
2026-05-13 11:10:33,799 [INFO]   Found: (unnamed)                       79:E1:A6:69:99:55
2026-05-13 11:10:33,799 [INFO]   Found: (unnamed)                       7F:06:D6:7F:27:79
2026-05-13 11:10:33,799 [INFO]   Found: CR-79583                        73:9E:0C:B7:85:86
2026-05-13 11:10:33,799 [INFO]   Found: (unnamed)                       D1:3C:3D:37:F6:3D
2026-05-13 11:10:33,799 [INFO]   Found: (unnamed)                       6A:33:72:4B:A7:AE
2026-05-13 11:10:33,799 [INFO]   Found: (unnamed)                       CC:A8:39:C0:6B:DE
2026-05-13 11:10:33,800 [INFO]   Found: (unnamed)                       49:A0:94:78:E4:C7
2026-05-13 11:10:33,800 [INFO]   Found: (unnamed)                       0A:10:FC:EF:B4:E6
2026-05-13 11:10:33,800 [INFO]   Found: (unnamed)                       48:C0:BB:D5:EB:A6
2026-05-13 11:10:33,800 [INFO]   Found: (unnamed)                       74:3D:38:22:A6:12
2026-05-13 11:10:33,800 [INFO]   Found: LE_WH-XB900N                    94:DB:56:5B:94:73
2026-05-13 11:10:33,800 [INFO]   Found: (unnamed)                       6D:A6:66:4D:07:DD
2026-05-13 11:10:33,800 [INFO]   Found: (unnamed)                       79:F7:EF:E2:DC:38
2026-05-13 11:10:33,800 [INFO]   Found: (unnamed)                       53:37:17:B1:FC:04
2026-05-13 11:10:33,800 [INFO]   Found: (unnamed)                       40:C3:C6:89:AF:22
2026-05-13 11:10:33,800 [INFO]   Found: (unnamed)                       58:A1:ED:AF:4D:48
2026-05-13 11:10:33,800 [INFO]   Found: (unnamed)                       25:19:21:67:A6:52
2026-05-13 11:10:33,800 [INFO]   Found: (unnamed)                       FF:41:48:69:8A:3A
2026-05-13 11:10:33,800 [INFO]   Found: CR-79647                        47:BE:53:5B:ED:22
2026-05-13 11:10:33,800 [INFO]   Found: (unnamed)                       5F:1C:F6:7C:90:9A
2026-05-13 11:10:33,800 [INFO]   Found: (unnamed)                       7B:E5:BA:66:25:3F
2026-05-13 11:10:33,800 [INFO]   Found: (unnamed)                       51:A5:AC:3B:D9:25
2026-05-13 11:10:33,800 [INFO]   Found: (unnamed)                       4A:4C:F1:51:F4:DF
2026-05-13 11:10:33,801 [INFO]   Found: (unnamed)                       66:00:82:5D:ED:27
2026-05-13 11:10:33,801 [INFO]   Found: (unnamed)                       76:06:66:99:53:C2
2026-05-13 11:10:33,801 [INFO]   Found: (unnamed)                       56:2C:6B:11:9E:21
2026-05-13 11:10:33,801 [INFO]   Found: (unnamed)                       7F:E4:00:B5:8D:72
2026-05-13 11:10:33,801 [INFO]   Found: (unnamed)                       66:D9:1B:DC:1E:FF
2026-05-13 11:10:33,801 [INFO]   Found: (unnamed)                       D8:07:0E:7B:B7:47
2026-05-13 11:10:33,801 [INFO]   Found: (unnamed)                       57:27:D6:D5:FC:70
2026-05-13 11:10:33,801 [INFO]   Found: (unnamed)                       C1:D6:B4:A0:7D:30
2026-05-13 11:10:33,801 [INFO]   Found: (unnamed)                       7E:94:F2:1C:28:22
2026-05-13 11:10:33,801 [INFO]   Found: (unnamed)                       5D:66:FD:AD:7E:15
2026-05-13 11:10:33,801 [INFO]   Found: (unnamed)                       05:F0:E1:01:8B:29
2026-05-13 11:10:33,801 [INFO]   Found: (unnamed)                       7F:39:6A:B6:88:F4
2026-05-13 11:10:33,801 [INFO]   Found: (unnamed)                       25:2A:9D:DE:6C:C1
2026-05-13 11:10:33,801 [INFO]   Found: (unnamed)                       F1:3D:D6:AE:99:24
2026-05-13 11:10:33,801 [INFO]   Found: (unnamed)                       26:78:E0:3E:3A:72
2026-05-13 11:10:33,801 [INFO]   Found: (unnamed)                       35:D4:C3:5D:DF:3D
2026-05-13 11:10:33,801 [INFO]   Found: (unnamed)                       52:02:97:01:84:FA
2026-05-13 11:10:33,802 [INFO]   Found: (unnamed)                       56:8A:51:9C:41:15
2026-05-13 11:10:33,802 [INFO]   Found: (unnamed)                       68:B7:3C:8F:48:34
2026-05-13 11:10:33,802 [INFO]   Found: (unnamed)                       75:F9:F4:A1:38:49
2026-05-13 11:10:33,802 [INFO]   Found: (unnamed)                       6B:35:F2:D0:FF:C8
2026-05-13 11:10:33,802 [INFO]   Found: (unnamed)                       79:C1:00:EB:C1:21
2026-05-13 11:10:33,802 [INFO]   Found: (unnamed)                       7F:9D:E3:25:4C:4A
2026-05-13 11:10:33,802 [INFO]   Found: (unnamed)                       26:60:0A:E5:19:46
2026-05-13 11:10:33,802 [INFO]   Found: (unnamed)                       1E:25:B6:F0:9B:50
2026-05-13 11:10:33,802 [INFO]   Found: (unnamed)                       4E:5C:3D:6F:5C:1A
2026-05-13 11:10:33,802 [INFO]   Found: (unnamed)                       79:51:80:EC:25:49
2026-05-13 11:10:33,802 [INFO]   Found: (unnamed)                       50:E5:32:0A:5E:3B
2026-05-13 11:10:33,802 [INFO]   Found: (unnamed)                       F8:1C:1E:AD:D4:BE
2026-05-13 11:10:33,802 [INFO]   Found: (unnamed)                       5C:80:AB:70:EA:B6
2026-05-13 11:10:33,802 [INFO]   Found: (unnamed)                       66:68:19:67:92:2F
2026-05-13 11:10:33,802 [INFO]   Found: (unnamed)                       6E:71:45:A8:EB:7E
2026-05-13 11:10:33,802 [INFO]   Found: (unnamed)                       4A:35:91:DB:6A:27
2026-05-13 11:10:33,802 [INFO]   Found: (unnamed)                       11:39:2C:E3:35:3E
2026-05-13 11:10:33,803 [INFO]   Found: 85" Crystal UHD                 28:E6:A9:1E:AA:A7
2026-05-13 11:10:33,803 [INFO]   Found: (unnamed)                       71:3C:5D:4A:16:14
2026-05-13 11:10:33,803 [INFO]   Found: (unnamed)                       5E:A4:71:AE:60:14
2026-05-13 11:10:33,803 [INFO]   Found: (unnamed)                       16:A7:6D:7F:6E:CA
2026-05-13 11:10:33,803 [INFO]   Found: (unnamed)                       D9:71:28:8C:44:1D
2026-05-13 11:10:33,803 [INFO]   Found: (unnamed)                       69:40:6A:D1:00:7A
2026-05-13 11:10:33,803 [INFO]   Found: (unnamed)                       32:FC:FE:D2:66:DC
2026-05-13 11:10:33,803 [INFO]   Found: (unnamed)                       31:79:15:C7:FC:69
2026-05-13 11:10:33,803 [INFO]   Found: (unnamed)                       CB:A6:79:E1:D1:08
2026-05-13 11:10:33,803 [INFO]   Found: (unnamed)                       63:E0:EF:29:CA:7D
2026-05-13 11:10:33,803 [INFO]   Found: (unnamed)                       5A:7A:9C:FD:3F:C2
2026-05-13 11:10:33,803 [INFO]   Found: (unnamed)                       40:4A:84:FF:25:7C
2026-05-13 11:10:33,803 [INFO]   Found: (unnamed)                       55:19:97:8A:36:DE
2026-05-13 11:10:33,803 [INFO]   Found: (unnamed)                       5E:26:5F:35:FB:93
2026-05-13 11:10:33,803 [INFO]   Found: (unnamed)                       DD:D8:E4:F5:43:E8
2026-05-13 11:10:33,803 [INFO]   Found: (unnamed)                       7E:5D:65:55:BB:83
2026-05-13 11:10:33,803 [INFO]   Found: (unnamed)                       46:E4:A6:3F:DE:B1
2026-05-13 11:10:33,804 [INFO]   Found: (unnamed)                       40:97:86:51:CA:B6
2026-05-13 11:10:33,804 [INFO]   Found: (unnamed)                       ED:51:C2:1C:1E:0B
2026-05-13 11:10:33,804 [INFO]   Found: (unnamed)                       12:E7:E6:9F:6A:77
2026-05-13 11:10:33,804 [INFO]   Found: (unnamed)                       49:E6:6F:35:72:D8
2026-05-13 11:10:33,804 [INFO]   Found: (unnamed)                       72:05:CB:0E:CB:01
2026-05-13 11:10:33,804 [INFO]   Found: (unnamed)                       79:3E:3A:97:17:FE
2026-05-13 11:10:33,804 [INFO]   Found: (unnamed)                       7D:B5:BB:97:39:64
2026-05-13 11:10:33,804 [INFO]   Found: (unnamed)                       60:69:43:8A:80:CA
2026-05-13 11:10:33,804 [INFO]   Found: (unnamed)                       53:D3:3C:E5:0F:1B
2026-05-13 11:10:33,804 [INFO]   Found: (unnamed)                       72:7F:84:A8:B7:68
2026-05-13 11:10:33,804 [INFO]   Found: (unnamed)                       5C:49:56:67:76:82
2026-05-13 11:10:33,804 [INFO]   Found: (unnamed)                       49:F9:C2:99:68:2A
2026-05-13 11:10:33,804 [INFO]   Found: (unnamed)                       5C:02:69:D0:E8:EA
2026-05-13 11:10:33,804 [INFO]   Found: (unnamed)                       FE:4A:2E:A7:1E:71
2026-05-13 11:10:33,804 [INFO]   Found: (unnamed)                       74:50:49:FC:4B:FB
2026-05-13 11:10:33,804 [INFO]   Found: (unnamed)                       66:94:4D:E5:B3:4D
2026-05-13 11:10:33,804 [INFO]   Found: (unnamed)                       44:9F:92:1F:A6:6A
2026-05-13 11:10:33,804 [INFO]   Found: (unnamed)                       1A:8F:4F:BB:6F:B6
2026-05-13 11:10:33,804 [INFO]   Found: (unnamed)                       41:9F:53:E3:B8:06
2026-05-13 11:10:33,805 [INFO]   Found: (unnamed)                       0B:FD:E7:4F:95:14
2026-05-13 11:10:33,805 [INFO]   Found: (unnamed)                       36:46:34:CD:E1:0E
2026-05-13 11:10:33,805 [INFO]   Found: BC2688993                       54:D6:0D:37:7F:5D
2026-05-13 11:10:33,805 [INFO]   Found: (unnamed)                       F4:4B:6F:B5:AB:38
2026-05-13 11:10:33,805 [INFO]   Found: (unnamed)                       C6:C9:9E:A0:95:53
2026-05-13 11:10:33,805 [INFO]   Found: (unnamed)                       54:D6:0D:37:5D:E9
2026-05-13 11:10:33,805 [INFO]   Found: (unnamed)                       5A:13:E1:F3:95:83
2026-05-13 11:10:33,805 [INFO]   Found: (unnamed)                       11:15:34:11:9E:0C
2026-05-13 11:10:33,805 [INFO]   Found: (unnamed)                       5C:06:A9:DF:88:44
2026-05-13 11:10:33,805 [INFO]   Found: (unnamed)                       1B:D8:F7:77:62:17
2026-05-13 11:10:33,805 [INFO]   Found: (unnamed)                       5F:D1:76:5B:AD:41
2026-05-13 11:10:33,805 [INFO]   Found: (unnamed)                       C5:75:F5:16:B2:20
2026-05-13 11:10:33,805 [INFO]   Found: (unnamed)                       43:3C:E9:3C:2E:D6
2026-05-13 11:10:33,805 [INFO]   Found: (unnamed)                       6C:F8:BE:7B:6D:38
2026-05-13 11:10:33,805 [INFO]   Found: (unnamed)                       5D:EE:92:10:FD:E2
2026-05-13 11:10:33,805 [INFO]   Found: (unnamed)                       5F:EF:6D:B3:13:7E
2026-05-13 11:10:33,805 [INFO]   Found: (unnamed)                       77:5A:4B:1D:48:FB
2026-05-13 11:10:33,805 [INFO]   Found: (unnamed)                       44:14:60:B6:6F:2C
2026-05-13 11:10:33,805 [INFO]   Found: (unnamed)                       E6:10:81:94:3A:E2
2026-05-13 11:10:33,805 [INFO]   Found: (unnamed)                       45:53:A6:31:83:DB
2026-05-13 11:10:33,805 [INFO]   Found: (unnamed)                       DF:66:B2:FC:22:73
2026-05-13 11:10:33,805 [INFO]   Found: (unnamed)                       C0:F8:53:24:E6:A2
2026-05-13 11:10:33,805 [INFO]   Found: (unnamed)                       5D:91:B4:91:FE:CE
2026-05-13 11:10:33,805 [INFO]   Found: (unnamed)                       2B:B1:7E:23:CC:03
2026-05-13 11:10:33,806 [INFO]   Found: (unnamed)                       5D:5B:D1:41:61:AB
2026-05-13 11:10:33,806 [INFO]   Found: (unnamed)                       60:22:0D:1B:EA:73
2026-05-13 11:10:33,806 [INFO]   Found: (unnamed)                       F4:C0:39:40:3E:D2
2026-05-13 11:10:33,806 [INFO]   Found: (unnamed)                       6D:D2:B1:AE:4A:48
2026-05-13 11:10:33,806 [INFO]   Found: (unnamed)                       79:32:6C:B1:0B:25
2026-05-13 11:10:33,806 [INFO]   Found: (unnamed)                       13:39:1B:AB:38:A3
2026-05-13 11:10:33,806 [INFO]   Found: (unnamed)                       40:CB:B4:B6:4E:01
2026-05-13 11:10:33,806 [INFO]   Found: (unnamed)                       72:7F:47:2C:F9:7B
2026-05-13 11:10:33,806 [INFO]   Found: (unnamed)                       6B:1B:8F:FA:57:37
2026-05-13 11:10:33,806 [INFO]   Found: (unnamed)                       40:83:C2:79:60:72
2026-05-13 11:10:33,806 [INFO]   Found: (unnamed)                       55:FD:D1:6D:8F:37
2026-05-13 11:10:33,806 [INFO]   Found: (unnamed)                       43:1E:F3:A0:7B:C3
2026-05-13 11:10:33,806 [INFO]   Found: (unnamed)                       54:6A:2D:CF:6C:C6
2026-05-13 11:10:33,806 [INFO]   Found: (unnamed)                       E2:96:CD:04:7F:16
2026-05-13 11:10:33,806 [INFO]   Found: (unnamed)                       47:03:3A:54:2E:61
2026-05-13 11:10:33,806 [INFO]   Found: (unnamed)                       D3:14:D9:6D:01:26
2026-05-13 11:10:33,806 [INFO]   Found: (unnamed)                       00:5E:D5:55:BB:09
2026-05-13 11:10:33,806 [INFO]   Found: (unnamed)                       46:DD:06:E9:6C:A5
2026-05-13 11:10:33,806 [INFO]   Found: (unnamed)                       47:BF:4E:BD:A3:5C
2026-05-13 11:10:33,806 [INFO]   Found: (unnamed)                       F9:43:1F:7E:C1:DE
2026-05-13 11:10:33,806 [INFO]   Found: (unnamed)                       6A:63:D7:38:53:88
2026-05-13 11:10:33,806 [INFO]   Found: (unnamed)                       50:13:AD:4D:69:FE
2026-05-13 11:10:33,806 [INFO]   Found: (unnamed)                       DC:12:72:BA:95:61
2026-05-13 11:10:33,806 [INFO]   Found: (unnamed)                       CD:30:53:CF:F1:45
2026-05-13 11:10:33,806 [INFO]   Found: (unnamed)                       F2:C8:DE:F9:23:69
2026-05-13 11:10:33,806 [INFO]   Found: (unnamed)                       53:9D:5A:48:DF:82
2026-05-13 11:10:33,806 [INFO]   Found: (unnamed)                       EC:1C:55:09:2B:D8
2026-05-13 11:10:33,806 [INFO]   Found: (unnamed)                       49:D0:CE:08:18:37
2026-05-13 11:10:33,807 [INFO]   Found: (unnamed)                       FF:79:DC:78:46:C5
2026-05-13 11:10:33,807 [INFO]   Found: (unnamed)                       F4:0B:D9:24:99:F4
2026-05-13 11:10:33,807 [INFO]   Found: (unnamed)                       6B:2C:F1:95:D7:99
2026-05-13 11:10:33,807 [INFO]   Found: (unnamed)                       5E:0F:D7:D6:B8:AC
2026-05-13 11:10:33,807 [INFO]   Found: (unnamed)                       56:43:CD:B4:25:86
2026-05-13 11:10:33,807 [INFO]   Found: (unnamed)                       E2:AC:1B:76:F0:3B
2026-05-13 11:10:33,807 [INFO]   Found: (unnamed)                       2D:E2:89:F1:36:89
2026-05-13 11:10:33,807 [INFO]   Found: (unnamed)                       00:C8:B8:BD:D4:87
2026-05-13 11:10:33,807 [INFO]   Found: (unnamed)                       75:9F:40:81:65:0A
2026-05-13 11:10:33,807 [INFO]   Found: (unnamed)                       5D:F1:5A:7B:E4:C8
2026-05-13 11:10:33,807 [INFO]   Found: (unnamed)                       44:51:FC:4D:94:7E
2026-05-13 11:10:33,807 [INFO]   Found: (unnamed)                       FC:03:58:72:A5:FA
2026-05-13 11:10:33,807 [INFO]   Found: (unnamed)                       58:51:BC:63:32:CD
2026-05-13 11:10:33,807 [INFO]   Found: (unnamed)                       73:18:CC:C7:D8:C5
2026-05-13 11:10:33,807 [INFO]   Found: (unnamed)                       44:D5:BC:B5:88:2F
2026-05-13 11:10:33,807 [INFO]   Found: (unnamed)                       2F:F8:3F:C5:E9:F8
2026-05-13 11:10:33,807 [INFO]   Found: (unnamed)                       5A:02:19:58:E4:14
2026-05-13 11:10:33,807 [INFO]   Found: (unnamed)                       CE:D3:F4:4D:F6:1B
2026-05-13 11:10:33,807 [INFO]   Found: (unnamed)                       E1:41:AC:29:53:9D
2026-05-13 11:10:33,807 [INFO]   Found: (unnamed)                       7E:DA:A8:73:D1:4C
2026-05-13 11:10:33,807 [INFO]   Found: (unnamed)                       D7:BF:BB:D5:7B:5B
2026-05-13 11:10:33,807 [INFO]   Found: (unnamed)                       46:60:A7:49:5F:BB
2026-05-13 11:10:33,807 [INFO]   Found: (unnamed)                       78:12:3B:DB:7F:EA
2026-05-13 11:10:33,807 [INFO]   Found: (unnamed)                       43:57:D3:2B:64:A0
2026-05-13 11:10:33,807 [INFO]   Found: (unnamed)                       D4:9B:8A:D8:5B:39
2026-05-13 11:10:33,808 [INFO]   Found: (unnamed)                       52:69:FD:09:FC:B7
2026-05-13 11:10:33,808 [INFO]   Found: (unnamed)                       76:01:0D:44:77:76
2026-05-13 11:10:33,808 [INFO]   Found: (unnamed)                       30:BB:72:42:20:63
2026-05-13 11:10:33,808 [INFO]   Found: (unnamed)                       DC:86:A9:A5:AF:EA
2026-05-13 11:10:33,808 [INFO]   Found: (unnamed)                       64:F5:C2:4E:A1:BB
2026-05-13 11:10:33,808 [INFO]   Found: (unnamed)                       45:00:0C:43:33:DC
2026-05-13 11:10:33,808 [INFO]   Found: (unnamed)                       FD:4C:4B:3D:65:34
2026-05-13 11:10:33,808 [INFO]   Found: (unnamed)                       DA:2F:88:01:A8:86
2026-05-13 11:10:33,808 [INFO]   Found: (unnamed)                       E5:6E:A3:DA:33:16
2026-05-13 11:10:33,808 [INFO]   Found: (unnamed)                       48:D6:87:CB:AC:BE
2026-05-13 11:10:33,808 [INFO]   Found: (unnamed)                       64:69:7A:5A:75:0F
2026-05-13 11:10:33,808 [INFO]   Found: (unnamed)                       C0:FA:48:BB:37:27
2026-05-13 11:10:33,808 [INFO]   Found: (unnamed)                       76:FA:15:C3:AF:80
2026-05-13 11:10:33,808 [INFO]   Found: (unnamed)                       A4:C1:35:99:69:D6
2026-05-13 11:10:33,808 [INFO]   Found: (unnamed)                       35:7F:55:F5:5B:3B
2026-05-13 11:10:33,808 [INFO]   Found: (unnamed)                       F7:D0:4A:1A:6F:ED
2026-05-13 11:10:33,808 [INFO]   Found: (unnamed)                       CC:FC:21:D6:EF:D6
2026-05-13 11:10:33,808 [INFO]   Found: (unnamed)                       53:33:0C:01:72:D1
2026-05-13 11:10:33,808 [INFO]   Found: (unnamed)                       4C:78:37:8A:02:4A
2026-05-13 11:10:33,808 [INFO]   Found: Cubitt VIVA Pro                 F4:4E:FD:A3:7E:EB
2026-05-13 11:10:33,808 [INFO]   Found: (unnamed)                       44:43:BE:01:98:D5
2026-05-13 11:10:33,808 [INFO]   Found: (unnamed)                       74:26:B2:47:45:CC
2026-05-13 11:10:33,808 [INFO]   Found: (unnamed)                       70:85:DC:C6:05:50
2026-05-13 11:10:33,808 [INFO]   Found: (unnamed)                       7A:67:F7:53:8F:70
2026-05-13 11:10:33,808 [INFO]   Found: (unnamed)                       D7:CB:75:BD:45:E2
2026-05-13 11:10:33,808 [INFO]   Found: (unnamed)                       08:DF:BA:C4:69:5E
2026-05-13 11:10:33,809 [INFO]   Found: Redmi Watch 5 Active E8D8       E8:E6:09:5E:E8:D8
2026-05-13 11:10:33,809 [INFO]   Found: (unnamed)                       55:93:AC:A7:5B:A2
2026-05-13 11:10:33,809 [INFO]   Found: (unnamed)                       F4:C3:DB:67:87:88
2026-05-13 11:10:33,809 [INFO]   Found: (unnamed)                       EE:D1:62:26:8A:3A
2026-05-13 11:10:33,809 [INFO]   Found: (unnamed)                       72:EF:55:A7:EE:12
2026-05-13 11:10:33,809 [INFO]   Found: (unnamed)                       F1:2B:1C:E0:50:4A
2026-05-13 11:10:33,809 [INFO]   Found: (unnamed)                       75:D6:33:F2:3F:0F
2026-05-13 11:10:33,809 [INFO]   Found: (unnamed)                       C3:1E:8E:3C:1A:4D
2026-05-13 11:10:33,809 [INFO]   Found: (unnamed)                       FC:B9:9E:D0:F4:A7
2026-05-13 11:10:33,809 [INFO]   Found: (unnamed)                       07:77:CF:03:2C:EA
2026-05-13 11:10:33,809 [INFO]   Found: (unnamed)                       DE:89:32:96:AD:FF
2026-05-13 11:10:33,809 [INFO]   Found: (unnamed)                       DA:0D:4B:E0:17:39
2026-05-13 11:10:33,809 [INFO]   Found: (unnamed)                       37:8D:53:DD:EF:CF
2026-05-13 11:10:33,809 [INFO]   Found: (unnamed)                       EF:F9:C2:AC:F2:1C
2026-05-13 11:10:33,809 [INFO]   Found: (unnamed)                       FC:05:94:53:28:B6
2026-05-13 11:10:33,809 [INFO]   Found: (unnamed)                       C2:23:95:22:38:6D
2026-05-13 11:10:33,809 [INFO]   Found: (unnamed)                       6A:84:23:0A:39:DC
2026-05-13 11:10:33,809 [INFO]   Found: (unnamed)                       49:11:5E:0E:A6:9B
2026-05-13 11:10:33,809 [INFO]   Found: (unnamed)                       73:A2:0E:22:96:C5
2026-05-13 11:10:33,809 [INFO]   Found: (unnamed)                       67:C7:51:29:FA:D2
2026-05-13 11:10:33,809 [INFO]   Found: (unnamed)                       71:E9:66:EC:0C:6B
2026-05-13 11:10:33,809 [INFO]   Found: (unnamed)                       EA:A7:8F:69:47:51
2026-05-13 11:10:33,809 [INFO]   Found: (unnamed)                       EE:D3:4E:30:82:8A
2026-05-13 11:10:33,809 [INFO]   Found: (unnamed)                       60:A6:B5:D5:95:B9
2026-05-13 11:10:33,809 [INFO]   Found: (unnamed)                       7E:E0:F2:46:08:BC
2026-05-13 11:10:33,809 [INFO]   Found: (unnamed)                       77:87:84:DC:E1:C1
2026-05-13 11:10:33,809 [INFO]   Found: (unnamed)                       FF:5B:F8:01:D3:B7
2026-05-13 11:10:33,809 [INFO]   Found: (unnamed)                       5F:D7:2F:37:11:46
2026-05-13 11:10:33,809 [INFO]   Found: (unnamed)                       51:E8:DD:D4:20:AF
2026-05-13 11:10:33,810 [INFO]   Found: (unnamed)                       04:C3:2B:30:0A:BE
2026-05-13 11:10:33,810 [INFO]   Found: (unnamed)                       2F:63:DD:20:0A:12
2026-05-13 11:10:33,810 [INFO]   Found: (unnamed)                       0C:DF:60:42:99:B0
2026-05-13 11:10:33,810 [INFO]   Found: (unnamed)                       CF:DB:0E:CD:24:65
2026-05-13 11:10:33,810 [INFO]   Found: (unnamed)                       6B:5A:6F:51:AF:2D
2026-05-13 11:10:33,810 [INFO]   Found: (unnamed)                       64:69:0F:4D:23:27
2026-05-13 11:10:33,810 [INFO]   Found: (unnamed)                       D3:06:6F:17:B0:31
2026-05-13 11:10:33,810 [INFO]   Found: (unnamed)                       E9:56:61:B4:76:D1
2026-05-13 11:10:33,810 [INFO]   Found: (unnamed)                       59:A7:98:1B:D0:DA
2026-05-13 11:10:33,810 [INFO]   Found: (unnamed)                       6A:D0:CD:39:61:43
2026-05-13 11:10:33,810 [INFO]   Found: (unnamed)                       4A:1C:3C:59:90:34
2026-05-13 11:10:33,810 [INFO]   Found: (unnamed)                       6E:4E:24:00:D8:B1
2026-05-13 11:10:33,810 [INFO]   Found: (unnamed)                       E1:70:63:98:54:04
2026-05-13 11:10:33,810 [INFO]   Found: (unnamed)                       02:02:43:54:6C:D6
2026-05-13 11:10:33,810 [INFO]   Found: (unnamed)                       D5:25:84:92:C2:AB
2026-05-13 11:10:33,810 [INFO]   Found: (unnamed)                       47:59:18:06:54:9F
2026-05-13 11:10:33,810 [INFO]   Found: (unnamed)                       DC:DC:47:C3:2F:4A
2026-05-13 11:10:33,810 [INFO]   Found: (unnamed)                       48:A7:B5:57:82:0E
2026-05-13 11:10:33,810 [INFO]   Found: (unnamed)                       57:EC:A8:AB:FD:C4
2026-05-13 11:10:33,810 [INFO]   Found: (unnamed)                       15:81:C2:AD:42:14
2026-05-13 11:10:33,810 [INFO]   Found: (unnamed)                       68:20:4D:A7:25:3E
2026-05-13 11:10:33,810 [INFO]   Found: (unnamed)                       E5:77:86:76:F2:86
2026-05-13 11:10:33,810 [INFO]   Found: (unnamed)                       46:7B:E8:0B:F7:75
2026-05-13 11:10:33,810 [INFO]   Found: (unnamed)                       41:EE:7D:F7:F7:75
2026-05-13 11:10:33,810 [INFO]   Found: (unnamed)                       D7:68:AF:31:28:2F
2026-05-13 11:10:33,810 [INFO]   Found: (unnamed)                       48:CE:31:5B:14:8C
2026-05-13 11:10:33,811 [INFO]   Found: (unnamed)                       1D:01:94:D6:06:19
2026-05-13 11:10:33,811 [INFO]   Found: (unnamed)                       76:6F:33:CE:0B:CE
2026-05-13 11:10:33,811 [INFO]   Found: (unnamed)                       E1:F7:FC:AB:20:C1
2026-05-13 11:10:33,811 [INFO]   Found: (unnamed)                       E9:62:72:39:C7:8F
2026-05-13 11:10:33,811 [INFO]   Found: (unnamed)                       30:3D:A3:06:8D:E0
2026-05-13 11:10:33,811 [INFO]   Found: (unnamed)                       42:04:B4:1D:1D:1C
2026-05-13 11:10:33,811 [INFO]   Found: (unnamed)                       D4:CC:1F:2E:4B:12
2026-05-13 11:10:33,811 [INFO]   Found: (unnamed)                       C1:3F:27:88:23:7F
2026-05-13 11:10:33,811 [INFO]   Found: (unnamed)                       40:1E:1C:1E:60:70
2026-05-13 11:10:33,811 [INFO]   Found: (unnamed)                       70:F1:84:B1:A8:D5
2026-05-13 11:10:33,811 [INFO]   Found: (unnamed)                       EA:83:38:BA:BD:06
2026-05-13 11:10:33,811 [INFO] ✨ 1 candidate(s) found
2026-05-13 11:11:40,115 [INFO] Connecting to 74:19:0A:14:70:C8...
2026-05-13 11:11:57,125 [INFO] 🔍 Scanning for BLE devices (10.0s)...
2026-05-13 11:12:07,388 [INFO]   Found: (unnamed)                       6A:34:67:9B:35:35
2026-05-13 11:12:07,388 [INFO]   Found: (unnamed)                       79:E1:A6:69:99:55
2026-05-13 11:12:07,388 [INFO]   Found: (unnamed)                       2B:B1:7E:23:CC:03
2026-05-13 11:12:07,388 [INFO]   Found: (unnamed)                       61:6F:72:A5:E1:D7
2026-05-13 11:12:07,388 [INFO]   Found: (unnamed)                       68:B7:3C:8F:48:34
2026-05-13 11:12:07,388 [INFO]   Found: (unnamed)                       4E:43:65:9A:B9:67
2026-05-13 11:12:07,388 [INFO]   Found: (unnamed)                       6A:E9:8D:9C:84:85
2026-05-13 11:12:07,388 [INFO]   Found: (unnamed)                       4A:4C:F1:51:F4:DF
2026-05-13 11:12:07,388 [INFO]   Found: (unnamed)                       52:61:A2:E2:65:9E
2026-05-13 11:12:07,388 [INFO]   Found: (unnamed)                       70:17:F6:05:DB:CC
2026-05-13 11:12:07,388 [INFO]   Found: (unnamed)                       FC:05:94:53:28:B6
2026-05-13 11:12:07,388 [INFO]   Found: (unnamed)                       2D:E7:1C:C2:88:6B
2026-05-13 11:12:07,388 [INFO]   Found: CR-79647                        47:BE:53:5B:ED:22
2026-05-13 11:12:07,388 [INFO]   Found: (unnamed)                       32:FC:FE:D2:66:DC
2026-05-13 11:12:07,389 [INFO]   Found: (unnamed)                       72:05:CB:0E:CB:01
2026-05-13 11:12:07,389 [INFO]   Found: (unnamed)                       6B:01:B2:79:86:44
2026-05-13 11:12:07,389 [INFO]   Found: (unnamed)                       71:44:91:07:26:D7
2026-05-13 11:12:07,389 [INFO]   Found: (unnamed)                       5E:26:5F:35:FB:93
2026-05-13 11:12:07,389 [INFO]   Found: (unnamed)                       5A:A6:70:90:24:4E
2026-05-13 11:12:07,389 [INFO]   Found: (unnamed)                       6D:9F:CE:1B:8E:10
2026-05-13 11:12:07,389 [INFO]   Found: (unnamed)                       24:A7:14:A0:1B:BA
2026-05-13 11:12:07,389 [INFO]   Found: (unnamed)                       53:5A:A4:35:03:2D
2026-05-13 11:12:07,389 [INFO]   Found: (unnamed)                       26:60:0A:E5:19:46
2026-05-13 11:12:07,389 [INFO]   Found: (unnamed)                       0A:10:FC:EF:B4:E6
2026-05-13 11:12:07,389 [INFO]   Found: (unnamed)                       6B:2C:F1:95:D7:99
2026-05-13 11:12:07,389 [INFO]   Found: (unnamed)                       7D:E6:67:08:7B:4E
2026-05-13 11:12:07,389 [INFO]   Found: (unnamed)                       4E:8A:A1:89:E2:9E
2026-05-13 11:12:07,389 [INFO]   Found: (unnamed)                       56:43:CD:B4:25:86
2026-05-13 11:12:07,389 [INFO]   Found: (unnamed)                       2D:E2:89:F1:36:89
2026-05-13 11:12:07,389 [INFO]   Found: (unnamed)                       1E:DF:9A:FA:63:82
2026-05-13 11:12:07,389 [INFO]   Found: (unnamed)                       4A:35:91:DB:6A:27
2026-05-13 11:12:07,389 [INFO]   Found: (unnamed)                       00:5E:D5:55:BB:09
2026-05-13 11:12:07,389 [INFO]   Found: (unnamed)                       66:68:19:67:92:2F
2026-05-13 11:12:07,390 [INFO]   Found: (unnamed)                       69:75:73:28:BE:0C
2026-05-13 11:12:07,390 [INFO]   Found: (unnamed)                       53:37:17:B1:FC:04
2026-05-13 11:12:07,390 [INFO]   Found: (unnamed)                       50:E5:32:0A:5E:3B
2026-05-13 11:12:07,390 [INFO]   Found: (unnamed)                       07:83:B8:CB:A0:B2
2026-05-13 11:12:07,390 [INFO]   Found: (unnamed)                       27:22:E2:45:E4:F9
2026-05-13 11:12:07,390 [INFO]   Found: (unnamed)                       48:C0:BB:D5:EB:A6
2026-05-13 11:12:07,390 [INFO]   Found: (unnamed)                       4B:07:49:DB:03:5C
2026-05-13 11:12:07,390 [INFO]   Found: (unnamed)                       7E:94:F2:1C:28:22
2026-05-13 11:12:07,390 [INFO]   Found: (unnamed)                       31:B7:85:78:A6:66
2026-05-13 11:12:07,390 [INFO]   Found: (unnamed)                       E2:AC:1B:76:F0:3B
2026-05-13 11:12:07,390 [INFO]   Found: (unnamed)                       7B:A7:ED:D7:04:A3
2026-05-13 11:12:07,390 [INFO]   Found: (unnamed)                       28:E1:06:F4:10:39
2026-05-13 11:12:07,390 [INFO]   Found: (unnamed)                       CF:10:C6:FB:2B:D6
2026-05-13 11:12:07,390 [INFO]   Found: (unnamed)                       7A:37:1E:9E:F3:4C
2026-05-13 11:12:07,390 [INFO]   Found: (unnamed)                       74:D1:14:CD:50:1F
2026-05-13 11:12:07,390 [INFO]   Found: (unnamed)                       47:BF:4E:BD:A3:5C
2026-05-13 11:12:07,390 [INFO]   Found: (unnamed)                       75:F9:F4:A1:38:49
2026-05-13 11:12:07,390 [INFO]   Found: (unnamed)                       44:43:BE:01:98:D5
2026-05-13 11:12:07,390 [INFO]   Found: (unnamed)                       79:3F:05:4F:C3:B1
2026-05-13 11:12:07,391 [INFO]   Found: (unnamed)                       44:14:60:B6:6F:2C
2026-05-13 11:12:07,391 [INFO]   Found: (unnamed)                       36:46:34:CD:E1:0E
2026-05-13 11:12:07,391 [INFO]   Found: (unnamed)                       30:5E:97:95:A4:E2
2026-05-13 11:12:07,391 [INFO]   Found: (unnamed)                       5E:F6:90:2B:22:7D
2026-05-13 11:12:07,391 [INFO]   Found: (unnamed)                       7F:E4:00:B5:8D:72
2026-05-13 11:12:07,391 [INFO]   Found: (unnamed)                       46:95:88:7B:85:8C
2026-05-13 11:12:07,391 [INFO]   Found: (unnamed)                       7E:5D:65:55:BB:83
2026-05-13 11:12:07,391 [INFO]   Found: (unnamed)                       55:E3:CF:F2:33:CD
2026-05-13 11:12:07,391 [INFO]   Found: (unnamed)                       72:EF:55:A7:EE:12
2026-05-13 11:12:07,391 [INFO]   Found: (unnamed)                       7A:01:45:39:B8:06
2026-05-13 11:12:07,391 [INFO]   Found: (unnamed)                       78:14:79:80:DE:D8
2026-05-13 11:12:07,391 [INFO]   Found: (unnamed)                       00:CF:E9:FC:1A:B8
2026-05-13 11:12:07,391 [INFO]   Found: (unnamed)                       24:52:5C:D2:29:D1
2026-05-13 11:12:07,391 [INFO]   Found: J2501 AF55                      E0:82:91:3C:AF:55
2026-05-13 11:12:07,391 [INFO]     ↳ candidate: advertises 0000fff0-0000-1000-8000-00805f9b34fb
2026-05-13 11:12:07,391 [INFO]   Found: (unnamed)                       7C:5C:95:54:3F:9A
2026-05-13 11:12:07,391 [INFO]   Found: (unnamed)                       68:EF:1D:0E:89:AD
2026-05-13 11:12:07,391 [INFO]   Found: (unnamed)                       40:97:86:51:CA:B6
2026-05-13 11:12:07,391 [INFO]   Found: (unnamed)                       47:15:C3:6C:63:75
2026-05-13 11:12:07,391 [INFO]   Found: BC2688871                       54:D6:0D:37:5D:E9
2026-05-13 11:12:07,391 [INFO]   Found: (unnamed)                       44:3E:A0:86:93:20
2026-05-13 11:12:07,391 [INFO]   Found: (unnamed)                       26:78:E0:3E:3A:72
2026-05-13 11:12:07,391 [INFO]   Found: (unnamed)                       6B:ED:20:C9:D5:6C
2026-05-13 11:12:07,391 [INFO]   Found: (unnamed)                       44:E5:A5:E2:CF:6B
2026-05-13 11:12:07,392 [INFO]   Found: (unnamed)                       54:60:2D:81:F1:DD
2026-05-13 11:12:07,392 [INFO]   Found: (unnamed)                       C8:4A:E8:8B:E7:DA
2026-05-13 11:12:07,392 [INFO]   Found: (unnamed)                       79:F7:EF:E2:DC:38
2026-05-13 11:12:07,392 [INFO]   Found: (unnamed)                       29:16:D2:66:CD:CF
2026-05-13 11:12:07,392 [INFO]   Found: (unnamed)                       4A:1F:F7:AA:96:D3
2026-05-13 11:12:07,392 [INFO]   Found: (unnamed)                       DA:4D:84:9D:66:ED
2026-05-13 11:12:07,392 [INFO]   Found: (unnamed)                       68:20:4D:A7:25:3E
2026-05-13 11:12:07,392 [INFO]   Found: (unnamed)                       51:BF:C7:B6:3E:1F
2026-05-13 11:12:07,392 [INFO]   Found: (unnamed)                       4C:AC:1F:A3:8B:07
2026-05-13 11:12:07,392 [INFO]   Found: (unnamed)                       6C:59:E7:ED:EE:12
2026-05-13 11:12:07,392 [INFO]   Found: (unnamed)                       4C:78:37:8A:02:4A
2026-05-13 11:12:07,392 [INFO]   Found: (unnamed)                       63:66:EE:AA:64:47
2026-05-13 11:12:07,392 [INFO]   Found: (unnamed)                       00:C8:B8:BD:D4:87
2026-05-13 11:12:07,392 [INFO]   Found: MARTINASUSROG                   51:63:0F:47:C2:E0
2026-05-13 11:12:07,392 [INFO]   Found: (unnamed)                       0E:B1:0E:71:51:A5
2026-05-13 11:12:07,392 [INFO]   Found: (unnamed)                       2D:C7:6D:CD:E1:92
2026-05-13 11:12:07,392 [INFO]   Found: (unnamed)                       03:ED:7E:93:AB:89
2026-05-13 11:12:07,392 [INFO]   Found: (unnamed)                       5C:06:A9:DF:88:44
2026-05-13 11:12:07,392 [INFO]   Found: (unnamed)                       49:A0:94:78:E4:C7
2026-05-13 11:12:07,392 [INFO]   Found: (unnamed)                       74:50:49:FC:4B:FB
2026-05-13 11:12:07,392 [INFO]   Found: (unnamed)                       39:9D:F3:16:7F:03
2026-05-13 11:12:07,392 [INFO]   Found: (unnamed)                       52:69:FD:09:FC:B7
2026-05-13 11:12:07,392 [INFO]   Found: (unnamed)                       6B:3A:EE:4B:73:2B
2026-05-13 11:12:07,392 [INFO]   Found: (unnamed)                       28:CC:7E:FE:55:2F
2026-05-13 11:12:07,392 [INFO]   Found: (unnamed)                       46:E4:A6:3F:DE:B1
2026-05-13 11:12:07,392 [INFO]   Found: (unnamed)                       7E:49:F8:F2:91:81
2026-05-13 11:12:07,392 [INFO]   Found: (unnamed)                       64:D3:F4:15:3D:9A
2026-05-13 11:12:07,393 [INFO]   Found: (unnamed)                       5A:13:E1:F3:95:83
2026-05-13 11:12:07,393 [INFO]   Found: (unnamed)                       70:85:4C:7A:11:D0
2026-05-13 11:12:07,393 [INFO]   Found: (unnamed)                       49:B8:D0:C4:CA:E8
2026-05-13 11:12:07,393 [INFO]   Found: (unnamed)                       5F:EF:6D:B3:13:7E
2026-05-13 11:12:07,393 [INFO]   Found: (unnamed)                       6B:35:F2:D0:FF:C8
2026-05-13 11:12:07,393 [INFO]   Found: (unnamed)                       D9:71:28:8C:44:1D
2026-05-13 11:12:07,393 [INFO]   Found: (unnamed)                       57:91:2A:A8:5F:29
2026-05-13 11:12:07,393 [INFO]   Found: (unnamed)                       79:C1:00:EB:C1:21
2026-05-13 11:12:07,393 [INFO]   Found: (unnamed)                       42:1F:22:85:E4:A8
2026-05-13 11:12:07,393 [INFO]   Found: (unnamed)                       63:E0:EF:29:CA:7D
2026-05-13 11:12:07,393 [INFO]   Found: (unnamed)                       60:45:74:4C:45:C8
2026-05-13 11:12:07,393 [INFO]   Found: (unnamed)                       48:CE:31:5B:14:8C
2026-05-13 11:12:07,393 [INFO]   Found: (unnamed)                       40:83:C2:79:60:72
2026-05-13 11:12:07,393 [INFO]   Found: (unnamed)                       55:19:97:8A:36:DE
2026-05-13 11:12:07,393 [INFO]   Found: (unnamed)                       EC:1C:55:09:2B:D8
2026-05-13 11:12:07,393 [INFO]   Found: (unnamed)                       77:87:84:DC:E1:C1
2026-05-13 11:12:07,393 [INFO]   Found: (unnamed)                       6D:A6:66:4D:07:DD
2026-05-13 11:12:07,393 [INFO]   Found: (unnamed)                       37:0D:7C:BF:AF:BC
2026-05-13 11:12:07,393 [INFO]   Found: (unnamed)                       43:57:D3:2B:64:A0
2026-05-13 11:12:07,393 [INFO]   Found: (unnamed)                       48:0D:E5:A4:67:4C
2026-05-13 11:12:07,393 [INFO]   Found: (unnamed)                       C7:69:D9:92:8E:11
2026-05-13 11:12:07,393 [INFO]   Found: (unnamed)                       49:1D:E1:D8:21:30
2026-05-13 11:12:07,393 [INFO]   Found: (unnamed)                       59:34:64:50:8E:F0
2026-05-13 11:12:07,393 [INFO]   Found: (unnamed)                       52:02:97:01:84:FA
2026-05-13 11:12:07,393 [INFO]   Found: (unnamed)                       76:FA:15:C3:AF:80
2026-05-13 11:12:07,393 [INFO]   Found: Galaxy Fit3 (70C8)              74:19:0A:14:70:C8
2026-05-13 11:12:07,393 [INFO]   Found: (unnamed)                       32:4C:0D:B2:C5:10
2026-05-13 11:12:07,393 [INFO]   Found: (unnamed)                       05:A9:20:73:62:B7
2026-05-13 11:12:07,394 [INFO]   Found: (unnamed)                       5D:91:B4:91:FE:CE
2026-05-13 11:12:07,394 [INFO]   Found: (unnamed)                       48:6A:05:16:06:D5
2026-05-13 11:12:07,394 [INFO]   Found: (unnamed)                       5D:67:03:3B:3F:CB
2026-05-13 11:12:07,394 [INFO]   Found: (unnamed)                       7F:39:6A:B6:88:F4
2026-05-13 11:12:07,394 [INFO]   Found: (unnamed)                       6D:D2:B1:AE:4A:48
2026-05-13 11:12:07,394 [INFO]   Found: (unnamed)                       4B:DE:77:8F:93:85
2026-05-13 11:12:07,394 [INFO]   Found: (unnamed)                       31:79:15:C7:FC:69
2026-05-13 11:12:07,394 [INFO]   Found: (unnamed)                       5C:D1:52:E3:4A:E0
2026-05-13 11:12:07,394 [INFO]   Found: (unnamed)                       35:7F:55:F5:5B:3B
2026-05-13 11:12:07,394 [INFO]   Found: (unnamed)                       47:03:3A:54:2E:61
2026-05-13 11:12:07,394 [INFO]   Found: (unnamed)                       FA:60:E2:EC:06:43
2026-05-13 11:12:07,394 [INFO]   Found: (unnamed)                       77:FF:32:40:C0:90
2026-05-13 11:12:07,394 [INFO]   Found: (unnamed)                       4E:5C:3D:6F:5C:1A
2026-05-13 11:12:07,394 [INFO]   Found: (unnamed)                       44:81:51:7F:D0:95
2026-05-13 11:12:07,394 [INFO]   Found: (unnamed)                       73:0D:A6:73:6A:90
2026-05-13 11:12:07,394 [INFO]   Found: (unnamed)                       53:33:0C:01:72:D1
2026-05-13 11:12:07,394 [INFO]   Found: (unnamed)                       5F:1C:F6:7C:90:9A
2026-05-13 11:12:07,394 [INFO]   Found: (unnamed)                       76:06:66:99:53:C2
2026-05-13 11:12:07,394 [INFO]   Found: (unnamed)                       40:9C:68:44:D6:BA
2026-05-13 11:12:07,394 [INFO]   Found: (unnamed)                       7E:46:13:59:40:59
2026-05-13 11:12:07,394 [INFO]   Found: (unnamed)                       05:F0:E1:01:8B:29
2026-05-13 11:12:07,394 [INFO]   Found: (unnamed)                       5A:7A:9C:FD:3F:C2
2026-05-13 11:12:07,394 [INFO]   Found: (unnamed)                       5C:80:AB:70:EA:B6
2026-05-13 11:12:07,394 [INFO]   Found: BC2689310                       54:D6:0D:37:70:7D
2026-05-13 11:12:07,394 [INFO]   Found: (unnamed)                       16:A7:6D:7F:6E:CA
2026-05-13 11:12:07,394 [INFO]   Found: (unnamed)                       60:22:0D:1B:EA:73
2026-05-13 11:12:07,394 [INFO]   Found: (unnamed)                       71:3C:5D:4A:16:14
2026-05-13 11:12:07,394 [INFO]   Found: (unnamed)                       77:DA:86:2E:4B:36
2026-05-13 11:12:07,394 [INFO]   Found: (unnamed)                       61:83:0F:0B:BF:F0
2026-05-13 11:12:07,395 [INFO]   Found: (unnamed)                       41:9F:53:E3:B8:06
2026-05-13 11:12:07,395 [INFO]   Found: (unnamed)                       57:A2:4A:D0:0F:2A
2026-05-13 11:12:07,395 [INFO]   Found: (unnamed)                       E2:96:CD:04:7F:16
2026-05-13 11:12:07,395 [INFO]   Found: (unnamed)                       5E:0F:D7:D6:B8:AC
2026-05-13 11:12:07,395 [INFO]   Found: (unnamed)                       6F:0A:5E:5B:1F:12
2026-05-13 11:12:07,395 [INFO]   Found: (unnamed)                       2F:F8:3F:C5:E9:F8
2026-05-13 11:12:07,395 [INFO]   Found: (unnamed)                       DC:86:A9:A5:AF:EA
2026-05-13 11:12:07,395 [INFO]   Found: (unnamed)                       C5:75:F5:16:B2:20
2026-05-13 11:12:07,395 [INFO]   Found: (unnamed)                       50:13:AD:4D:69:FE
2026-05-13 11:12:07,395 [INFO]   Found: (unnamed)                       F0:DA:CB:2F:DE:35
2026-05-13 11:12:07,395 [INFO]   Found: (unnamed)                       75:C9:F9:65:02:CE
2026-05-13 11:12:07,395 [INFO]   Found: (unnamed)                       D4:9B:8A:D8:5B:39
2026-05-13 11:12:07,395 [INFO]   Found: (unnamed)                       EE:D3:4E:30:82:8A
2026-05-13 11:12:07,395 [INFO]   Found: J2501 9FD0                      CE:68:27:E4:9F:D0
2026-05-13 11:12:07,395 [INFO]     ↳ candidate: advertises 0000fff0-0000-1000-8000-00805f9b34fb
2026-05-13 11:12:07,395 [INFO]   Found: (unnamed)                       2C:71:7B:E2:A9:51
2026-05-13 11:12:07,395 [INFO]   Found: (unnamed)                       66:1A:41:BA:99:E9
2026-05-13 11:12:07,395 [INFO]   Found: (unnamed)                       62:4C:D1:1D:54:E0
2026-05-13 11:12:07,395 [INFO]   Found: (unnamed)                       52:40:C7:98:FA:F5
2026-05-13 11:12:07,395 [INFO]   Found: (unnamed)                       D1:3C:3D:37:F6:3D
2026-05-13 11:12:07,395 [INFO]   Found: (unnamed)                       C0:8D:88:50:66:8A
2026-05-13 11:12:07,395 [INFO]   Found: (unnamed)                       5D:EE:92:10:FD:E2
2026-05-13 11:12:07,395 [INFO]   Found: (unnamed)                       4C:BE:89:D3:CE:7B
2026-05-13 11:12:07,395 [INFO]   Found: JBL WAVE FLEX-LE                C0:2E:29:20:43:82
2026-05-13 11:12:07,395 [INFO]   Found: (unnamed)                       68:CF:5E:FA:4D:18
2026-05-13 11:12:07,395 [INFO]   Found: (unnamed)                       78:12:3B:DB:7F:EA
2026-05-13 11:12:07,395 [INFO]   Found: (unnamed)                       7E:1B:C0:98:3E:2C
2026-05-13 11:12:07,395 [INFO]   Found: (unnamed)                       54:6A:2D:CF:6C:C6
2026-05-13 11:12:07,396 [INFO]   Found: (unnamed)                       6D:23:30:98:81:53
2026-05-13 11:12:07,396 [INFO]   Found: (unnamed)                       64:50:A8:0B:70:9A
2026-05-13 11:12:07,396 [INFO]   Found: (unnamed)                       44:9F:92:1F:A6:6A
2026-05-13 11:12:07,396 [INFO]   Found: (unnamed)                       FC:AD:8A:A4:B5:38
2026-05-13 11:12:07,396 [INFO]   Found: (unnamed)                       F1:43:53:FF:87:24
2026-05-13 11:12:07,396 [INFO]   Found: (unnamed)                       6C:A5:F2:5D:10:15
2026-05-13 11:12:07,396 [INFO]   Found: (unnamed)                       6A:D0:CD:39:61:43
2026-05-13 11:12:07,396 [INFO]   Found: (unnamed)                       67:80:6B:B8:D4:F7
2026-05-13 11:12:07,396 [INFO]   Found: (unnamed)                       66:08:57:42:17:42
2026-05-13 11:12:07,396 [INFO]   Found: (unnamed)                       30:BB:72:42:20:63
2026-05-13 11:12:07,396 [INFO]   Found: (unnamed)                       35:D4:C3:5D:DF:3D
2026-05-13 11:12:07,396 [INFO]   Found: (unnamed)                       C4:A0:1D:AF:DA:FB
2026-05-13 11:12:07,396 [INFO]   Found: (unnamed)                       F9:38:C6:CB:F1:0F
2026-05-13 11:12:07,396 [INFO]   Found: (unnamed)                       53:9D:5A:48:DF:82
2026-05-13 11:12:07,396 [INFO]   Found: (unnamed)                       2F:63:DD:20:0A:12
2026-05-13 11:12:07,396 [INFO]   Found: (unnamed)                       40:A5:D4:AB:1B:0B
2026-05-13 11:12:07,396 [INFO]   Found: (unnamed)                       5C:02:69:D0:E8:EA
2026-05-13 11:12:07,396 [INFO]   Found: (unnamed)                       3F:21:18:EE:FF:63
2026-05-13 11:12:07,396 [INFO]   Found: (unnamed)                       F1:3D:D6:AE:99:24
2026-05-13 11:12:07,396 [INFO]   Found: (unnamed)                       E8:DF:C5:89:C2:40
2026-05-13 11:12:07,396 [INFO]   Found: (unnamed)                       EA:83:38:BA:BD:06
2026-05-13 11:12:07,396 [INFO]   Found: (unnamed)                       46:B3:91:7C:32:75
2026-05-13 11:12:07,396 [INFO]   Found: (unnamed)                       49:E6:6F:35:72:D8
2026-05-13 11:12:07,396 [INFO]   Found: (unnamed)                       C3:B1:4A:42:36:BA
2026-05-13 11:12:07,396 [INFO]   Found: (unnamed)                       D4:7E:FE:AE:FC:6C
2026-05-13 11:12:07,396 [INFO]   Found: (unnamed)                       64:0D:52:05:EB:F0
2026-05-13 11:12:07,397 [INFO]   Found: (unnamed)                       60:65:45:84:72:3A
2026-05-13 11:12:07,397 [INFO]   Found: (unnamed)                       5C:97:F3:8E:83:3D
2026-05-13 11:12:07,397 [INFO]   Found: (unnamed)                       6E:AF:BB:C6:08:0E
2026-05-13 11:12:07,397 [INFO]   Found: (unnamed)                       47:59:18:06:54:9F
2026-05-13 11:12:07,397 [INFO]   Found: (unnamed)                       6C:F8:BE:7B:6D:38
2026-05-13 11:12:07,397 [INFO]   Found: (unnamed)                       45:E1:A2:BB:79:09
2026-05-13 11:12:07,397 [INFO]   Found: (unnamed)                       76:6F:33:CE:0B:CE
2026-05-13 11:12:07,397 [INFO]   Found: (unnamed)                       5F:D1:76:5B:AD:41
2026-05-13 11:12:07,397 [INFO]   Found: (unnamed)                       6A:84:23:0A:39:DC
2026-05-13 11:12:07,397 [INFO]   Found: (unnamed)                       72:FB:C6:4F:7F:EA
2026-05-13 11:12:07,397 [INFO]   Found: (unnamed)                       71:C9:5B:8F:4E:D9
2026-05-13 11:12:07,397 [INFO]   Found: (unnamed)                       6A:24:12:8D:4E:FD
2026-05-13 11:12:07,397 [INFO]   Found: (unnamed)                       D0:3F:3B:40:8E:BA
2026-05-13 11:12:07,397 [INFO]   Found: (unnamed)                       69:40:6A:D1:00:7A
2026-05-13 11:12:07,397 [INFO]   Found: (unnamed)                       D1:F3:4A:1A:6F:ED
2026-05-13 11:12:07,397 [INFO]   Found: (unnamed)                       F4:C3:DB:67:87:88
2026-05-13 11:12:07,397 [INFO]   Found: (unnamed)                       DC:DC:47:C3:2F:4A
2026-05-13 11:12:07,397 [INFO]   Found: (unnamed)                       45:00:0C:43:33:DC
2026-05-13 11:12:07,397 [INFO]   Found: (unnamed)                       70:59:36:9B:38:5D
2026-05-13 11:12:07,397 [INFO]   Found: (unnamed)                       FC:EA:19:F1:1C:10
2026-05-13 11:12:07,397 [INFO]   Found: (unnamed)                       40:C3:C6:89:AF:22
2026-05-13 11:12:07,397 [INFO]   Found: (unnamed)                       3D:78:5A:BF:07:B1
2026-05-13 11:12:07,397 [INFO]   Found: (unnamed)                       6A:FA:2B:67:72:68
2026-05-13 11:12:07,397 [INFO]   Found: (unnamed)                       79:51:80:EC:25:49
2026-05-13 11:12:07,397 [INFO]   Found: (unnamed)                       56:2C:6B:11:9E:21
2026-05-13 11:12:07,397 [INFO]   Found: BC2688993                       54:D6:0D:37:7F:5D
2026-05-13 11:12:07,397 [INFO]   Found: (unnamed)                       1F:10:C1:3E:B8:67
2026-05-13 11:12:07,397 [INFO]   Found: (unnamed)                       7B:88:78:FE:02:7F
2026-05-13 11:12:07,397 [INFO]   Found: (unnamed)                       76:01:0D:44:77:76
2026-05-13 11:12:07,398 [INFO]   Found: (unnamed)                       58:51:BC:63:32:CD
2026-05-13 11:12:07,398 [INFO]   Found: (unnamed)                       6A:33:72:4B:A7:AE
2026-05-13 11:12:07,398 [INFO]   Found: (unnamed)                       79:3E:3A:97:17:FE
2026-05-13 11:12:07,398 [INFO]   Found: (unnamed)                       08:DF:BA:C4:69:5E
2026-05-13 11:12:07,398 [INFO]   Found: (unnamed)                       51:81:F2:6C:EB:21
2026-05-13 11:12:07,398 [INFO]   Found: (unnamed)                       DA:0D:4B:E0:17:39
2026-05-13 11:12:07,398 [INFO]   Found: (unnamed)                       7E:E0:F2:46:08:BC
2026-05-13 11:12:07,398 [INFO]   Found: (unnamed)                       41:3C:0F:CF:BE:3D
2026-05-13 11:12:07,398 [INFO]   Found: (unnamed)                       4F:45:33:11:8A:6D
2026-05-13 11:12:07,398 [INFO]   Found: (unnamed)                       11:15:34:11:9E:0C
2026-05-13 11:12:07,398 [INFO]   Found: (unnamed)                       43:3C:E9:3C:2E:D6
2026-05-13 11:12:07,398 [INFO]   Found: (unnamed)                       0B:FD:E7:4F:95:14
2026-05-13 11:12:07,398 [INFO]   Found: (unnamed)                       E6:10:81:94:3A:E2
2026-05-13 11:12:07,398 [INFO]   Found: (unnamed)                       48:D6:87:CB:AC:BE
2026-05-13 11:12:07,398 [INFO]   Found: (unnamed)                       C7:45:59:6D:90:B1
2026-05-13 11:12:07,398 [INFO]   Found: (unnamed)                       1B:D8:F7:77:62:17
2026-05-13 11:12:07,398 [INFO]   Found: (unnamed)                       E6:BD:3A:A7:06:24
2026-05-13 11:12:07,398 [INFO]   Found: (unnamed)                       E5:77:86:76:F2:86
2026-05-13 11:12:07,398 [INFO]   Found: (unnamed)                       F7:7E:14:D4:1D:66
2026-05-13 11:12:07,398 [INFO]   Found: (unnamed)                       2E:02:0D:EB:17:6E
2026-05-13 11:12:07,398 [INFO]   Found: (unnamed)                       CC:66:24:82:F7:13
2026-05-13 11:12:07,398 [INFO]   Found: (unnamed)                       63:CA:CD:D5:23:96
2026-05-13 11:12:07,398 [INFO]   Found: (unnamed)                       5C:49:56:67:76:82
2026-05-13 11:12:07,398 [INFO]   Found: (unnamed)                       56:05:04:FA:8E:0B
2026-05-13 11:12:07,398 [INFO]   Found: 85" Crystal UHD                 28:E6:A9:1E:AA:A7
2026-05-13 11:12:07,398 [INFO]   Found: (unnamed)                       F8:53:84:BA:74:9E
2026-05-13 11:12:07,398 [INFO]   Found: (unnamed)                       5D:66:FD:AD:7E:15
2026-05-13 11:12:07,399 [INFO]   Found: (unnamed)                       46:53:BB:D6:44:64
2026-05-13 11:12:07,399 [INFO]   Found: (unnamed)                       56:15:B9:B0:5A:14
2026-05-13 11:12:07,399 [INFO]   Found: (unnamed)                       C8:32:46:EF:31:92
2026-05-13 11:12:07,399 [INFO]   Found: (unnamed)                       CC:FC:21:D6:EF:D6
2026-05-13 11:12:07,399 [INFO]   Found: (unnamed)                       51:E8:DD:D4:20:AF
2026-05-13 11:12:07,399 [INFO]   Found: (unnamed)                       DE:89:32:96:AD:FF
2026-05-13 11:12:07,399 [INFO]   Found: (unnamed)                       23:6A:B5:3F:FA:97
2026-05-13 11:12:07,399 [INFO]   Found: (unnamed)                       45:6A:2E:2A:71:25
2026-05-13 11:12:07,399 [INFO]   Found: (unnamed)                       D5:11:91:F3:36:10
2026-05-13 11:12:07,399 [INFO]   Found: (unnamed)                       76:EB:DC:C9:30:3B
2026-05-13 11:12:07,399 [INFO]   Found: (unnamed)                       E1:67:61:AA:7E:59
2026-05-13 11:12:07,399 [INFO]   Found: (unnamed)                       78:2E:59:78:3A:51
2026-05-13 11:12:07,399 [INFO]   Found: (unnamed)                       64:F5:C2:4E:A1:BB
2026-05-13 11:12:07,399 [INFO]   Found: (unnamed)                       7E:CF:DA:83:A0:1E
2026-05-13 11:12:07,399 [INFO]   Found: (unnamed)                       58:9C:15:E5:E0:FF
2026-05-13 11:12:07,399 [INFO]   Found: (unnamed)                       64:2F:A5:FD:19:BD
2026-05-13 11:12:07,399 [INFO]   Found: (unnamed)                       76:8D:54:14:FC:35
2026-05-13 11:12:07,399 [INFO]   Found: (unnamed)                       6B:5A:6F:51:AF:2D
2026-05-13 11:12:07,399 [INFO]   Found: (unnamed)                       41:C8:56:4D:D3:E6
2026-05-13 11:12:07,399 [INFO]   Found: (unnamed)                       7E:DA:A8:73:D1:4C
2026-05-13 11:12:07,399 [INFO]   Found: (unnamed)                       DB:E0:2C:1E:18:2A
2026-05-13 11:12:07,399 [INFO]   Found: (unnamed)                       0A:79:0B:1D:D6:E4
2026-05-13 11:12:07,399 [INFO]   Found: (unnamed)                       7F:06:D6:7F:27:79
2026-05-13 11:12:07,399 [INFO]   Found: (unnamed)                       C3:1E:8E:3C:1A:4D
2026-05-13 11:12:07,399 [INFO]   Found: (unnamed)                       0D:98:11:8D:46:2C
2026-05-13 11:12:07,399 [INFO]   Found: (unnamed)                       41:EE:7D:F7:F7:75
2026-05-13 11:12:07,399 [INFO]   Found: (unnamed)                       59:09:FB:94:BA:19
2026-05-13 11:12:07,399 [INFO]   Found: (unnamed)                       03:C4:FE:2F:B5:03
2026-05-13 11:12:07,399 [INFO]   Found: (unnamed)                       D1:95:4D:61:97:B1
2026-05-13 11:12:07,400 [INFO]   Found: (unnamed)                       58:96:B4:A5:95:1E
2026-05-13 11:12:07,400 [INFO]   Found: (unnamed)                       70:D5:57:AD:99:E6
2026-05-13 11:12:07,400 [INFO]   Found: (unnamed)                       FE:4A:2E:A7:1E:71
2026-05-13 11:12:07,400 [INFO]   Found: (unnamed)                       40:4A:84:FF:25:7C
2026-05-13 11:12:07,400 [INFO]   Found: (unnamed)                       6E:C2:8C:7F:A6:6F
2026-05-13 11:12:07,400 [INFO]   Found: (unnamed)                       FD:4C:4B:3D:65:34
2026-05-13 11:12:07,400 [INFO]   Found: (unnamed)                       ED:59:BD:DD:64:37
2026-05-13 11:12:07,400 [INFO]   Found: (unnamed)                       F4:C0:39:40:3E:D2
2026-05-13 11:12:07,400 [INFO]   Found: (unnamed)                       7D:7F:12:4C:6A:1E
2026-05-13 11:12:07,400 [INFO]   Found: (unnamed)                       75:D6:33:F2:3F:0F
2026-05-13 11:12:07,400 [INFO]   Found: (unnamed)                       11:15:11:36:C9:77
2026-05-13 11:12:07,400 [INFO]   Found: (unnamed)                       E8:AE:98:1F:BD:C5
2026-05-13 11:12:07,400 [INFO]   Found: (unnamed)                       73:67:C2:06:CC:3E
2026-05-13 11:12:07,400 [INFO]   Found: (unnamed)                       66:94:4D:E5:B3:4D
2026-05-13 11:12:07,400 [INFO]   Found: (unnamed)                       6E:71:45:A8:EB:7E
2026-05-13 11:12:07,400 [INFO]   Found: (unnamed)                       60:69:43:8A:80:CA
2026-05-13 11:12:07,400 [INFO]   Found: (unnamed)                       D3:4C:9D:43:E6:5F
2026-05-13 11:12:07,400 [INFO]   Found: (unnamed)                       75:AD:17:94:B5:9B
2026-05-13 11:12:07,400 [INFO]   Found: (unnamed)                       F4:D2:21:21:91:70
2026-05-13 11:12:07,400 [INFO]   Found: (unnamed)                       C1:3F:27:88:23:7F
2026-05-13 11:12:07,400 [INFO]   Found: (unnamed)                       FF:79:DC:78:46:C5
2026-05-13 11:12:07,400 [INFO]   Found: (unnamed)                       D3:06:6F:17:B0:31
2026-05-13 11:12:07,400 [INFO]   Found: (unnamed)                       CD:30:53:CF:F1:45
2026-05-13 11:12:07,400 [INFO]   Found: (unnamed)                       F8:1C:1E:AD:D4:BE
2026-05-13 11:12:07,401 [INFO]   Found: (unnamed)                       70:F1:84:B1:A8:D5
2026-05-13 11:12:07,401 [INFO]   Found: (unnamed)                       50:D0:C7:9C:D2:E9
2026-05-13 11:12:07,401 [INFO]   Found: (unnamed)                       E0:AB:DC:A4:3D:84
2026-05-13 11:12:07,401 [INFO]   Found: (unnamed)                       E1:70:63:98:54:04
2026-05-13 11:12:07,401 [INFO]   Found: (unnamed)                       73:0E:07:16:2C:78
2026-05-13 11:12:07,401 [INFO]   Found: (unnamed)                       74:06:6C:D3:8B:BB
2026-05-13 11:12:07,401 [INFO]   Found: (unnamed)                       EB:F8:26:72:79:1A
2026-05-13 11:12:07,401 [INFO]   Found: BC2689107                       54:D6:0D:37:44:45
2026-05-13 11:12:07,401 [INFO]   Found: (unnamed)                       02:02:43:54:6C:D6
2026-05-13 11:12:07,401 [INFO]   Found: (unnamed)                       5F:D7:2F:37:11:46
2026-05-13 11:12:07,401 [INFO]   Found: (unnamed)                       05:97:85:A9:DD:C9
2026-05-13 11:12:07,401 [INFO]   Found: (unnamed)                       6E:B6:AB:E1:08:FC
2026-05-13 11:12:07,401 [INFO]   Found: (unnamed)                       41:20:5B:81:B9:3B
2026-05-13 11:12:07,401 [INFO]   Found: (unnamed)                       7F:44:0E:30:7D:CF
2026-05-13 11:12:07,401 [INFO]   Found: (unnamed)                       F5:46:74:48:37:AD
2026-05-13 11:12:07,401 [INFO]   Found: (unnamed)                       D7:68:AF:31:28:2F
2026-05-13 11:12:07,401 [INFO]   Found: (unnamed)                       6E:20:92:67:21:60
2026-05-13 11:12:07,401 [INFO]   Found: (unnamed)                       30:3D:A3:06:8D:E0
2026-05-13 11:12:07,401 [INFO]   Found: (unnamed)                       FF:B4:5B:D2:83:97
2026-05-13 11:12:07,401 [INFO]   Found: (unnamed)                       F9:43:1F:7E:C1:DE
2026-05-13 11:12:07,401 [INFO]   Found: (unnamed)                       6A:63:D7:38:53:88
2026-05-13 11:12:07,401 [INFO]   Found: (unnamed)                       6B:F9:B0:86:74:D5
2026-05-13 11:12:07,401 [INFO]   Found: (unnamed)                       CD:E4:C8:2C:80:38
2026-05-13 11:12:07,401 [INFO]   Found: (unnamed)                       77:5A:4B:1D:48:FB
2026-05-13 11:12:07,401 [INFO]   Found: (unnamed)                       56:8A:51:9C:41:15
2026-05-13 11:12:07,401 [INFO]   Found: (unnamed)                       CE:D3:F4:4D:F6:1B
2026-05-13 11:12:07,401 [INFO]   Found: (unnamed)                       43:0D:66:97:9F:9E
2026-05-13 11:12:07,401 [INFO]   Found: (unnamed)                       F4:0B:D9:24:99:F4
2026-05-13 11:12:07,402 [INFO]   Found: (unnamed)                       41:13:89:6C:08:43
2026-05-13 11:12:07,402 [INFO]   Found: (unnamed)                       7C:E7:BE:CF:45:52
2026-05-13 11:12:07,402 [INFO]   Found: (unnamed)                       EE:95:BD:FF:16:12
2026-05-13 11:12:07,402 [INFO]   Found: (unnamed)                       12:E7:E6:9F:6A:77
2026-05-13 11:12:07,402 [INFO]   Found: (unnamed)                       2D:19:17:B2:59:11
2026-05-13 11:12:07,402 [INFO]   Found: (unnamed)                       64:69:0F:4D:23:27
2026-05-13 11:12:07,402 [INFO]   Found: (unnamed)                       F4:4B:6F:B5:AB:38
2026-05-13 11:12:07,402 [INFO]   Found: (unnamed)                       F6:2B:43:C2:0D:19
2026-05-13 11:12:07,402 [INFO]   Found: Redmi Watch 5 Active E8D8       E8:E6:09:5E:E8:D8
2026-05-13 11:12:07,402 [INFO]   Found: (unnamed)                       56:FE:7B:7F:3A:97
2026-05-13 11:12:07,402 [INFO]   Found: (unnamed)                       E1:44:35:0E:5B:91
2026-05-13 11:12:07,402 [INFO]   Found: (unnamed)                       10:3A:EB:C3:E7:FF
2026-05-13 11:12:07,402 [INFO]   Found: (unnamed)                       61:1F:22:61:52:F8
2026-05-13 11:12:07,402 [INFO]   Found: (unnamed)                       43:1E:F3:A0:7B:C3
2026-05-13 11:12:07,402 [INFO]   Found: (unnamed)                       42:04:B4:1D:1D:1C
2026-05-13 11:12:07,402 [INFO]   Found: Cubitt VIVA Pro                 F4:4E:FD:A3:7E:EB
2026-05-13 11:12:07,402 [INFO]   Found: (unnamed)                       4E:59:D7:55:32:E7
2026-05-13 11:12:07,402 [INFO] ✨ 2 candidate(s) found
2026-05-13 11:12:38,613 [INFO] Connecting to CE:68:27:E4:9F:D0...
2026-05-13 11:14:09,368 [INFO] Connecting to 74:19:0A:14:70:C8...
2026-05-13 11:14:29,709 [INFO] 🔍 Scanning for BLE devices (10.0s)...
2026-05-13 11:14:39,971 [INFO]   Found: (unnamed)                       52:61:A2:E2:65:9E
2026-05-13 11:14:39,971 [INFO]   Found: (unnamed)                       78:14:79:80:DE:D8
2026-05-13 11:14:39,971 [INFO]   Found: (unnamed)                       56:2C:6B:11:9E:21
2026-05-13 11:14:39,971 [INFO]   Found: (unnamed)                       7F:21:68:5C:A5:C7
2026-05-13 11:14:39,971 [INFO]   Found: (unnamed)                       4D:03:62:ED:44:6A
2026-05-13 11:14:39,971 [INFO]   Found: (unnamed)                       7E:5D:65:55:BB:83
2026-05-13 11:14:39,971 [INFO]   Found: (unnamed)                       41:76:DF:3A:6B:47
2026-05-13 11:14:39,972 [INFO]   Found: (unnamed)                       56:B4:7F:8E:A5:3C
2026-05-13 11:14:39,972 [INFO]   Found: (unnamed)                       11:15:11:36:C9:77
2026-05-13 11:14:39,972 [INFO]   Found: (unnamed)                       03:C4:FE:2F:B5:03
2026-05-13 11:14:39,972 [INFO]   Found: (unnamed)                       08:DF:BA:C4:69:5E
2026-05-13 11:14:39,972 [INFO]   Found: (unnamed)                       46:95:88:7B:85:8C
2026-05-13 11:14:39,972 [INFO]   Found: (unnamed)                       49:E6:6F:35:72:D8
2026-05-13 11:14:39,972 [INFO]   Found: (unnamed)                       44:3E:A0:86:93:20
2026-05-13 11:14:39,972 [INFO]   Found: (unnamed)                       62:4C:D1:1D:54:E0
2026-05-13 11:14:39,972 [INFO]   Found: (unnamed)                       2C:71:7B:E2:A9:51
2026-05-13 11:14:39,972 [INFO]   Found: (unnamed)                       44:43:BE:01:98:D5
2026-05-13 11:14:39,972 [INFO]   Found: (unnamed)                       64:0D:52:05:EB:F0
2026-05-13 11:14:39,972 [INFO]   Found: (unnamed)                       0A:10:FC:EF:B4:E6
2026-05-13 11:14:39,972 [INFO]   Found: (unnamed)                       43:1E:F3:A0:7B:C3
2026-05-13 11:14:39,972 [INFO]   Found: (unnamed)                       24:52:5C:D2:29:D1
2026-05-13 11:14:39,972 [INFO]   Found: (unnamed)                       6A:34:67:9B:35:35
2026-05-13 11:14:39,972 [INFO]   Found: (unnamed)                       7E:94:F2:1C:28:22
2026-05-13 11:14:39,972 [INFO]   Found: (unnamed)                       50:E5:32:0A:5E:3B
2026-05-13 11:14:39,972 [INFO]   Found: (unnamed)                       5C:02:69:D0:E8:EA
2026-05-13 11:14:39,972 [INFO]   Found: (unnamed)                       77:FA:0E:48:90:1D
2026-05-13 11:14:39,972 [INFO]   Found: (unnamed)                       78:7B:DF:12:9C:DF
2026-05-13 11:14:39,972 [INFO]   Found: (unnamed)                       07:83:B8:CB:A0:B2
2026-05-13 11:14:39,972 [INFO]   Found: (unnamed)                       11:15:34:11:9E:0C
2026-05-13 11:14:39,972 [INFO]   Found: (unnamed)                       5F:D7:2F:37:11:46
2026-05-13 11:14:39,972 [INFO]   Found: (unnamed)                       58:51:BC:63:32:CD
2026-05-13 11:14:39,972 [INFO]   Found: (unnamed)                       32:FC:FE:D2:66:DC
2026-05-13 11:14:39,972 [INFO]   Found: (unnamed)                       6D:F9:5F:E8:75:A5
2026-05-13 11:14:39,972 [INFO]   Found: (unnamed)                       53:33:0C:01:72:D1
2026-05-13 11:14:39,972 [INFO]   Found: (unnamed)                       2F:F8:3F:C5:E9:F8
2026-05-13 11:14:39,973 [INFO]   Found: (unnamed)                       59:D2:5D:6F:01:41
2026-05-13 11:14:39,973 [INFO]   Found: MARTINASUSROG                   51:63:0F:47:C2:E0
2026-05-13 11:14:39,973 [INFO]   Found: (unnamed)                       0A:79:0B:1D:D6:E4
2026-05-13 11:14:39,973 [INFO]   Found: (unnamed)                       6A:E9:8D:9C:84:85
2026-05-13 11:14:39,973 [INFO]   Found: CR-79647                        47:BE:53:5B:ED:22
2026-05-13 11:14:39,973 [INFO]   Found: (unnamed)                       48:A7:B5:57:82:0E
2026-05-13 11:14:39,973 [INFO]   Found: (unnamed)                       71:C8:BE:35:02:2B
2026-05-13 11:14:39,973 [INFO]   Found: (unnamed)                       79:C3:14:C8:0A:5C
2026-05-13 11:14:39,973 [INFO]   Found: (unnamed)                       6E:71:45:A8:EB:7E
2026-05-13 11:14:39,973 [INFO]   Found: (unnamed)                       40:C3:C6:89:AF:22
2026-05-13 11:14:39,973 [INFO]   Found: (unnamed)                       5A:A6:70:90:24:4E
2026-05-13 11:14:39,973 [INFO]   Found: (unnamed)                       79:C0:D4:15:AE:64
2026-05-13 11:14:39,973 [INFO]   Found: (unnamed)                       48:C0:BB:D5:EB:A6
2026-05-13 11:14:39,973 [INFO]   Found: (unnamed)                       57:A2:4A:D0:0F:2A
2026-05-13 11:14:39,973 [INFO]   Found: (unnamed)                       05:A9:20:73:62:B7
2026-05-13 11:14:39,973 [INFO]   Found: (unnamed)                       32:4C:0D:B2:C5:10
2026-05-13 11:14:39,973 [INFO]   Found: (unnamed)                       6F:0A:5E:5B:1F:12
2026-05-13 11:14:39,973 [INFO]   Found: (unnamed)                       70:85:DC:C6:05:50
2026-05-13 11:14:39,973 [INFO]   Found: (unnamed)                       44:81:51:7F:D0:95
2026-05-13 11:14:39,973 [INFO]   Found: (unnamed)                       46:B3:91:7C:32:75
2026-05-13 11:14:39,973 [INFO]   Found: (unnamed)                       16:A7:6D:7F:6E:CA
2026-05-13 11:14:39,973 [INFO]   Found: (unnamed)                       67:80:6B:B8:D4:F7
2026-05-13 11:14:39,973 [INFO]   Found: (unnamed)                       74:D1:14:CD:50:1F
2026-05-13 11:14:39,973 [INFO]   Found: HAVIT SPACE S1                  50:DA:4C:D9:DA:C7
2026-05-13 11:14:39,974 [INFO]   Found: (unnamed)                       6F:AF:7D:A2:88:1D
2026-05-13 11:14:39,974 [INFO]   Found: (unnamed)                       0C:51:05:71:BF:07
2026-05-13 11:14:39,974 [INFO]   Found: (unnamed)                       59:32:5A:4C:85:83
2026-05-13 11:14:39,974 [INFO]   Found: (unnamed)                       3F:21:18:EE:FF:63
2026-05-13 11:14:39,974 [INFO]   Found: (unnamed)                       6B:F9:B0:86:74:D5
2026-05-13 11:14:39,974 [INFO]   Found: (unnamed)                       D1:F3:4A:1A:6F:ED
2026-05-13 11:14:39,974 [INFO]   Found: (unnamed)                       FC:05:94:53:28:B6
2026-05-13 11:14:39,974 [INFO]   Found: BC2688993                       54:D6:0D:37:7F:5D
2026-05-13 11:14:39,974 [INFO]   Found: (unnamed)                       7E:1B:C0:98:3E:2C
2026-05-13 11:14:39,974 [INFO]   Found: (unnamed)                       5E:8C:84:D6:21:51
2026-05-13 11:14:39,974 [INFO]   Found: (unnamed)                       1B:D8:F7:77:62:17
2026-05-13 11:14:39,974 [INFO]   Found: (unnamed)                       6B:3A:EE:4B:73:2B
2026-05-13 11:14:39,974 [INFO]   Found: (unnamed)                       00:C8:B8:BD:D4:87
2026-05-13 11:14:39,974 [INFO]   Found: (unnamed)                       4B:66:49:0B:A1:26
2026-05-13 11:14:39,974 [INFO]   Found: (unnamed)                       60:45:74:4C:45:C8
2026-05-13 11:14:39,974 [INFO]   Found: (unnamed)                       52:69:FD:09:FC:B7
2026-05-13 11:14:39,974 [INFO]   Found: (unnamed)                       43:0D:66:97:9F:9E
2026-05-13 11:14:39,975 [INFO]   Found: (unnamed)                       4B:47:63:6F:B8:C2
2026-05-13 11:14:39,975 [INFO]   Found: (unnamed)                       52:02:97:01:84:FA
2026-05-13 11:14:39,975 [INFO]   Found: (unnamed)                       42:1F:22:85:E4:A8
2026-05-13 11:14:39,975 [INFO]   Found: (unnamed)                       A4:C1:35:99:69:D6
2026-05-13 11:14:39,975 [INFO]   Found: (unnamed)                       7F:39:6A:B6:88:F4
2026-05-13 11:14:39,975 [INFO]   Found: JBL WAVE FLEX-LE                C0:2E:29:20:43:82
2026-05-13 11:14:39,975 [INFO]   Found: (unnamed)                       F4:4B:6F:B5:AB:38
2026-05-13 11:14:39,975 [INFO]   Found: (unnamed)                       5D:67:03:3B:3F:CB
2026-05-13 11:14:39,975 [INFO]   Found: (unnamed)                       4E:4B:AE:53:24:3C
2026-05-13 11:14:39,975 [INFO]   Found: (unnamed)                       61:1F:22:61:52:F8
2026-05-13 11:14:39,975 [INFO]   Found: (unnamed)                       41:AA:F7:8B:F3:37
2026-05-13 11:14:39,975 [INFO]   Found: (unnamed)                       41:3C:0F:CF:BE:3D
2026-05-13 11:14:39,975 [INFO]   Found: (unnamed)                       68:CF:5E:FA:4D:18
2026-05-13 11:14:39,975 [INFO]   Found: (unnamed)                       66:00:82:5D:ED:27
2026-05-13 11:14:39,975 [INFO]   Found: (unnamed)                       23:7A:64:0F:A2:98
2026-05-13 11:14:39,975 [INFO]   Found: (unnamed)                       28:E1:06:F4:10:39
2026-05-13 11:14:39,975 [INFO]   Found: (unnamed)                       64:50:A8:0B:70:9A
2026-05-13 11:14:39,976 [INFO]   Found: (unnamed)                       40:97:86:51:CA:B6
2026-05-13 11:14:39,976 [INFO]   Found: (unnamed)                       53:37:17:B1:FC:04
2026-05-13 11:14:39,976 [INFO]   Found: (unnamed)                       70:17:F6:05:DB:CC
2026-05-13 11:14:39,976 [INFO]   Found: (unnamed)                       2A:01:2D:E1:33:1E
2026-05-13 11:14:39,976 [INFO]   Found: (unnamed)                       29:16:D2:66:CD:CF
2026-05-13 11:14:39,976 [INFO]   Found: (unnamed)                       71:44:91:07:26:D7
2026-05-13 11:14:39,976 [INFO]   Found: (unnamed)                       49:B8:D0:C4:CA:E8
2026-05-13 11:14:39,976 [INFO]   Found: (unnamed)                       47:BF:4E:BD:A3:5C
2026-05-13 11:14:39,976 [INFO]   Found: (unnamed)                       68:B7:3C:8F:48:34
2026-05-13 11:14:39,976 [INFO]   Found: (unnamed)                       38:7A:56:CC:FE:8A
2026-05-13 11:14:39,976 [INFO]   Found: (unnamed)                       72:7F:84:A8:B7:68
2026-05-13 11:14:39,976 [INFO]   Found: (unnamed)                       00:CF:E9:FC:1A:B8
2026-05-13 11:14:39,976 [INFO]   Found: (unnamed)                       41:9F:53:E3:B8:06
2026-05-13 11:14:39,976 [INFO]   Found: (unnamed)                       40:83:C2:79:60:72
2026-05-13 11:14:39,976 [INFO]   Found: (unnamed)                       26:78:E0:3E:3A:72
2026-05-13 11:14:39,976 [INFO]   Found: (unnamed)                       6C:F8:BE:7B:6D:38
2026-05-13 11:14:39,976 [INFO]   Found: (unnamed)                       53:5A:A4:35:03:2D
2026-05-13 11:14:39,977 [INFO]   Found: (unnamed)                       75:C9:F9:65:02:CE
2026-05-13 11:14:39,977 [INFO]   Found: (unnamed)                       56:96:15:73:65:9C
2026-05-13 11:14:39,977 [INFO]   Found: (unnamed)                       6D:A6:66:4D:07:DD
2026-05-13 11:14:39,977 [INFO]   Found: (unnamed)                       7F:06:D6:7F:27:79
2026-05-13 11:14:39,977 [INFO]   Found: (unnamed)                       7E:F4:1B:23:3C:50
2026-05-13 11:14:39,977 [INFO]   Found: (unnamed)                       5C:AD:D5:B5:65:93
2026-05-13 11:14:39,977 [INFO]   Found: (unnamed)                       4E:43:65:9A:B9:67
2026-05-13 11:14:39,977 [INFO]   Found: (unnamed)                       C6:C9:9E:A0:95:53
2026-05-13 11:14:39,977 [INFO]   Found: (unnamed)                       71:C9:5B:8F:4E:D9
2026-05-13 11:14:39,977 [INFO]   Found: (unnamed)                       47:B9:F7:28:FC:D4
2026-05-13 11:14:39,977 [INFO]   Found: (unnamed)                       53:9D:5A:48:DF:82
2026-05-13 11:14:39,977 [INFO]   Found: (unnamed)                       3D:99:4A:9F:A8:97
2026-05-13 11:14:39,977 [INFO]   Found: (unnamed)                       3D:C4:76:FF:AE:BE
2026-05-13 11:14:39,977 [INFO]   Found: (unnamed)                       5C:97:F3:8E:83:3D
2026-05-13 11:14:39,977 [INFO]   Found: (unnamed)                       63:E0:EF:29:CA:7D
2026-05-13 11:14:39,977 [INFO]   Found: (unnamed)                       55:91:2E:D1:46:A9
2026-05-13 11:14:39,977 [INFO]   Found: Galaxy Fit3 (70C8)              74:19:0A:14:70:C8
2026-05-13 11:14:39,977 [INFO]   Found: (unnamed)                       30:5E:97:95:A4:E2
2026-05-13 11:14:39,977 [INFO]   Found: (unnamed)                       46:60:A7:49:5F:BB
2026-05-13 11:14:39,978 [INFO]   Found: (unnamed)                       5C:06:A9:DF:88:44
2026-05-13 11:14:39,978 [INFO]   Found: (unnamed)                       59:CA:8B:D7:20:32
2026-05-13 11:14:39,978 [INFO]   Found: (unnamed)                       7A:01:45:39:B8:06
2026-05-13 11:14:39,978 [INFO]   Found: (unnamed)                       5A:7A:9C:FD:3F:C2
2026-05-13 11:14:39,978 [INFO]   Found: (unnamed)                       DF:66:B2:FC:22:73
2026-05-13 11:14:39,978 [INFO]   Found: Redmi Watch 5 Active E8D8       E8:E6:09:5E:E8:D8
2026-05-13 11:14:39,978 [INFO]   Found: (unnamed)                       67:09:90:D1:96:D2
2026-05-13 11:14:39,978 [INFO]   Found: (unnamed)                       79:E1:A6:69:99:55
2026-05-13 11:14:39,978 [INFO]   Found: (unnamed)                       6A:24:12:8D:4E:FD
2026-05-13 11:14:39,978 [INFO]   Found: (unnamed)                       E6:BD:3A:A7:06:24
2026-05-13 11:14:39,978 [INFO]   Found: (unnamed)                       00:5E:D5:55:BB:09
2026-05-13 11:14:39,978 [INFO]   Found: (unnamed)                       73:0E:07:16:2C:78
2026-05-13 11:14:39,978 [INFO]   Found: (unnamed)                       2D:19:17:B2:59:11
2026-05-13 11:14:39,978 [INFO]   Found: (unnamed)                       27:22:E2:45:E4:F9
2026-05-13 11:14:39,978 [INFO]   Found: (unnamed)                       60:22:0D:1B:EA:73
2026-05-13 11:14:39,978 [INFO]   Found: (unnamed)                       7E:CF:DA:83:A0:1E
2026-05-13 11:14:39,978 [INFO]   Found: (unnamed)                       6B:01:B2:79:86:44
2026-05-13 11:14:39,978 [INFO]   Found: BC2689107                       54:D6:0D:37:44:45
2026-05-13 11:14:39,979 [INFO]   Found: (unnamed)                       4E:8A:A1:89:E2:9E
2026-05-13 11:14:39,979 [INFO]   Found: (unnamed)                       50:D0:C7:9C:D2:E9
2026-05-13 11:14:39,979 [INFO]   Found: (unnamed)                       60:69:43:8A:80:CA
2026-05-13 11:14:39,979 [INFO]   Found: (unnamed)                       5C:D1:52:E3:4A:E0
2026-05-13 11:14:39,979 [INFO]   Found: (unnamed)                       7E:49:F8:F2:91:81
2026-05-13 11:14:39,979 [INFO]   Found: (unnamed)                       4F:09:AE:8F:5C:18
2026-05-13 11:14:39,979 [INFO]   Found: (unnamed)                       44:14:60:B6:6F:2C
2026-05-13 11:14:39,979 [INFO]   Found: (unnamed)                       4A:AB:25:C9:ED:47
2026-05-13 11:14:39,979 [INFO]   Found: (unnamed)                       14:A8:66:95:7F:59
2026-05-13 11:14:39,979 [INFO]   Found: (unnamed)                       34:DB:E9:0B:43:C4
2026-05-13 11:14:39,979 [INFO]   Found: (unnamed)                       79:F7:EF:E2:DC:38
2026-05-13 11:14:39,979 [INFO]   Found: (unnamed)                       6E:79:60:14:F7:6C
2026-05-13 11:14:39,979 [INFO]   Found: (unnamed)                       41:20:5B:81:B9:3B
2026-05-13 11:14:39,979 [INFO]   Found: (unnamed)                       39:9D:F3:16:7F:03
2026-05-13 11:14:39,979 [INFO]   Found: (unnamed)                       4E:5C:3D:6F:5C:1A
2026-05-13 11:14:39,979 [INFO]   Found: (unnamed)                       4B:07:49:DB:03:5C
2026-05-13 11:14:39,979 [INFO]   Found: (unnamed)                       6B:ED:20:C9:D5:6C
2026-05-13 11:14:39,979 [INFO]   Found: (unnamed)                       E1:44:35:0E:5B:91
2026-05-13 11:14:39,979 [INFO]   Found: (unnamed)                       48:0D:E5:A4:67:4C
2026-05-13 11:14:39,979 [INFO]   Found: (unnamed)                       5E:0F:D7:D6:B8:AC
2026-05-13 11:14:39,980 [INFO]   Found: (unnamed)                       76:01:0D:44:77:76
2026-05-13 11:14:39,980 [INFO]   Found: (unnamed)                       76:06:66:99:53:C2
2026-05-13 11:14:39,980 [INFO]   Found: (unnamed)                       59:34:64:50:8E:F0
2026-05-13 11:14:39,980 [INFO]   Found: (unnamed)                       48:CE:31:5B:14:8C
2026-05-13 11:14:39,980 [INFO]   Found: (unnamed)                       66:94:4D:E5:B3:4D
2026-05-13 11:14:39,980 [INFO]   Found: (unnamed)                       70:59:36:9B:38:5D
2026-05-13 11:14:39,980 [INFO]   Found: (unnamed)                       76:6F:33:CE:0B:CE
2026-05-13 11:14:39,980 [INFO]   Found: (unnamed)                       41:24:94:E3:21:2E
2026-05-13 11:14:39,980 [INFO]   Found: (unnamed)                       7E:E0:F2:46:08:BC
2026-05-13 11:14:39,980 [INFO]   Found: (unnamed)                       40:A5:D4:AB:1B:0B
2026-05-13 11:14:39,980 [INFO]   Found: (unnamed)                       69:75:73:28:BE:0C
2026-05-13 11:14:39,980 [INFO]   Found: J2501 9FD0                      CE:68:27:E4:9F:D0
2026-05-13 11:14:39,980 [INFO]     ↳ candidate: advertises 0000fff0-0000-1000-8000-00805f9b34fb
2026-05-13 11:14:39,980 [INFO]   Found: (unnamed)                       6E:AF:03:DC:E5:F3
2026-05-13 11:14:39,980 [INFO]   Found: (unnamed)                       D3:4C:9D:43:E6:5F
2026-05-13 11:14:39,980 [INFO]   Found: (unnamed)                       30:69:52:46:E3:E1
2026-05-13 11:14:39,980 [INFO]   Found: (unnamed)                       6F:76:EF:E3:05:08
2026-05-13 11:14:39,980 [INFO]   Found: (unnamed)                       4C:AC:1F:A3:8B:07
2026-05-13 11:14:39,980 [INFO]   Found: (unnamed)                       05:F0:E1:01:8B:29
2026-05-13 11:14:39,980 [INFO]   Found: (unnamed)                       68:EF:1D:0E:89:AD
2026-05-13 11:14:39,980 [INFO]   Found: (unnamed)                       53:B6:7E:3F:3D:5A
2026-05-13 11:14:39,980 [INFO]   Found: (unnamed)                       42:04:B4:1D:1D:1C
2026-05-13 11:14:39,980 [INFO]   Found: (unnamed)                       71:A6:5C:17:1A:C2
2026-05-13 11:14:39,980 [INFO]   Found: (unnamed)                       38:FD:19:42:0A:2E
2026-05-13 11:14:39,980 [INFO]   Found: (unnamed)                       51:E8:DD:D4:20:AF
2026-05-13 11:14:39,980 [INFO]   Found: (unnamed)                       46:53:BB:D6:44:64
2026-05-13 11:14:39,981 [INFO]   Found: (unnamed)                       79:3F:05:4F:C3:B1
2026-05-13 11:14:39,981 [INFO]   Found: (unnamed)                       79:C1:00:EB:C1:21
2026-05-13 11:14:39,981 [INFO]   Found: (unnamed)                       2D:C7:6D:CD:E1:92
2026-05-13 11:14:39,981 [INFO]   Found: (unnamed)                       DD:96:A6:03:1C:7F
2026-05-13 11:14:39,981 [INFO]   Found: (unnamed)                       45:5B:F6:92:7E:46
2026-05-13 11:14:39,981 [INFO]   Found: (unnamed)                       44:51:FC:4D:94:7E
2026-05-13 11:14:39,981 [INFO]   Found: (unnamed)                       24:3E:9A:D6:CE:C1
2026-05-13 11:14:39,981 [INFO]   Found: (unnamed)                       7C:5C:95:54:3F:9A
2026-05-13 11:14:39,981 [INFO]   Found: (unnamed)                       7B:88:78:FE:02:7F
2026-05-13 11:14:39,981 [INFO]   Found: (unnamed)                       D4:4F:E2:5A:90:88
2026-05-13 11:14:39,981 [INFO]   Found: (unnamed)                       6D:D2:B1:AE:4A:48
2026-05-13 11:14:39,981 [INFO]   Found: (unnamed)                       2B:B1:7E:23:CC:03
2026-05-13 11:14:39,981 [INFO]   Found: (unnamed)                       63:66:EE:AA:64:47
2026-05-13 11:14:39,981 [INFO]   Found: (unnamed)                       26:60:0A:E5:19:46
2026-05-13 11:14:39,981 [INFO]   Found: (unnamed)                       7F:9D:E3:25:4C:4A
2026-05-13 11:14:39,981 [INFO]   Found: (unnamed)                       D9:F7:F6:0C:FC:18
2026-05-13 11:14:39,981 [INFO]   Found: (unnamed)                       4E:35:50:2D:E0:F7
2026-05-13 11:14:39,981 [INFO]   Found: (unnamed)                       6C:59:E7:ED:EE:12
2026-05-13 11:14:39,981 [INFO]   Found: (unnamed)                       4E:59:D7:55:32:E7
2026-05-13 11:14:39,981 [INFO]   Found: (unnamed)                       67:87:4D:45:CE:85
2026-05-13 11:14:39,981 [INFO]   Found: (unnamed)                       6B:2C:F1:95:D7:99
2026-05-13 11:14:39,981 [INFO]   Found: (unnamed)                       FF:79:DC:78:46:C5
2026-05-13 11:14:39,982 [INFO]   Found: (unnamed)                       0E:B1:0E:71:51:A5
2026-05-13 11:14:39,982 [INFO]   Found: (unnamed)                       74:50:49:FC:4B:FB
2026-05-13 11:14:39,982 [INFO]   Found: (unnamed)                       63:1C:37:86:46:D6
2026-05-13 11:14:39,982 [INFO]   Found: (unnamed)                       45:00:0C:43:33:DC
2026-05-13 11:14:39,982 [INFO]   Found: (unnamed)                       7B:A7:ED:D7:04:A3
2026-05-13 11:14:39,982 [INFO]   Found: (unnamed)                       6A:FA:2B:67:72:68
2026-05-13 11:14:39,982 [INFO]   Found: (unnamed)                       5A:02:19:58:E4:14
2026-05-13 11:14:39,982 [INFO]   Found: CR-79583                        40:9C:68:44:D6:BA
2026-05-13 11:14:39,982 [INFO]   Found: (unnamed)                       78:12:3B:DB:7F:EA
2026-05-13 11:14:39,982 [INFO]   Found: (unnamed)                       58:9C:15:E5:E0:FF
2026-05-13 11:14:39,982 [INFO]   Found: (unnamed)                       50:D1:0B:D9:70:F3
2026-05-13 11:14:39,982 [INFO]   Found: 85" Crystal UHD                 28:E6:A9:1E:AA:A7
2026-05-13 11:14:39,982 [INFO]   Found: (unnamed)                       51:BF:C7:B6:3E:1F
2026-05-13 11:14:39,982 [INFO]   Found: (unnamed)                       79:3E:3A:97:17:FE
2026-05-13 11:14:39,982 [INFO]   Found: (unnamed)                       EF:9D:99:D6:D0:9E
2026-05-13 11:14:39,982 [INFO]   Found: (unnamed)                       CE:D3:F4:4D:F6:1B
2026-05-13 11:14:39,982 [INFO]   Found: (unnamed)                       59:AE:92:CB:1B:F5
2026-05-13 11:14:39,982 [INFO]   Found: (unnamed)                       14:C0:B3:02:88:04
2026-05-13 11:14:39,982 [INFO]   Found: (unnamed)                       14:C9:47:13:DB:59
2026-05-13 11:14:39,983 [INFO]   Found: (unnamed)                       EA:1C:59:54:E3:D0
2026-05-13 11:14:39,983 [INFO]   Found: (unnamed)                       5D:91:B4:91:FE:CE
2026-05-13 11:14:39,983 [INFO]   Found: (unnamed)                       5F:1C:F6:7C:90:9A
2026-05-13 11:14:39,983 [INFO]   Found: (unnamed)                       DC:12:72:BA:95:61
2026-05-13 11:14:39,983 [INFO]   Found: (unnamed)                       D4:7E:FE:AE:FC:6C
2026-05-13 11:14:39,983 [INFO]   Found: (unnamed)                       F7:7E:14:D4:1D:66
2026-05-13 11:14:39,983 [INFO]   Found: (unnamed)                       FA:EA:CF:4B:07:AA
2026-05-13 11:14:39,983 [INFO]   Found: (unnamed)                       47:03:3A:54:2E:61
2026-05-13 11:14:39,983 [INFO]   Found: (unnamed)                       27:4B:D3:76:69:CD
2026-05-13 11:14:39,983 [INFO]   Found: (unnamed)                       FC:03:58:72:A5:FA
2026-05-13 11:14:39,983 [INFO]   Found: (unnamed)                       D9:71:28:8C:44:1D
2026-05-13 11:14:39,983 [INFO]   Found: (unnamed)                       FE:4A:2E:A7:1E:71
2026-05-13 11:14:39,983 [INFO]   Found: (unnamed)                       6C:A5:F2:5D:10:15
2026-05-13 11:14:39,983 [INFO]   Found: (unnamed)                       37:C9:AE:4B:FF:B6
2026-05-13 11:14:39,983 [INFO]   Found: (unnamed)                       47:59:18:06:54:9F
2026-05-13 11:14:39,983 [INFO]   Found: (unnamed)                       76:8D:54:14:FC:35
2026-05-13 11:14:39,983 [INFO]   Found: (unnamed)                       10:3A:EB:C3:E7:FF
2026-05-13 11:14:39,983 [INFO]   Found: (unnamed)                       09:A8:94:10:6B:58
2026-05-13 11:14:39,983 [INFO]   Found: (unnamed)                       69:40:6A:D1:00:7A
2026-05-13 11:14:39,983 [INFO]   Found: (unnamed)                       5E:94:9F:B0:46:81
2026-05-13 11:14:39,983 [INFO]   Found: (unnamed)                       7F:79:2B:88:39:62
2026-05-13 11:14:39,983 [INFO]   Found: (unnamed)                       DC:DC:47:C3:2F:4A
2026-05-13 11:14:39,983 [INFO]   Found: (unnamed)                       53:36:2B:EB:3A:0F
2026-05-13 11:14:39,983 [INFO]   Found: (unnamed)                       73:67:C2:06:CC:3E
2026-05-13 11:14:39,983 [INFO]   Found: (unnamed)                       45:59:32:A4:ED:9C
2026-05-13 11:14:39,983 [INFO]   Found: (unnamed)                       02:02:43:54:6C:D6
2026-05-13 11:14:39,983 [INFO]   Found: (unnamed)                       EF:F9:C2:AC:F2:1C
2026-05-13 11:14:39,984 [INFO]   Found: (unnamed)                       58:16:ED:94:5F:F2
2026-05-13 11:14:39,984 [INFO]   Found: (unnamed)                       F7:A3:9C:1F:6B:7F
2026-05-13 11:14:39,984 [INFO]   Found: (unnamed)                       6A:84:23:0A:39:DC
2026-05-13 11:14:39,984 [INFO]   Found: (unnamed)                       49:1D:E1:D8:21:30
2026-05-13 11:14:39,984 [INFO]   Found: (unnamed)                       41:C8:56:4D:D3:E6
2026-05-13 11:14:39,984 [INFO]   Found: (unnamed)                       28:CC:7E:FE:55:2F
2026-05-13 11:14:39,984 [INFO]   Found: BC2688871                       54:D6:0D:37:5D:E9
2026-05-13 11:14:39,984 [INFO]   Found: (unnamed)                       03:ED:7E:93:AB:89
2026-05-13 11:14:39,984 [INFO]   Found: (unnamed)                       2D:E7:1C:C2:88:6B
2026-05-13 11:14:39,984 [INFO]   Found: (unnamed)                       48:6A:05:16:06:D5
2026-05-13 11:14:39,984 [INFO]   Found: Cubitt VIVA Pro                 F4:4E:FD:A3:7E:EB
2026-05-13 11:14:39,984 [INFO]   Found: (unnamed)                       42:57:90:DB:1A:48
2026-05-13 11:14:39,984 [INFO]   Found: (unnamed)                       E5:6E:A3:DA:33:16
2026-05-13 11:14:39,984 [INFO]   Found: (unnamed)                       D0:3F:3B:40:8E:BA
2026-05-13 11:14:39,984 [INFO]   Found: (unnamed)                       77:5A:4B:1D:48:FB
2026-05-13 11:14:39,984 [INFO]   Found: (unnamed)                       F9:43:1F:7E:C1:DE
2026-05-13 11:14:39,984 [INFO]   Found: (unnamed)                       D5:11:91:F3:36:10
2026-05-13 11:14:39,984 [INFO]   Found: (unnamed)                       DA:0D:4B:E0:17:39
2026-05-13 11:14:39,984 [INFO]   Found: (unnamed)                       21:CF:8F:42:EF:C6
2026-05-13 11:14:39,984 [INFO]   Found: (unnamed)                       F9:38:C6:CB:F1:0F
2026-05-13 11:14:39,984 [INFO]   Found: (unnamed)                       77:87:84:DC:E1:C1
2026-05-13 11:14:39,984 [INFO]   Found: (unnamed)                       48:E2:9B:04:92:E1
2026-05-13 11:14:39,984 [INFO]   Found: (unnamed)                       56:8A:51:9C:41:15
2026-05-13 11:14:39,985 [INFO]   Found: (unnamed)                       41:13:89:6C:08:43
2026-05-13 11:14:39,985 [INFO]   Found: (unnamed)                       5F:AC:4C:16:B5:F8
2026-05-13 11:14:39,985 [INFO]   Found: (unnamed)                       52:40:C7:98:FA:F5
2026-05-13 11:14:39,985 [INFO]   Found: (unnamed)                       5D:66:FD:AD:7E:15
2026-05-13 11:14:39,985 [INFO]   Found: (unnamed)                       44:E5:A5:E2:CF:6B
2026-05-13 11:14:39,985 [INFO]   Found: (unnamed)                       CC:FC:21:D6:EF:D6
2026-05-13 11:14:39,985 [INFO]   Found: (unnamed)                       56:15:B9:B0:5A:14
2026-05-13 11:14:39,985 [INFO]   Found: (unnamed)                       F1:3D:D6:AE:99:24
2026-05-13 11:14:39,985 [INFO]   Found: LE_WH-XB900N                    94:DB:56:5B:94:73
2026-05-13 11:14:39,985 [INFO]   Found: (unnamed)                       4A:35:91:DB:6A:27
2026-05-13 11:14:39,985 [INFO]   Found: (unnamed)                       E9:56:61:B4:76:D1
2026-05-13 11:14:39,985 [INFO]   Found: (unnamed)                       72:05:CB:0E:CB:01
2026-05-13 11:14:39,985 [INFO]   Found: (unnamed)                       55:BC:51:0E:F9:89
2026-05-13 11:14:39,985 [INFO]   Found: (unnamed)                       C6:35:D6:6E:7F:05
2026-05-13 11:14:39,985 [INFO]   Found: (unnamed)                       CA:69:94:AE:41:96
2026-05-13 11:14:39,985 [INFO]   Found: (unnamed)                       64:F5:C2:4E:A1:BB
2026-05-13 11:14:39,986 [INFO]   Found: (unnamed)                       47:15:C3:6C:63:75
2026-05-13 11:14:39,986 [INFO]   Found: (unnamed)                       ED:51:C2:1C:1E:0B
2026-05-13 11:14:39,986 [INFO]   Found: (unnamed)                       54:6A:2D:CF:6C:C6
2026-05-13 11:14:39,986 [INFO]   Found: (unnamed)                       51:81:F2:6C:EB:21
2026-05-13 11:14:39,986 [INFO]   Found: (unnamed)                       5F:D1:76:5B:AD:41
2026-05-13 11:14:39,986 [INFO]   Found: (unnamed)                       3D:78:5A:BF:07:B1
2026-05-13 11:14:39,986 [INFO]   Found: (unnamed)                       E9:EE:CF:AC:05:15
2026-05-13 11:14:39,986 [INFO]   Found: (unnamed)                       FC:AD:8A:A4:B5:38
2026-05-13 11:14:39,986 [INFO]   Found: (unnamed)                       4C:BE:89:D3:CE:7B
2026-05-13 11:14:39,986 [INFO]   Found: (unnamed)                       FD:4C:4B:3D:65:34
2026-05-13 11:14:39,986 [INFO]   Found: (unnamed)                       76:06:83:8E:11:5F
2026-05-13 11:14:39,986 [INFO]   Found: (unnamed)                       7E:3A:0D:A0:62:96
2026-05-13 11:14:39,986 [INFO]   Found: (unnamed)                       ED:59:BD:DD:64:37
2026-05-13 11:14:39,987 [INFO]   Found: (unnamed)                       D4:AA:D9:88:A0:D4
2026-05-13 11:14:39,987 [INFO]   Found: (unnamed)                       4D:68:FF:B2:07:B3
2026-05-13 11:14:39,987 [INFO]   Found: (unnamed)                       7E:7E:7E:0B:78:2B
2026-05-13 11:14:39,987 [INFO]   Found: (unnamed)                       73:0D:A6:73:6A:90
2026-05-13 11:14:39,987 [INFO]   Found: (unnamed)                       21:97:A2:FD:D1:09
2026-05-13 11:14:39,987 [INFO]   Found: (unnamed)                       C7:45:59:6D:90:B1
2026-05-13 11:14:39,987 [INFO]   Found: (unnamed)                       E0:04:99:DB:E4:41
2026-05-13 11:14:39,987 [INFO]   Found: (unnamed)                       D7:BF:BB:D5:7B:5B
2026-05-13 11:14:39,987 [INFO]   Found: (unnamed)                       42:95:4B:16:43:83
2026-05-13 11:14:39,987 [INFO]   Found: (unnamed)                       F5:46:74:48:37:AD
2026-05-13 11:14:39,987 [INFO]   Found: (unnamed)                       75:D6:33:F2:3F:0F
2026-05-13 11:14:39,987 [INFO]   Found: (unnamed)                       DC:86:A9:A5:AF:EA
2026-05-13 11:14:39,987 [INFO]   Found: (unnamed)                       D1:3C:3D:37:F6:3D
2026-05-13 11:14:39,987 [INFO]   Found: (unnamed)                       41:EE:7D:F7:F7:75
2026-05-13 11:14:39,987 [INFO]   Found: (unnamed)                       12:E7:E6:9F:6A:77
2026-05-13 11:14:39,988 [INFO]   Found: (unnamed)                       43:3C:E9:3C:2E:D6
2026-05-13 11:14:39,988 [INFO]   Found: (unnamed)                       4F:45:33:11:8A:6D
2026-05-13 11:14:39,988 [INFO]   Found: (unnamed)                       EC:1C:55:09:2B:D8
2026-05-13 11:14:39,988 [INFO]   Found: (unnamed)                       60:A6:B5:D5:95:B9
2026-05-13 11:14:39,988 [INFO]   Found: (unnamed)                       2D:5F:F9:1E:21:AF
2026-05-13 11:14:39,988 [INFO]   Found: (unnamed)                       7E:FE:0C:47:07:31
2026-05-13 11:14:39,988 [INFO]   Found: (unnamed)                       7D:60:72:64:15:A5
2026-05-13 11:14:39,988 [INFO]   Found: (unnamed)                       D4:CC:1F:2E:4B:12
2026-05-13 11:14:39,988 [INFO]   Found: (unnamed)                       DA:4D:84:9D:66:ED
2026-05-13 11:14:39,988 [INFO]   Found: (unnamed)                       E1:41:AC:29:53:9D
2026-05-13 11:14:39,988 [INFO]   Found: (unnamed)                       D1:95:4D:61:97:B1
2026-05-13 11:14:39,988 [INFO]   Found: (unnamed)                       E1:F7:FC:AB:20:C1
2026-05-13 11:14:39,988 [INFO]   Found: (unnamed)                       6A:D0:CD:39:61:43
2026-05-13 11:14:39,988 [INFO]   Found: (unnamed)                       75:F9:F4:A1:38:49
2026-05-13 11:14:39,989 [INFO]   Found: BC2689310                       54:D6:0D:37:70:7D
2026-05-13 11:14:39,989 [INFO]   Found: (unnamed)                       C0:F8:53:24:E6:A2
2026-05-13 11:14:39,989 [INFO]   Found: (unnamed)                       51:EC:78:DB:7E:FB
2026-05-13 11:14:39,989 [INFO]   Found: (unnamed)                       2F:63:DD:20:0A:12
2026-05-13 11:14:39,989 [INFO]   Found: (unnamed)                       F4:ED:B7:AE:73:11
2026-05-13 11:14:39,989 [INFO]   Found: (unnamed)                       5A:13:E1:F3:95:83
2026-05-13 11:14:39,989 [INFO]   Found: (unnamed)                       F8:1C:1E:AD:D4:BE
2026-05-13 11:14:39,989 [INFO]   Found: (unnamed)                       FA:60:E2:EC:06:43
2026-05-13 11:14:39,989 [INFO]   Found: (unnamed)                       0C:7E:24:3C:A7:C9
2026-05-13 11:14:39,989 [INFO]   Found: (unnamed)                       7A:67:F7:53:8F:70
2026-05-13 11:14:39,989 [INFO]   Found: (unnamed)                       76:F5:01:BB:2E:70
2026-05-13 11:14:39,989 [INFO]   Found: (unnamed)                       E1:67:61:AA:7E:59
2026-05-13 11:14:39,989 [INFO]   Found: (unnamed)                       4F:ED:12:7F:34:F0
2026-05-13 11:14:39,989 [INFO]   Found: (unnamed)                       EA:A7:8F:69:47:51
2026-05-13 11:14:39,989 [INFO]   Found: (unnamed)                       EC:E8:21:09:41:20
2026-05-13 11:14:39,989 [INFO]   Found: (unnamed)                       FC:B9:9E:D0:F4:A7
2026-05-13 11:14:39,989 [INFO]   Found: (unnamed)                       70:F1:84:B1:A8:D5
2026-05-13 11:14:39,989 [INFO]   Found: (unnamed)                       E8:AE:98:1F:BD:C5
2026-05-13 11:14:39,989 [INFO]   Found: (unnamed)                       64:69:0F:4D:23:27
2026-05-13 11:14:39,989 [INFO]   Found: (unnamed)                       F4:0B:D9:24:99:F4
2026-05-13 11:14:39,989 [INFO]   Found: (unnamed)                       D7:99:4E:BC:28:23
2026-05-13 11:14:39,989 [INFO]   Found: (unnamed)                       EE:95:BD:FF:16:12
2026-05-13 11:14:39,989 [INFO]   Found: (unnamed)                       61:83:0F:0B:BF:F0
2026-05-13 11:14:39,989 [INFO]   Found: (unnamed)                       F8:53:84:BA:74:9E
2026-05-13 11:14:39,990 [INFO]   Found: (unnamed)                       C2:23:95:22:38:6D
2026-05-13 11:14:39,990 [INFO]   Found: (unnamed)                       DD:D8:E4:F5:43:E8
2026-05-13 11:14:39,990 [INFO]   Found: (unnamed)                       E9:1A:F7:36:1C:2D
2026-05-13 11:14:39,990 [INFO]   Found: (unnamed)                       5C:80:AB:70:EA:B6
2026-05-13 11:14:39,990 [INFO]   Found: (unnamed)                       C3:16:AE:58:A6:2C
2026-05-13 11:14:39,990 [INFO]   Found: (unnamed)                       D1:4F:F8:66:43:1E
2026-05-13 11:14:39,990 [INFO]   Found: (unnamed)                       60:65:45:84:72:3A
2026-05-13 11:14:39,990 [INFO]   Found: (unnamed)                       C5:75:F5:16:B2:20
2026-05-13 11:14:39,990 [INFO]   Found: (unnamed)                       E8:DF:C5:89:C2:40
2026-05-13 11:14:39,990 [INFO]   Found: (unnamed)                       7C:E7:BE:CF:45:52
2026-05-13 11:14:39,990 [INFO]   Found: (unnamed)                       D7:68:AF:31:28:2F
2026-05-13 11:14:39,990 [INFO]   Found: (unnamed)                       FD:E1:59:74:09:75
2026-05-13 11:14:39,990 [INFO]   Found: (unnamed)                       43:57:D3:2B:64:A0
2026-05-13 11:14:39,990 [INFO]   Found: (unnamed)                       C1:3F:27:88:23:7F
2026-05-13 11:14:39,990 [INFO]   Found: (unnamed)                       54:60:2D:81:F1:DD
2026-05-13 11:14:39,990 [INFO]   Found: (unnamed)                       E2:96:CD:04:7F:16
2026-05-13 11:14:39,990 [INFO] ✨ 1 candidate(s) found
2026-05-13 11:14:39,991 [INFO] Connecting to CE:68:27:E4:9F:D0...
2026-05-13 11:14:44,296 [INFO] Connected ✓  (notifications enabled)
2026-05-13 11:15:07,596 [INFO] 🌡  Warming up sensor (5s HR mode)...
2026-05-13 11:15:10,171 [INFO] ← RX [16b] cmd=0x28  crc_recv=0x80  crc_calc=0x80  raw=28 02 00 00 49 0d 00 00 00 00 00 00 00 00 00 80
2026-05-13 11:15:11,160 [INFO] ← RX [16b] cmd=0x28  crc_recv=0x80  crc_calc=0x80  raw=28 02 00 00 49 0d 00 00 00 00 00 00 00 00 00 80
2026-05-13 11:15:12,150 [INFO] ← RX [16b] cmd=0x28  crc_recv=0x80  crc_calc=0x80  raw=28 02 00 00 49 0d 00 00 00 00 00 00 00 00 00 80
2026-05-13 11:15:12,899 [INFO] ✅ Sensor warm — starting SpO2 measurement
2026-05-13 11:15:12,900 [INFO] ▶ Real-time SpO2 started (60s)...
2026-05-13 11:15:16,244 [INFO] ← RX [16b] cmd=0x28  crc_recv=0x81  crc_calc=0x81  raw=28 03 00 00 49 0d 00 00 00 00 00 00 00 00 00 81
2026-05-13 11:15:16,244 [WARNING]   ⚠  SpO2=0 — sensor may not be in contact yet. Raw: 28 03 00 00 49 0d 00 00 00 00 00 00 00 00 00 81
2026-05-13 11:15:17,191 [INFO] ← RX [16b] cmd=0x28  crc_recv=0x81  crc_calc=0x81  raw=28 03 00 00 49 0d 00 00 00 00 00 00 00 00 00 81
2026-05-13 11:15:17,191 [WARNING]   ⚠  SpO2=0 — sensor may not be in contact yet. Raw: 28 03 00 00 49 0d 00 00 00 00 00 00 00 00 00 81
2026-05-13 11:15:18,181 [INFO] ← RX [16b] cmd=0x28  crc_recv=0x81  crc_calc=0x81  raw=28 03 00 00 49 0d 00 00 00 00 00 00 00 00 00 81
2026-05-13 11:15:18,181 [WARNING]   ⚠  SpO2=0 — sensor may not be in contact yet. Raw: 28 03 00 00 49 0d 00 00 00 00 00 00 00 00 00 81
2026-05-13 11:15:19,171 [INFO] ← RX [16b] cmd=0x28  crc_recv=0x81  crc_calc=0x81  raw=28 03 00 00 49 0d 00 00 00 00 00 00 00 00 00 81
2026-05-13 11:15:19,171 [WARNING]   ⚠  SpO2=0 — sensor may not be in contact yet. Raw: 28 03 00 00 49 0d 00 00 00 00 00 00 00 00 00 81
2026-05-13 11:15:20,160 [INFO] ← RX [16b] cmd=0x28  crc_recv=0x81  crc_calc=0x81  raw=28 03 00 00 49 0d 00 00 00 00 00 00 00 00 00 81
2026-05-13 11:15:20,161 [WARNING]   ⚠  SpO2=0 — sensor may not be in contact yet. Raw: 28 03 00 00 49 0d 00 00 00 00 00 00 00 00 00 81
2026-05-13 11:15:21,150 [INFO] ← RX [16b] cmd=0x28  crc_recv=0x81  crc_calc=0x81  raw=28 03 00 00 49 0d 00 00 00 00 00 00 00 00 00 81
2026-05-13 11:15:21,151 [WARNING]   ⚠  SpO2=0 — sensor may not be in contact yet. Raw: 28 03 00 00 49 0d 00 00 00 00 00 00 00 00 00 81
2026-05-13 11:15:22,185 [INFO] ← RX [16b] cmd=0x28  crc_recv=0x81  crc_calc=0x81  raw=28 03 00 00 49 0d 00 00 00 00 00 00 00 00 00 81
2026-05-13 11:15:22,186 [WARNING]   ⚠  SpO2=0 — sensor may not be in contact yet. Raw: 28 03 00 00 49 0d 00 00 00 00 00 00 00 00 00 81
2026-05-13 11:15:23,175 [INFO] ← RX [16b] cmd=0x28  crc_recv=0x81  crc_calc=0x81  raw=28 03 00 00 49 0d 00 00 00 00 00 00 00 00 00 81
2026-05-13 11:15:23,176 [WARNING]   ⚠  SpO2=0 — sensor may not be in contact yet. Raw: 28 03 00 00 49 0d 00 00 00 00 00 00 00 00 00 81
2026-05-13 11:15:24,165 [INFO] ← RX [16b] cmd=0x28  crc_recv=0x81  crc_calc=0x81  raw=28 03 00 00 49 0d 00 00 00 00 00 00 00 00 00 81
2026-05-13 11:15:24,166 [WARNING]   ⚠  SpO2=0 — sensor may not be in contact yet. Raw: 28 03 00 00 49 0d 00 00 00 00 00 00 00 00 00 81
2026-05-13 11:15:25,155 [INFO] ← RX [16b] cmd=0x28  crc_recv=0x81  crc_calc=0x81  raw=28 03 00 00 49 0d 00 00 00 00 00 00 00 00 00 81
2026-05-13 11:15:25,156 [WARNING]   ⚠  SpO2=0 — sensor may not be in contact yet. Raw: 28 03 00 00 49 0d 00 00 00 00 00 00 00 00 00 81
2026-05-13 11:15:26,190 [INFO] ← RX [16b] cmd=0x28  crc_recv=0x81  crc_calc=0x81  raw=28 03 00 00 49 0d 00 00 00 00 00 00 00 00 00 81
2026-05-13 11:15:26,191 [WARNING]   ⚠  SpO2=0 — sensor may not be in contact yet. Raw: 28 03 00 00 49 0d 00 00 00 00 00 00 00 00 00 81
2026-05-13 11:15:27,180 [INFO] ← RX [16b] cmd=0x28  crc_recv=0x81  crc_calc=0x81  raw=28 03 00 00 49 0d 00 00 00 00 00 00 00 00 00 81
2026-05-13 11:15:27,181 [WARNING]   ⚠  SpO2=0 — sensor may not be in contact yet. Raw: 28 03 00 00 49 0d 00 00 00 00 00 00 00 00 00 81
2026-05-13 11:15:28,170 [INFO] ← RX [16b] cmd=0x28  crc_recv=0x81  crc_calc=0x81  raw=28 03 00 00 49 0d 00 00 00 00 00 00 00 00 00 81
2026-05-13 11:15:28,171 [WARNING]   ⚠  SpO2=0 — sensor may not be in contact yet. Raw: 28 03 00 00 49 0d 00 00 00 00 00 00 00 00 00 81
2026-05-13 11:15:29,160 [INFO] ← RX [16b] cmd=0x28  crc_recv=0x81  crc_calc=0x81  raw=28 03 00 00 49 0d 00 00 00 00 00 00 00 00 00 81
2026-05-13 11:15:29,161 [WARNING]   ⚠  SpO2=0 — sensor may not be in contact yet. Raw: 28 03 00 00 49 0d 00 00 00 00 00 00 00 00 00 81
2026-05-13 11:15:30,150 [INFO] ← RX [16b] cmd=0x28  crc_recv=0x81  crc_calc=0x81  raw=28 03 00 00 49 0d 00 00 00 00 00 00 00 00 00 81
2026-05-13 11:15:30,151 [WARNING]   ⚠  SpO2=0 — sensor may not be in contact yet. Raw: 28 03 00 00 49 0d 00 00 00 00 00 00 00 00 00 81
2026-05-13 11:15:31,185 [INFO] ← RX [16b] cmd=0x28  crc_recv=0x81  crc_calc=0x81  raw=28 03 00 00 49 0d 00 00 00 00 00 00 00 00 00 81
2026-05-13 11:15:31,186 [WARNING]   ⚠  SpO2=0 — sensor may not be in contact yet. Raw: 28 03 00 00 49 0d 00 00 00 00 00 00 00 00 00 81
2026-05-13 11:15:32,175 [INFO] ← RX [16b] cmd=0x28  crc_recv=0xbb  crc_calc=0xbb  raw=28 03 3a 00 49 0d 00 00 00 00 00 00 00 00 00 bb
2026-05-13 11:15:32,175 [WARNING]   ⚠  SpO2=0 — sensor may not be in contact yet. Raw: 28 03 3a 00 49 0d 00 00 00 00 00 00 00 00 00 bb
2026-05-13 11:15:33,165 [INFO] ← RX [16b] cmd=0x28  crc_recv=0xba  crc_calc=0xba  raw=28 03 39 00 49 0d 00 00 00 00 00 00 00 00 00 ba
2026-05-13 11:15:33,166 [WARNING]   ⚠  SpO2=0 — sensor may not be in contact yet. Raw: 28 03 39 00 49 0d 00 00 00 00 00 00 00 00 00 ba
2026-05-13 11:15:34,155 [INFO] ← RX [16b] cmd=0x28  crc_recv=0xbc  crc_calc=0xbc  raw=28 03 3b 00 49 0d 00 00 00 00 00 00 00 00 00 bc
2026-05-13 11:15:34,156 [WARNING]   ⚠  SpO2=0 — sensor may not be in contact yet. Raw: 28 03 3b 00 49 0d 00 00 00 00 00 00 00 00 00 bc
2026-05-13 11:15:35,190 [INFO] ← RX [16b] cmd=0x28  crc_recv=0xc1  crc_calc=0xc1  raw=28 03 40 00 49 0d 00 00 00 00 00 00 00 00 00 c1
2026-05-13 11:15:35,191 [WARNING]   ⚠  SpO2=0 — sensor may not be in contact yet. Raw: 28 03 40 00 49 0d 00 00 00 00 00 00 00 00 00 c1
2026-05-13 11:15:36,180 [INFO] ← RX [16b] cmd=0x28  crc_recv=0xc4  crc_calc=0xc4  raw=28 03 43 00 49 0d 00 00 00 00 00 00 00 00 00 c4
2026-05-13 11:15:36,180 [WARNING]   ⚠  SpO2=0 — sensor may not be in contact yet. Raw: 28 03 43 00 49 0d 00 00 00 00 00 00 00 00 00 c4
2026-05-13 11:15:37,170 [INFO] ← RX [16b] cmd=0x28  crc_recv=0xc6  crc_calc=0xc6  raw=28 03 45 00 49 0d 00 00 00 00 00 00 00 00 00 c6
2026-05-13 11:15:37,171 [WARNING]   ⚠  SpO2=0 — sensor may not be in contact yet. Raw: 28 03 45 00 49 0d 00 00 00 00 00 00 00 00 00 c6
2026-05-13 11:15:38,160 [INFO] ← RX [16b] cmd=0x28  crc_recv=0xc8  crc_calc=0xc8  raw=28 03 47 00 49 0d 00 00 00 00 00 00 00 00 00 c8
2026-05-13 11:15:38,160 [WARNING]   ⚠  SpO2=0 — sensor may not be in contact yet. Raw: 28 03 47 00 49 0d 00 00 00 00 00 00 00 00 00 c8
2026-05-13 11:15:39,150 [INFO] ← RX [16b] cmd=0x28  crc_recv=0xc8  crc_calc=0xc8  raw=28 03 47 00 49 0d 00 00 00 00 00 00 00 00 00 c8
2026-05-13 11:15:39,151 [WARNING]   ⚠  SpO2=0 — sensor may not be in contact yet. Raw: 28 03 47 00 49 0d 00 00 00 00 00 00 00 00 00 c8
2026-05-13 11:15:40,185 [INFO] ← RX [16b] cmd=0x28  crc_recv=0x29  crc_calc=0x29  raw=28 03 47 61 49 0d 00 00 00 00 00 00 00 00 00 29
2026-05-13 11:15:40,186 [INFO]   📡 SpO2: {'measure_type': 3, 'heart_rate': 71, 'spo2': 97, 'unknown_b04': 0, 'fatigue': 0, 'systolic_bp': 0, 'diastolic_bp': 0}
2026-05-13 11:15:41,175 [INFO] ← RX [16b] cmd=0x28  crc_recv=0x29  crc_calc=0x29  raw=28 03 48 60 49 0d 00 00 00 00 00 00 00 00 00 29
2026-05-13 11:15:41,176 [INFO]   📡 SpO2: {'measure_type': 3, 'heart_rate': 72, 'spo2': 96, 'unknown_b04': 0, 'fatigue': 0, 'systolic_bp': 0, 'diastolic_bp': 0}
2026-05-13 11:15:42,165 [INFO] ← RX [16b] cmd=0x28  crc_recv=0x29  crc_calc=0x29  raw=28 03 48 60 49 0d 00 00 00 00 00 00 00 00 00 29
2026-05-13 11:15:42,166 [INFO]   📡 SpO2: {'measure_type': 3, 'heart_rate': 72, 'spo2': 96, 'unknown_b04': 0, 'fatigue': 0, 'systolic_bp': 0, 'diastolic_bp': 0}
2026-05-13 11:15:43,155 [INFO] ← RX [16b] cmd=0x28  crc_recv=0x29  crc_calc=0x29  raw=28 03 48 60 49 0d 00 00 00 00 00 00 00 00 00 29
2026-05-13 11:15:43,156 [INFO]   📡 SpO2: {'measure_type': 3, 'heart_rate': 72, 'spo2': 96, 'unknown_b04': 0, 'fatigue': 0, 'systolic_bp': 0, 'diastolic_bp': 0}
2026-05-13 11:15:44,190 [INFO] ← RX [16b] cmd=0x28  crc_recv=0x27  crc_calc=0x27  raw=28 03 46 60 49 0d 00 00 00 00 00 00 00 00 00 27
2026-05-13 11:15:44,191 [INFO]   📡 SpO2: {'measure_type': 3, 'heart_rate': 70, 'spo2': 96, 'unknown_b04': 0, 'fatigue': 0, 'systolic_bp': 0, 'diastolic_bp': 0}
2026-05-13 11:15:45,180 [INFO] ← RX [16b] cmd=0x28  crc_recv=0x26  crc_calc=0x26  raw=28 03 45 60 49 0d 00 00 00 00 00 00 00 00 00 26
2026-05-13 11:15:45,181 [INFO]   📡 SpO2: {'measure_type': 3, 'heart_rate': 69, 'spo2': 96, 'unknown_b04': 0, 'fatigue': 0, 'systolic_bp': 0, 'diastolic_bp': 0}
2026-05-13 11:15:46,170 [INFO] ← RX [16b] cmd=0x28  crc_recv=0x25  crc_calc=0x25  raw=28 03 44 60 49 0d 00 00 00 00 00 00 00 00 00 25
2026-05-13 11:15:46,171 [INFO]   📡 SpO2: {'measure_type': 3, 'heart_rate': 68, 'spo2': 96, 'unknown_b04': 0, 'fatigue': 0, 'systolic_bp': 0, 'diastolic_bp': 0}
2026-05-13 11:15:47,160 [INFO] ← RX [16b] cmd=0x28  crc_recv=0x25  crc_calc=0x25  raw=28 03 44 60 49 0d 00 00 00 00 00 00 00 00 00 25
2026-05-13 11:15:47,161 [INFO]   📡 SpO2: {'measure_type': 3, 'heart_rate': 68, 'spo2': 96, 'unknown_b04': 0, 'fatigue': 0, 'systolic_bp': 0, 'diastolic_bp': 0}
2026-05-13 11:15:48,150 [INFO] ← RX [16b] cmd=0x28  crc_recv=0x27  crc_calc=0x27  raw=28 03 46 60 49 0d 00 00 00 00 00 00 00 00 00 27
2026-05-13 11:15:48,151 [INFO]   📡 SpO2: {'measure_type': 3, 'heart_rate': 70, 'spo2': 96, 'unknown_b04': 0, 'fatigue': 0, 'systolic_bp': 0, 'diastolic_bp': 0}
2026-05-13 11:15:49,185 [INFO] ← RX [16b] cmd=0x28  crc_recv=0x27  crc_calc=0x27  raw=28 03 46 60 49 0d 00 00 00 00 00 00 00 00 00 27
2026-05-13 11:15:49,186 [INFO]   📡 SpO2: {'measure_type': 3, 'heart_rate': 70, 'spo2': 96, 'unknown_b04': 0, 'fatigue': 0, 'systolic_bp': 0, 'diastolic_bp': 0}
2026-05-13 11:15:50,175 [INFO] ← RX [16b] cmd=0x28  crc_recv=0x27  crc_calc=0x27  raw=28 03 46 60 49 0d 00 00 00 00 00 00 00 00 00 27
2026-05-13 11:15:50,176 [INFO]   📡 SpO2: {'measure_type': 3, 'heart_rate': 70, 'spo2': 96, 'unknown_b04': 0, 'fatigue': 0, 'systolic_bp': 0, 'diastolic_bp': 0}
2026-05-13 11:15:51,165 [INFO] ← RX [16b] cmd=0x28  crc_recv=0x28  crc_calc=0x28  raw=28 03 47 60 49 0d 00 00 00 00 00 00 00 00 00 28
2026-05-13 11:15:51,166 [INFO]   📡 SpO2: {'measure_type': 3, 'heart_rate': 71, 'spo2': 96, 'unknown_b04': 0, 'fatigue': 0, 'systolic_bp': 0, 'diastolic_bp': 0}
2026-05-13 11:15:52,155 [INFO] ← RX [16b] cmd=0x28  crc_recv=0x28  crc_calc=0x28  raw=28 03 47 60 49 0d 00 00 00 00 00 00 00 00 00 28
2026-05-13 11:15:52,156 [INFO]   📡 SpO2: {'measure_type': 3, 'heart_rate': 71, 'spo2': 96, 'unknown_b04': 0, 'fatigue': 0, 'systolic_bp': 0, 'diastolic_bp': 0}
2026-05-13 11:15:53,190 [INFO] ← RX [16b] cmd=0x28  crc_recv=0x29  crc_calc=0x29  raw=28 03 48 60 49 0d 00 00 00 00 00 00 00 00 00 29
2026-05-13 11:15:53,191 [INFO]   📡 SpO2: {'measure_type': 3, 'heart_rate': 72, 'spo2': 96, 'unknown_b04': 0, 'fatigue': 0, 'systolic_bp': 0, 'diastolic_bp': 0}
2026-05-13 11:15:54,180 [INFO] ← RX [16b] cmd=0x28  crc_recv=0x29  crc_calc=0x29  raw=28 03 48 60 49 0d 00 00 00 00 00 00 00 00 00 29
2026-05-13 11:15:54,180 [INFO]   📡 SpO2: {'measure_type': 3, 'heart_rate': 72, 'spo2': 96, 'unknown_b04': 0, 'fatigue': 0, 'systolic_bp': 0, 'diastolic_bp': 0}
2026-05-13 11:15:55,170 [INFO] ← RX [16b] cmd=0x28  crc_recv=0x29  crc_calc=0x29  raw=28 03 48 60 49 0d 00 00 00 00 00 00 00 00 00 29
2026-05-13 11:15:55,171 [INFO]   📡 SpO2: {'measure_type': 3, 'heart_rate': 72, 'spo2': 96, 'unknown_b04': 0, 'fatigue': 0, 'systolic_bp': 0, 'diastolic_bp': 0}
2026-05-13 11:15:56,160 [INFO] ← RX [16b] cmd=0x28  crc_recv=0x29  crc_calc=0x29  raw=28 03 48 60 49 0d 00 00 00 00 00 00 00 00 00 29
2026-05-13 11:15:56,161 [INFO]   📡 SpO2: {'measure_type': 3, 'heart_rate': 72, 'spo2': 96, 'unknown_b04': 0, 'fatigue': 0, 'systolic_bp': 0, 'diastolic_bp': 0}
2026-05-13 11:15:57,150 [INFO] ← RX [16b] cmd=0x28  crc_recv=0x2b  crc_calc=0x2b  raw=28 03 4a 60 49 0d 00 00 00 00 00 00 00 00 00 2b
2026-05-13 11:15:57,151 [INFO]   📡 SpO2: {'measure_type': 3, 'heart_rate': 74, 'spo2': 96, 'unknown_b04': 0, 'fatigue': 0, 'systolic_bp': 0, 'diastolic_bp': 0}
2026-05-13 11:15:58,185 [INFO] ← RX [16b] cmd=0x28  crc_recv=0x2b  crc_calc=0x2b  raw=28 03 4a 60 49 0d 00 00 00 00 00 00 00 00 00 2b
2026-05-13 11:15:58,186 [INFO]   📡 SpO2: {'measure_type': 3, 'heart_rate': 74, 'spo2': 96, 'unknown_b04': 0, 'fatigue': 0, 'systolic_bp': 0, 'diastolic_bp': 0}
2026-05-13 11:16:01,382 [INFO] Disconnected.
2026-05-13 11:18:46,107 [INFO] Connecting to 74:19:0A:14:70:C8...
2026-05-13 11:19:02,196 [INFO] 🔍 Scanning for BLE devices (10.0s)...
2026-05-13 11:19:12,478 [INFO]   Found: (unnamed)                       64:89:87:D8:F2:2E
2026-05-13 11:19:12,478 [INFO]   Found: (unnamed)                       30:5E:97:95:A4:E2
2026-05-13 11:19:12,478 [INFO]   Found: (unnamed)                       6F:0A:5E:5B:1F:12
2026-05-13 11:19:12,478 [INFO]   Found: (unnamed)                       40:CB:B4:B6:4E:01
2026-05-13 11:19:12,478 [INFO]   Found: CR-79583                        40:9C:68:44:D6:BA
2026-05-13 11:19:12,478 [INFO]   Found: (unnamed)                       14:A8:66:95:7F:59
2026-05-13 11:19:12,478 [INFO]   Found: (unnamed)                       5E:90:A9:F9:88:B1
2026-05-13 11:19:12,478 [INFO]   Found: (unnamed)                       4C:D1:FF:BE:80:05
2026-05-13 11:19:12,478 [INFO]   Found: (unnamed)                       5C:06:A9:DF:88:44
2026-05-13 11:19:12,478 [INFO]   Found: (unnamed)                       13:3D:7E:79:3F:33
2026-05-13 11:19:12,478 [INFO]   Found: (unnamed)                       18:92:44:56:61:E1
2026-05-13 11:19:12,478 [INFO]   Found: (unnamed)                       5D:67:03:3B:3F:CB
2026-05-13 11:19:12,479 [INFO]   Found: (unnamed)                       5B:D5:83:C0:7B:DB
2026-05-13 11:19:12,479 [INFO]   Found: (unnamed)                       51:81:F2:6C:EB:21
2026-05-13 11:19:12,479 [INFO]   Found: (unnamed)                       6D:D2:B1:AE:4A:48
2026-05-13 11:19:12,479 [INFO]   Found: (unnamed)                       7A:15:AA:EA:AE:EA
2026-05-13 11:19:12,479 [INFO]   Found: (unnamed)                       0A:10:FC:EF:B4:E6
2026-05-13 11:19:12,479 [INFO]   Found: (unnamed)                       5A:13:E1:F3:95:83
2026-05-13 11:19:12,479 [INFO]   Found: (unnamed)                       19:FB:51:0C:D6:BD
2026-05-13 11:19:12,479 [INFO]   Found: (unnamed)                       45:EF:B4:CF:63:7D
2026-05-13 11:19:12,479 [INFO]   Found: (unnamed)                       7F:5C:54:4E:BA:F7
2026-05-13 11:19:12,479 [INFO]   Found: (unnamed)                       2D:28:25:7D:3B:2E
2026-05-13 11:19:12,479 [INFO]   Found: (unnamed)                       F8:83:2D:2E:6A:2B
2026-05-13 11:19:12,479 [INFO]   Found: (unnamed)                       70:5E:8F:99:D9:78
2026-05-13 11:19:12,479 [INFO]   Found: (unnamed)                       EF:A6:B6:DB:90:A0
2026-05-13 11:19:12,479 [INFO]   Found: (unnamed)                       E5:3D:68:7A:84:42
2026-05-13 11:19:12,479 [INFO]   Found: (unnamed)                       6C:D5:14:4B:07:CD
2026-05-13 11:19:12,479 [INFO]   Found: (unnamed)                       6D:FB:5C:10:19:F0
2026-05-13 11:19:12,479 [INFO]   Found: (unnamed)                       0D:62:2B:8D:0B:DF
2026-05-13 11:19:12,479 [INFO]   Found: (unnamed)                       44:43:BE:01:98:D5
2026-05-13 11:19:12,479 [INFO]   Found: (unnamed)                       2C:71:7B:E2:A9:51
2026-05-13 11:19:12,479 [INFO]   Found: (unnamed)                       29:16:D2:66:CD:CF
2026-05-13 11:19:12,479 [INFO]   Found: (unnamed)                       E7:F4:BE:F9:96:64
2026-05-13 11:19:12,479 [INFO]   Found: (unnamed)                       1B:D8:F7:77:62:17
2026-05-13 11:19:12,479 [INFO]   Found: (unnamed)                       29:71:BD:EC:7D:CB
2026-05-13 11:19:12,479 [INFO]   Found: BC2688993                       54:D6:0D:37:7F:5D
2026-05-13 11:19:12,479 [INFO]   Found: (unnamed)                       7C:5C:95:54:3F:9A
2026-05-13 11:19:12,479 [INFO]   Found: (unnamed)                       48:D6:87:CB:AC:BE
2026-05-13 11:19:12,479 [INFO]   Found: (unnamed)                       49:1D:E1:D8:21:30
2026-05-13 11:19:12,480 [INFO]   Found: (unnamed)                       66:76:23:52:47:08
2026-05-13 11:19:12,480 [INFO]   Found: (unnamed)                       67:09:90:D1:96:D2
2026-05-13 11:19:12,480 [INFO]   Found: (unnamed)                       28:E1:06:F4:10:39
2026-05-13 11:19:12,480 [INFO]   Found: (unnamed)                       44:81:51:7F:D0:95
2026-05-13 11:19:12,480 [INFO]   Found: Redmi Watch 5 Active E8D8       E8:E6:09:5E:E8:D8
2026-05-13 11:19:12,480 [INFO]   Found: (unnamed)                       69:75:73:28:BE:0C
2026-05-13 11:19:12,480 [INFO]   Found: (unnamed)                       2A:01:2D:E1:33:1E
2026-05-13 11:19:12,480 [INFO]   Found: (unnamed)                       59:A7:98:1B:D0:DA
2026-05-13 11:19:12,480 [INFO]   Found: (unnamed)                       79:C1:00:EB:C1:21
2026-05-13 11:19:12,480 [INFO]   Found: (unnamed)                       59:AE:92:CB:1B:F5
2026-05-13 11:19:12,480 [INFO]   Found: (unnamed)                       5C:97:F3:8E:83:3D
2026-05-13 11:19:12,480 [INFO]   Found: (unnamed)                       6A:24:12:8D:4E:FD
2026-05-13 11:19:12,480 [INFO]   Found: (unnamed)                       51:40:C8:3C:51:C3
2026-05-13 11:19:12,480 [INFO]   Found: (unnamed)                       7F:06:D6:7F:27:79
2026-05-13 11:19:12,480 [INFO]   Found: (unnamed)                       56:B4:7F:8E:A5:3C
2026-05-13 11:19:12,480 [INFO]   Found: (unnamed)                       62:73:91:69:45:A6
2026-05-13 11:19:12,480 [INFO]   Found: (unnamed)                       EF:5D:73:DF:93:6B
2026-05-13 11:19:12,480 [INFO]   Found: (unnamed)                       5A:A6:70:90:24:4E
2026-05-13 11:19:12,480 [INFO]   Found: (unnamed)                       74:23:1B:F8:D5:20
2026-05-13 11:19:12,480 [INFO]   Found: (unnamed)                       51:BF:C7:B6:3E:1F
2026-05-13 11:19:12,480 [INFO]   Found: (unnamed)                       FC:05:94:53:28:B6
2026-05-13 11:19:12,480 [INFO]   Found: (unnamed)                       41:9F:53:E3:B8:06
2026-05-13 11:19:12,480 [INFO]   Found: (unnamed)                       07:83:B8:CB:A0:B2
2026-05-13 11:19:12,480 [INFO]   Found: (unnamed)                       42:95:4B:16:43:83
2026-05-13 11:19:12,480 [INFO]   Found: (unnamed)                       4D:03:62:ED:44:6A
2026-05-13 11:19:12,480 [INFO]   Found: (unnamed)                       6D:A2:17:4B:F1:1B
2026-05-13 11:19:12,480 [INFO]   Found: (unnamed)                       76:6F:33:CE:0B:CE
2026-05-13 11:19:12,481 [INFO]   Found: (unnamed)                       44:18:86:FB:47:0F
2026-05-13 11:19:12,481 [INFO]   Found: (unnamed)                       67:80:6B:B8:D4:F7
2026-05-13 11:19:12,481 [INFO]   Found: (unnamed)                       7E:CF:DA:83:A0:1E
2026-05-13 11:19:12,481 [INFO]   Found: (unnamed)                       5F:AC:4C:16:B5:F8
2026-05-13 11:19:12,481 [INFO]   Found: (unnamed)                       79:E1:A6:69:99:55
2026-05-13 11:19:12,481 [INFO]   Found: (unnamed)                       11:15:11:36:C9:77
2026-05-13 11:19:12,481 [INFO]   Found: (unnamed)                       50:E5:32:0A:5E:3B
2026-05-13 11:19:12,481 [INFO]   Found: (unnamed)                       66:00:82:5D:ED:27
2026-05-13 11:19:12,481 [INFO]   Found: (unnamed)                       26:71:80:6F:B7:2A
2026-05-13 11:19:12,481 [INFO]   Found: (unnamed)                       03:C4:FE:2F:B5:03
2026-05-13 11:19:12,481 [INFO]   Found: (unnamed)                       50:64:BB:7C:BC:E6
2026-05-13 11:19:12,481 [INFO]   Found: (unnamed)                       18:F8:EE:BB:D9:08
2026-05-13 11:19:12,481 [INFO]   Found: (unnamed)                       1C:13:D6:4A:6E:51
2026-05-13 11:19:12,481 [INFO]   Found: (unnamed)                       24:3E:9A:D6:CE:C1
2026-05-13 11:19:12,481 [INFO]   Found: (unnamed)                       CD:E1:A0:02:57:0C
2026-05-13 11:19:12,481 [INFO]   Found: (unnamed)                       64:50:A8:0B:70:9A
2026-05-13 11:19:12,481 [INFO]   Found: (unnamed)                       60:45:74:4C:45:C8
2026-05-13 11:19:12,481 [INFO]   Found: (unnamed)                       63:1C:37:86:46:D6
2026-05-13 11:19:12,481 [INFO]   Found: Cubitt VIVA Pro                 F4:4E:FD:A3:7E:EB
2026-05-13 11:19:12,481 [INFO]   Found: (unnamed)                       78:14:79:80:DE:D8
2026-05-13 11:19:12,481 [INFO]   Found: (unnamed)                       30:26:6E:07:AA:34
2026-05-13 11:19:12,481 [INFO]   Found: (unnamed)                       75:F9:F4:A1:38:49
2026-05-13 11:19:12,481 [INFO]   Found: (unnamed)                       4C:99:FD:AC:5F:61
2026-05-13 11:19:12,481 [INFO]   Found: (unnamed)                       1D:33:10:9D:A7:CA
2026-05-13 11:19:12,481 [INFO]   Found: (unnamed)                       45:5B:F6:92:7E:46
2026-05-13 11:19:12,481 [INFO]   Found: (unnamed)                       41:C8:56:4D:D3:E6
2026-05-13 11:19:12,481 [INFO]   Found: (unnamed)                       63:E0:EF:29:CA:7D
2026-05-13 11:19:12,481 [INFO]   Found: (unnamed)                       62:55:12:97:FF:1D
2026-05-13 11:19:12,481 [INFO]   Found: (unnamed)                       78:8F:A3:BB:67:6C
2026-05-13 11:19:12,481 [INFO]   Found: (unnamed)                       76:F5:01:BB:2E:70
2026-05-13 11:19:12,482 [INFO]   Found: (unnamed)                       51:84:C6:43:E3:F2
2026-05-13 11:19:12,482 [INFO]   Found: (unnamed)                       4F:09:AE:8F:5C:18
2026-05-13 11:19:12,482 [INFO]   Found: (unnamed)                       D1:F3:4A:1A:6F:ED
2026-05-13 11:19:12,482 [INFO]   Found: (unnamed)                       41:24:94:E3:21:2E
2026-05-13 11:19:12,482 [INFO]   Found: (unnamed)                       7B:2D:09:F8:AD:1C
2026-05-13 11:19:12,482 [INFO]   Found: (unnamed)                       75:35:83:E0:8D:E0
2026-05-13 11:19:12,482 [INFO]   Found: (unnamed)                       05:A9:20:73:62:B7
2026-05-13 11:19:12,482 [INFO]   Found: (unnamed)                       3B:C0:17:BE:E1:79
2026-05-13 11:19:12,482 [INFO]   Found: (unnamed)                       49:B8:D0:C4:CA:E8
2026-05-13 11:19:12,482 [INFO]   Found: (unnamed)                       65:2A:A1:4C:3C:D8
2026-05-13 11:19:12,482 [INFO]   Found: (unnamed)                       66:EA:53:A1:29:62
2026-05-13 11:19:12,482 [INFO]   Found: (unnamed)                       7E:49:F8:F2:91:81
2026-05-13 11:19:12,482 [INFO]   Found: (unnamed)                       6A:E9:8D:9C:84:85
2026-05-13 11:19:12,482 [INFO]   Found: (unnamed)                       40:E0:AF:8F:25:3B
2026-05-13 11:19:12,482 [INFO]   Found: (unnamed)                       DD:BC:CF:CF:B5:45
2026-05-13 11:19:12,482 [INFO]   Found: (unnamed)                       74:14:F4:57:CB:29
2026-05-13 11:19:12,482 [INFO]   Found: (unnamed)                       7E:1B:C0:98:3E:2C
2026-05-13 11:19:12,482 [INFO]   Found: Galaxy Fit3 (70C8)              74:19:0A:14:70:C8
2026-05-13 11:19:12,482 [INFO]   Found: (unnamed)                       68:EF:1D:0E:89:AD
2026-05-13 11:19:12,482 [INFO]   Found: (unnamed)                       40:A5:D4:AB:1B:0B
2026-05-13 11:19:12,482 [INFO]   Found: (unnamed)                       43:3C:E9:3C:2E:D6
2026-05-13 11:19:12,482 [INFO]   Found: (unnamed)                       40:97:86:51:CA:B6
2026-05-13 11:19:12,482 [INFO]   Found: (unnamed)                       71:A6:5C:17:1A:C2
2026-05-13 11:19:12,482 [INFO]   Found: (unnamed)                       4E:00:A2:B4:82:47
2026-05-13 11:19:12,482 [INFO]   Found: (unnamed)                       26:60:0A:E5:19:46
2026-05-13 11:19:12,482 [INFO]   Found: (unnamed)                       5D:85:CB:53:E8:68
2026-05-13 11:19:12,482 [INFO]   Found: (unnamed)                       DA:3F:4E:7D:D7:14
2026-05-13 11:19:12,482 [INFO]   Found: (unnamed)                       D4:AA:D9:88:A0:D4
2026-05-13 11:19:12,483 [INFO]   Found: (unnamed)                       47:4C:92:CA:4E:21
2026-05-13 11:19:12,483 [INFO]   Found: (unnamed)                       4E:43:65:9A:B9:67
2026-05-13 11:19:12,483 [INFO]   Found: (unnamed)                       4E:59:D7:55:32:E7
2026-05-13 11:19:12,483 [INFO]   Found: (unnamed)                       53:37:17:B1:FC:04
2026-05-13 11:19:12,483 [INFO]   Found: (unnamed)                       37:1B:DF:19:D3:77
2026-05-13 11:19:12,483 [INFO]   Found: (unnamed)                       1A:21:59:C7:F6:64
2026-05-13 11:19:12,483 [INFO]   Found: (unnamed)                       59:CA:8B:D7:20:32
2026-05-13 11:19:12,483 [INFO]   Found: (unnamed)                       4A:35:91:DB:6A:27
2026-05-13 11:19:12,483 [INFO]   Found: (unnamed)                       7E:FE:0C:47:07:31
2026-05-13 11:19:12,483 [INFO]   Found: (unnamed)                       74:50:49:FC:4B:FB
2026-05-13 11:19:12,483 [INFO]   Found: (unnamed)                       41:20:5B:81:B9:3B
2026-05-13 11:19:12,483 [INFO]   Found: MARTINASUSROG                   51:63:0F:47:C2:E0
2026-05-13 11:19:12,483 [INFO]   Found: (unnamed)                       77:1E:D1:47:82:FC
2026-05-13 11:19:12,483 [INFO]   Found: (unnamed)                       C0:3A:1C:9B:C0:BA
2026-05-13 11:19:12,483 [INFO]   Found: (unnamed)                       23:1F:2A:31:1F:90
2026-05-13 11:19:12,483 [INFO]   Found: (unnamed)                       59:09:FB:94:BA:19
2026-05-13 11:19:12,483 [INFO]   Found: (unnamed)                       69:8C:3E:AC:F1:36
2026-05-13 11:19:12,483 [INFO]   Found: (unnamed)                       D7:52:23:DC:BF:C3
2026-05-13 11:19:12,483 [INFO]   Found: (unnamed)                       48:0D:E5:A4:67:4C
2026-05-13 11:19:12,483 [INFO]   Found: (unnamed)                       EF:09:36:D3:56:46
2026-05-13 11:19:12,483 [INFO]   Found: (unnamed)                       48:24:24:58:F9:D8
2026-05-13 11:19:12,484 [INFO]   Found: (unnamed)                       E2:87:03:8A:02:F3
2026-05-13 11:19:12,484 [INFO]   Found: (unnamed)                       44:14:60:B6:6F:2C
2026-05-13 11:19:12,484 [INFO]   Found: (unnamed)                       EB:91:2F:FF:B1:EE
2026-05-13 11:19:12,484 [INFO]   Found: (unnamed)                       58:62:C0:C3:3C:85
2026-05-13 11:19:12,484 [INFO]   Found: (unnamed)                       4F:4D:88:BA:6F:C6
2026-05-13 11:19:12,484 [INFO]   Found: (unnamed)                       4C:BE:89:D3:CE:7B
2026-05-13 11:19:12,484 [INFO]   Found: (unnamed)                       47:B2:43:85:4B:13
2026-05-13 11:19:12,484 [INFO]   Found: (unnamed)                       E8:AB:39:40:05:60
2026-05-13 11:19:12,484 [INFO]   Found: (unnamed)                       64:0D:52:05:EB:F0
2026-05-13 11:19:12,484 [INFO]   Found: (unnamed)                       5B:C7:E0:42:F6:14
2026-05-13 11:19:12,484 [INFO]   Found: (unnamed)                       F8:F3:69:2B:18:0C
2026-05-13 11:19:12,484 [INFO]   Found: (unnamed)                       5E:76:9A:DD:B3:98
2026-05-13 11:19:12,484 [INFO]   Found: (unnamed)                       7F:79:2B:88:39:62
2026-05-13 11:19:12,484 [INFO]   Found: (unnamed)                       53:5A:A4:35:03:2D
2026-05-13 11:19:12,484 [INFO]   Found: (unnamed)                       73:67:C2:06:CC:3E
2026-05-13 11:19:12,484 [INFO]   Found: (unnamed)                       47:59:18:06:54:9F
2026-05-13 11:19:12,484 [INFO]   Found: (unnamed)                       5D:91:B4:91:FE:CE
2026-05-13 11:19:12,484 [INFO]   Found: (unnamed)                       40:C3:C6:89:AF:22
2026-05-13 11:19:12,484 [INFO]   Found: (unnamed)                       27:4B:D3:76:69:CD
2026-05-13 11:19:12,484 [INFO]   Found: (unnamed)                       38:FD:19:42:0A:2E
2026-05-13 11:19:12,484 [INFO]   Found: (unnamed)                       F8:53:84:BA:74:9E
2026-05-13 11:19:12,484 [INFO]   Found: (unnamed)                       10:3A:EB:C3:E7:FF
2026-05-13 11:19:12,484 [INFO]   Found: (unnamed)                       26:4C:26:5B:9F:D0
2026-05-13 11:19:12,484 [INFO]   Found: (unnamed)                       71:C9:5B:8F:4E:D9
2026-05-13 11:19:12,484 [INFO]   Found: (unnamed)                       D0:EF:4A:0D:93:0B
2026-05-13 11:19:12,484 [INFO]   Found: (unnamed)                       45:2F:E6:F2:97:CC
2026-05-13 11:19:12,485 [INFO]   Found: (unnamed)                       43:B8:D3:66:09:25
2026-05-13 11:19:12,485 [INFO]   Found: (unnamed)                       6E:79:60:14:F7:6C
2026-05-13 11:19:12,485 [INFO]   Found: (unnamed)                       62:42:70:83:47:FB
2026-05-13 11:19:12,485 [INFO]   Found: (unnamed)                       7F:39:6A:B6:88:F4
2026-05-13 11:19:12,485 [INFO]   Found: J2501 9FD0                      CE:68:27:E4:9F:D0
2026-05-13 11:19:12,485 [INFO]     ↳ candidate: advertises 0000fff0-0000-1000-8000-00805f9b34fb
2026-05-13 11:19:12,485 [INFO]   Found: (unnamed)                       59:D2:5D:6F:01:41
2026-05-13 11:19:12,485 [INFO]   Found: (unnamed)                       6A:84:23:0A:39:DC
2026-05-13 11:19:12,485 [INFO]   Found: (unnamed)                       66:30:9B:6D:93:26
2026-05-13 11:19:12,485 [INFO]   Found: (unnamed)                       5C:02:69:D0:E8:EA
2026-05-13 11:19:12,485 [INFO]   Found: (unnamed)                       2B:2D:D0:99:16:96
2026-05-13 11:19:12,485 [INFO]   Found: (unnamed)                       64:0B:35:77:A1:F1
2026-05-13 11:19:12,485 [INFO]   Found: (unnamed)                       54:FF:7F:1D:3A:0D
2026-05-13 11:19:12,485 [INFO]   Found: (unnamed)                       14:C9:47:13:DB:59
2026-05-13 11:19:12,485 [INFO]   Found: (unnamed)                       58:51:BC:63:32:CD
2026-05-13 11:19:12,485 [INFO]   Found: (unnamed)                       56:FE:7B:7F:3A:97
2026-05-13 11:19:12,485 [INFO]   Found: (unnamed)                       7B:A7:ED:D7:04:A3
2026-05-13 11:19:12,485 [INFO]   Found: (unnamed)                       75:C9:F9:65:02:CE
2026-05-13 11:19:12,485 [INFO]   Found: (unnamed)                       7E:1B:47:BB:5B:D2
2026-05-13 11:19:12,485 [INFO]   Found: (unnamed)                       71:D0:97:30:B9:49
2026-05-13 11:19:12,485 [INFO]   Found: (unnamed)                       75:29:65:61:D0:A7
2026-05-13 11:19:12,485 [INFO]   Found: (unnamed)                       78:E6:A5:88:72:E7
2026-05-13 11:19:12,485 [INFO]   Found: (unnamed)                       44:AD:91:2E:0C:35
2026-05-13 11:19:12,485 [INFO]   Found: (unnamed)                       4E:83:5E:64:E5:7B
2026-05-13 11:19:12,485 [INFO]   Found: (unnamed)                       C1:10:9B:BC:EC:1A
2026-05-13 11:19:12,486 [INFO]   Found: (unnamed)                       5F:F1:4E:CE:B7:0F
2026-05-13 11:19:12,486 [INFO]   Found: (unnamed)                       5F:D7:2F:37:11:46
2026-05-13 11:19:12,486 [INFO]   Found: (unnamed)                       56:2C:6B:11:9E:21
2026-05-13 11:19:12,486 [INFO]   Found: (unnamed)                       DD:A0:55:32:4B:FA
2026-05-13 11:19:12,486 [INFO]   Found: (unnamed)                       3D:C4:76:FF:AE:BE
2026-05-13 11:19:12,486 [INFO]   Found: (unnamed)                       6C:59:E7:ED:EE:12
2026-05-13 11:19:12,486 [INFO]   Found: (unnamed)                       D0:9E:96:BB:7A:65
2026-05-13 11:19:12,486 [INFO]   Found: (unnamed)                       53:36:2B:EB:3A:0F
2026-05-13 11:19:12,486 [INFO]   Found: (unnamed)                       D7:84:D2:57:9D:D3
2026-05-13 11:19:12,486 [INFO]   Found: BC2688871                       54:D6:0D:37:5D:E9
2026-05-13 11:19:12,486 [INFO]   Found: (unnamed)                       07:2E:21:A7:33:00
2026-05-13 11:19:12,486 [INFO]   Found: (unnamed)                       EF:F0:1F:AC:54:5A
2026-05-13 11:19:12,486 [INFO]   Found: (unnamed)                       14:99:F5:CE:C9:8A
2026-05-13 11:19:12,486 [INFO]   Found: (unnamed)                       0E:B5:8A:B8:C4:58
2026-05-13 11:19:12,486 [INFO]   Found: (unnamed)                       5F:D1:76:5B:AD:41
2026-05-13 11:19:12,486 [INFO]   Found: JBL WAVE FLEX-LE                C0:2E:29:20:43:82
2026-05-13 11:19:12,487 [INFO]   Found: (unnamed)                       76:01:0D:44:77:76
2026-05-13 11:19:12,487 [INFO]   Found: (unnamed)                       41:EE:7D:F7:F7:75
2026-05-13 11:19:12,487 [INFO]   Found: (unnamed)                       71:44:91:07:26:D7
2026-05-13 11:19:12,487 [INFO]   Found: (unnamed)                       23:7A:64:0F:A2:98
2026-05-13 11:19:12,487 [INFO]   Found: (unnamed)                       54:F5:05:2B:F5:B1
2026-05-13 11:19:12,487 [INFO]   Found: (unnamed)                       50:2B:5F:FD:D3:B9
2026-05-13 11:19:12,487 [INFO]   Found: (unnamed)                       51:E8:DD:D4:20:AF
2026-05-13 11:19:12,487 [INFO]   Found: (unnamed)                       44:E5:A5:E2:CF:6B
2026-05-13 11:19:12,487 [INFO]   Found: (unnamed)                       5E:8C:84:D6:21:51
2026-05-13 11:19:12,487 [INFO]   Found: (unnamed)                       7F:A7:8D:EA:14:EC
2026-05-13 11:19:12,487 [INFO]   Found: (unnamed)                       38:7A:56:CC:FE:8A
2026-05-13 11:19:12,487 [INFO]   Found: (unnamed)                       D1:19:75:D6:D9:7B
2026-05-13 11:19:12,487 [INFO]   Found: (unnamed)                       52:69:FD:09:FC:B7
2026-05-13 11:19:12,487 [INFO]   Found: (unnamed)                       61:1F:22:61:52:F8
2026-05-13 11:19:12,487 [INFO]   Found: (unnamed)                       43:2F:5F:85:08:8E
2026-05-13 11:19:12,487 [INFO]   Found: (unnamed)                       20:4D:45:93:FD:8C
2026-05-13 11:19:12,488 [INFO]   Found: (unnamed)                       F0:46:A2:5C:9B:6A
2026-05-13 11:19:12,488 [INFO]   Found: (unnamed)                       62:4C:D1:1D:54:E0
2026-05-13 11:19:12,488 [INFO]   Found: (unnamed)                       02:52:82:C3:09:A5
2026-05-13 11:19:12,488 [INFO]   Found: (unnamed)                       F1:DB:03:F0:D2:42
2026-05-13 11:19:12,488 [INFO]   Found: BC2689107                       54:D6:0D:37:44:45
2026-05-13 11:19:12,488 [INFO]   Found: (unnamed)                       73:0E:07:16:2C:78
2026-05-13 11:19:12,488 [INFO]   Found: (unnamed)                       32:4C:0D:B2:C5:10
2026-05-13 11:19:12,488 [INFO]   Found: (unnamed)                       E5:35:76:53:26:89
2026-05-13 11:19:12,488 [INFO]   Found: (unnamed)                       6B:ED:20:C9:D5:6C
2026-05-13 11:19:12,488 [INFO]   Found: (unnamed)                       C9:C8:3F:EA:28:83
2026-05-13 11:19:12,488 [INFO]   Found: (unnamed)                       3F:EA:1C:31:6A:36
2026-05-13 11:19:12,488 [INFO]   Found: (unnamed)                       F4:0B:D9:24:99:F4
2026-05-13 11:19:12,488 [INFO]   Found: (unnamed)                       6A:D0:CD:39:61:43
2026-05-13 11:19:12,488 [INFO]   Found: (unnamed)                       5D:AC:67:41:A2:95
2026-05-13 11:19:12,488 [INFO]   Found: (unnamed)                       74:D1:14:CD:50:1F
2026-05-13 11:19:12,488 [INFO]   Found: (unnamed)                       DA:99:17:A9:D9:94
2026-05-13 11:19:12,488 [INFO]   Found: (unnamed)                       34:DB:E9:0B:43:C4
2026-05-13 11:19:12,488 [INFO]   Found: CR-79647                        47:47:35:A5:B7:67
2026-05-13 11:19:12,489 [INFO]   Found: (unnamed)                       F6:ED:27:27:B6:94
2026-05-13 11:19:12,489 [INFO]   Found: (unnamed)                       06:B5:43:3A:A0:28
2026-05-13 11:19:12,489 [INFO]   Found: (unnamed)                       F1:2D:3E:7B:CA:B4
2026-05-13 11:19:12,489 [INFO]   Found: (unnamed)                       57:91:2A:A8:5F:29
2026-05-13 11:19:12,489 [INFO]   Found: (unnamed)                       10:80:25:01:13:ED
2026-05-13 11:19:12,489 [INFO]   Found: (unnamed)                       59:49:AA:81:3F:CA
2026-05-13 11:19:12,489 [INFO]   Found: (unnamed)                       46:B3:91:7C:32:75
2026-05-13 11:19:12,489 [INFO]   Found: (unnamed)                       46:95:88:7B:85:8C
2026-05-13 11:19:12,489 [INFO]   Found: (unnamed)                       61:6C:DA:65:1E:87
2026-05-13 11:19:12,489 [INFO]   Found: (unnamed)                       FF:5D:88:7A:42:92
2026-05-13 11:19:12,489 [INFO]   Found: (unnamed)                       C9:FB:C2:50:8D:E7
2026-05-13 11:19:12,489 [INFO]   Found: (unnamed)                       0B:98:32:B9:62:BD
2026-05-13 11:19:12,489 [INFO]   Found: (unnamed)                       4E:35:50:2D:E0:F7
2026-05-13 11:19:12,489 [INFO]   Found: (unnamed)                       F1:B9:D4:F1:DF:6B
2026-05-13 11:19:12,489 [INFO]   Found: (unnamed)                       CF:22:BB:E1:C8:DC
2026-05-13 11:19:12,489 [INFO]   Found: (unnamed)                       41:76:DF:3A:6B:47
2026-05-13 11:19:12,489 [INFO]   Found: (unnamed)                       48:E2:9B:04:92:E1
2026-05-13 11:19:12,489 [INFO]   Found: (unnamed)                       D9:69:CF:2D:EB:A5
2026-05-13 11:19:12,490 [INFO]   Found: (unnamed)                       5A:A0:41:66:1D:E9
2026-05-13 11:19:12,490 [INFO]   Found: (unnamed)                       53:B6:7E:3F:3D:5A
2026-05-13 11:19:12,490 [INFO]   Found: (unnamed)                       78:21:1F:68:1C:7A
2026-05-13 11:19:12,490 [INFO]   Found: (unnamed)                       45:6A:2E:2A:71:25
2026-05-13 11:19:12,490 [INFO]   Found: (unnamed)                       D5:04:AA:17:A4:53
2026-05-13 11:19:12,490 [INFO]   Found: (unnamed)                       C9:68:76:C9:44:9B
2026-05-13 11:19:12,490 [INFO]   Found: (unnamed)                       4C:CA:D5:DF:07:9D
2026-05-13 11:19:12,490 [INFO]   Found: (unnamed)                       DA:E8:A9:E0:90:A2
2026-05-13 11:19:12,490 [INFO]   Found: (unnamed)                       C7:FA:89:A3:5C:EE
2026-05-13 11:19:12,490 [INFO]   Found: (unnamed)                       41:13:89:6C:08:43
2026-05-13 11:19:12,490 [INFO]   Found: REDMI Buds 8 Active(BLE)        DA:4D:84:9D:66:ED
2026-05-13 11:19:12,490 [INFO]   Found: (unnamed)                       4D:4D:3C:61:AF:6F
2026-05-13 11:19:12,490 [INFO]   Found: (unnamed)                       77:1E:EA:1F:02:8E
2026-05-13 11:19:12,490 [INFO]   Found: (unnamed)                       68:B7:3C:8F:48:34
2026-05-13 11:19:12,490 [INFO]   Found: (unnamed)                       4D:68:FF:B2:07:B3
2026-05-13 11:19:12,490 [INFO]   Found: (unnamed)                       DA:83:F1:EA:61:FC
2026-05-13 11:19:12,490 [INFO]   Found: (unnamed)                       44:3E:A0:86:93:20
2026-05-13 11:19:12,490 [INFO]   Found: (unnamed)                       EB:A3:30:C9:14:B5
2026-05-13 11:19:12,490 [INFO]   Found: (unnamed)                       53:D3:3C:E5:0F:1B
2026-05-13 11:19:12,491 [INFO]   Found: (unnamed)                       D7:55:31:4F:30:15
2026-05-13 11:19:12,491 [INFO]   Found: (unnamed)                       13:39:43:48:50:A4
2026-05-13 11:19:12,491 [INFO]   Found: (unnamed)                       70:F8:4C:7C:B3:E8
2026-05-13 11:19:12,491 [INFO]   Found: (unnamed)                       7F:3D:52:81:5A:FE
2026-05-13 11:19:12,491 [INFO]   Found: (unnamed)                       47:BF:4E:BD:A3:5C
2026-05-13 11:19:12,491 [INFO]   Found: (unnamed)                       C0:91:A3:8D:24:C6
2026-05-13 11:19:12,491 [INFO]   Found: (unnamed)                       4B:47:63:6F:B8:C2
2026-05-13 11:19:12,491 [INFO]   Found: (unnamed)                       47:FA:7F:D7:13:88
2026-05-13 11:19:12,491 [INFO]   Found: (unnamed)                       5A:7A:9C:FD:3F:C2
2026-05-13 11:19:12,491 [INFO]   Found: (unnamed)                       F2:F4:B5:4D:4B:F7
2026-05-13 11:19:12,491 [INFO]   Found: (unnamed)                       A4:C1:35:99:69:D6
2026-05-13 11:19:12,491 [INFO]   Found: BC2689310                       54:D6:0D:37:70:7D
2026-05-13 11:19:12,491 [INFO]   Found: (unnamed)                       D0:DE:A9:89:4B:19
2026-05-13 11:19:12,491 [INFO]   Found: (unnamed)                       54:60:2D:81:F1:DD
2026-05-13 11:19:12,491 [INFO]   Found: (unnamed)                       7E:BB:2D:4E:0A:0D
2026-05-13 11:19:12,491 [INFO]   Found: (unnamed)                       76:06:66:99:53:C2
2026-05-13 11:19:12,491 [INFO]   Found: (unnamed)                       7D:71:9C:79:B3:00
2026-05-13 11:19:12,491 [INFO]   Found: (unnamed)                       20:4E:3B:6F:E3:E1
2026-05-13 11:19:12,491 [INFO]   Found: (unnamed)                       4E:5C:3D:6F:5C:1A
2026-05-13 11:19:12,491 [INFO]   Found: (unnamed)                       45:0F:13:56:EF:7F
2026-05-13 11:19:12,491 [INFO]   Found: (unnamed)                       66:94:4D:E5:B3:4D
2026-05-13 11:19:12,491 [INFO]   Found: (unnamed)                       6A:15:2E:D2:5B:FA
2026-05-13 11:19:12,492 [INFO]   Found: (unnamed)                       6E:AF:03:DC:E5:F3
2026-05-13 11:19:12,492 [INFO]   Found: (unnamed)                       47:0B:5E:8B:64:A4
2026-05-13 11:19:12,492 [INFO]   Found: (unnamed)                       01:FA:08:CE:21:C7
2026-05-13 11:19:12,492 [INFO]   Found: (unnamed)                       FD:BC:3F:C5:C3:BB
2026-05-13 11:19:12,492 [INFO]   Found: (unnamed)                       50:D0:C7:9C:D2:E9
2026-05-13 11:19:12,492 [INFO]   Found: (unnamed)                       51:5B:48:50:1B:88
2026-05-13 11:19:12,492 [INFO]   Found: (unnamed)                       42:7C:09:AA:AE:9E
2026-05-13 11:19:12,492 [INFO]   Found: (unnamed)                       F9:20:52:BC:E0:65
2026-05-13 11:19:12,492 [INFO]   Found: (unnamed)                       23:E5:8C:07:E8:DB
2026-05-13 11:19:12,492 [INFO]   Found: (unnamed)                       79:C3:14:C8:0A:5C
2026-05-13 11:19:12,492 [INFO]   Found: (unnamed)                       4B:66:49:0B:A1:26
2026-05-13 11:19:12,492 [INFO]   Found: (unnamed)                       CB:B3:67:0C:60:57
2026-05-13 11:19:12,492 [INFO]   Found: (unnamed)                       16:B0:D4:F2:39:ED
2026-05-13 11:19:12,492 [INFO]   Found: (unnamed)                       60:A6:B5:D5:95:B9
2026-05-13 11:19:12,492 [INFO]   Found: (unnamed)                       6C:65:03:CE:F6:1E
2026-05-13 11:19:12,492 [INFO]   Found: (unnamed)                       07:9A:0A:51:34:A3
2026-05-13 11:19:12,493 [INFO]   Found: (unnamed)                       E5:6D:ED:B2:96:C9
2026-05-13 11:19:12,493 [INFO]   Found: (unnamed)                       46:60:A7:49:5F:BB
2026-05-13 11:19:12,493 [INFO]   Found: (unnamed)                       79:3E:3A:97:17:FE
2026-05-13 11:19:12,493 [INFO]   Found: (unnamed)                       6D:A6:66:4D:07:DD
2026-05-13 11:19:12,493 [INFO]   Found: (unnamed)                       47:F0:A9:16:B8:16
2026-05-13 11:19:12,493 [INFO]   Found: (unnamed)                       7D:23:EA:BE:2B:61
2026-05-13 11:19:12,493 [INFO]   Found: (unnamed)                       C2:BC:21:41:72:CD
2026-05-13 11:19:12,493 [INFO]   Found: HAVIT SPACE S1                  50:DA:4C:D9:DA:C7
2026-05-13 11:19:12,493 [INFO]   Found: (unnamed)                       E4:60:28:DF:26:16
2026-05-13 11:19:12,493 [INFO]   Found: (unnamed)                       67:E9:D4:E2:DA:ED
2026-05-13 11:19:12,493 [INFO]   Found: (unnamed)                       40:88:07:59:87:DD
2026-05-13 11:19:12,493 [INFO]   Found: (unnamed)                       C7:DC:21:D6:1F:55
2026-05-13 11:19:12,493 [INFO]   Found: (unnamed)                       CE:FE:76:0D:53:F2
2026-05-13 11:19:12,493 [INFO]   Found: (unnamed)                       08:1C:3C:D8:8F:E7
2026-05-13 11:19:12,493 [INFO]   Found: (unnamed)                       65:C3:C7:5B:33:A1
2026-05-13 11:19:12,493 [INFO]   Found: (unnamed)                       FE:C2:73:E9:65:3E
2026-05-13 11:19:12,493 [INFO]   Found: (unnamed)                       4B:DF:19:12:4B:39
2026-05-13 11:19:12,493 [INFO]   Found: (unnamed)                       5C:D1:52:E3:4A:E0
2026-05-13 11:19:12,493 [INFO]   Found: (unnamed)                       49:E6:6F:35:72:D8
2026-05-13 11:19:12,494 [INFO]   Found: (unnamed)                       2F:63:DD:20:0A:12
2026-05-13 11:19:12,494 [INFO]   Found: (unnamed)                       6B:F9:B0:86:74:D5
2026-05-13 11:19:12,494 [INFO]   Found: (unnamed)                       E4:80:E4:D7:56:0A
2026-05-13 11:19:12,494 [INFO]   Found: (unnamed)                       36:D9:79:04:88:72
2026-05-13 11:19:12,494 [INFO]   Found: (unnamed)                       E2:C3:CF:56:19:3E
2026-05-13 11:19:12,494 [INFO]   Found: (unnamed)                       D5:AB:D7:05:B7:B6
2026-05-13 11:19:12,494 [INFO]   Found: (unnamed)                       47:16:76:CF:FA:F9
2026-05-13 11:19:12,494 [INFO]   Found: (unnamed)                       47:D0:34:D3:70:8C
2026-05-13 11:19:12,494 [INFO]   Found: (unnamed)                       5E:0F:D7:D6:B8:AC
2026-05-13 11:19:12,494 [INFO]   Found: (unnamed)                       47:03:3A:54:2E:61
2026-05-13 11:19:12,494 [INFO]   Found: (unnamed)                       7F:B1:BA:ED:F1:7C
2026-05-13 11:19:12,494 [INFO]   Found: (unnamed)                       4B:5B:68:3A:E4:6F
2026-05-13 11:19:12,494 [INFO]   Found: (unnamed)                       FB:89:25:02:58:01
2026-05-13 11:19:12,494 [INFO]   Found: (unnamed)                       DA:1E:A4:DE:4B:56
2026-05-13 11:19:12,494 [INFO]   Found: (unnamed)                       DB:E0:2C:1E:18:2A
2026-05-13 11:19:12,494 [INFO]   Found: (unnamed)                       EB:12:4D:19:3C:79
2026-05-13 11:19:12,494 [INFO]   Found: (unnamed)                       28:E6:A9:1E:AA:A7
2026-05-13 11:19:12,494 [INFO]   Found: (unnamed)                       0C:7E:24:3C:A7:C9
2026-05-13 11:19:12,495 [INFO]   Found: (unnamed)                       78:7B:DF:12:9C:DF
2026-05-13 11:19:12,495 [INFO]   Found: (unnamed)                       D6:FC:63:95:0C:B1
2026-05-13 11:19:12,495 [INFO]   Found: (unnamed)                       ED:BB:F0:28:5E:19
2026-05-13 11:19:12,495 [INFO]   Found: (unnamed)                       FD:4C:4B:3D:65:34
2026-05-13 11:19:12,495 [INFO]   Found: (unnamed)                       C0:69:C2:2F:C0:C5
2026-05-13 11:19:12,495 [INFO]   Found: (unnamed)                       5B:F9:E3:9E:B2:C3
2026-05-13 11:19:12,495 [INFO]   Found: (unnamed)                       F4:3D:66:79:76:2F
2026-05-13 11:19:12,495 [INFO]   Found: (unnamed)                       CE:B2:36:8D:29:7A
2026-05-13 11:19:12,495 [INFO]   Found: (unnamed)                       DC:97:D1:35:C5:A0
2026-05-13 11:19:12,495 [INFO]   Found: (unnamed)                       D7:20:07:AC:7F:A1
2026-05-13 11:19:12,495 [INFO]   Found: (unnamed)                       EB:28:5B:4F:05:48
2026-05-13 11:19:12,495 [INFO]   Found: (unnamed)                       DA:D7:FC:B2:7F:9B
2026-05-13 11:19:12,495 [INFO]   Found: (unnamed)                       56:E5:D8:7C:EE:26
2026-05-13 11:19:12,495 [INFO]   Found: (unnamed)                       EC:29:BA:2A:99:A0
2026-05-13 11:19:12,495 [INFO]   Found: (unnamed)                       52:A9:1C:11:18:54
2026-05-13 11:19:12,496 [INFO]   Found: (unnamed)                       C6:8B:C1:2B:F8:62
2026-05-13 11:19:12,496 [INFO]   Found: (unnamed)                       6D:0F:C1:D9:59:AB
2026-05-13 11:19:12,496 [INFO]   Found: (unnamed)                       D5:DC:B1:D8:4F:38
2026-05-13 11:19:12,496 [INFO]   Found: (unnamed)                       C2:1B:3C:1B:DD:FA
2026-05-13 11:19:12,496 [INFO]   Found: (unnamed)                       75:D6:33:F2:3F:0F
2026-05-13 11:19:12,496 [INFO]   Found: (unnamed)                       E7:53:E2:F8:64:0F
2026-05-13 11:19:12,496 [INFO]   Found: (unnamed)                       5A:02:19:58:E4:14
2026-05-13 11:19:12,496 [INFO]   Found: (unnamed)                       76:8D:54:14:FC:35
2026-05-13 11:19:12,496 [INFO]   Found: (unnamed)                       E4:B0:2F:7B:11:BB
2026-05-13 11:19:12,496 [INFO]   Found: (unnamed)                       7D:E6:67:08:7B:4E
2026-05-13 11:19:12,496 [INFO]   Found: (unnamed)                       27:31:FB:F6:59:C5
2026-05-13 11:19:12,496 [INFO]   Found: (unnamed)                       43:70:4C:92:A5:DA
2026-05-13 11:19:12,496 [INFO]   Found: (unnamed)                       5D:38:E2:2A:E3:CB
2026-05-13 11:19:12,496 [INFO]   Found: (unnamed)                       EB:A1:76:41:3D:F9
2026-05-13 11:19:12,496 [INFO]   Found: (unnamed)                       C7:82:DF:76:85:94
2026-05-13 11:19:12,496 [INFO]   Found: (unnamed)                       0D:98:11:8D:46:2C
2026-05-13 11:19:12,497 [INFO]   Found: (unnamed)                       E7:42:D4:3B:74:25
2026-05-13 11:19:12,497 [INFO]   Found: (unnamed)                       77:5A:4B:1D:48:FB
2026-05-13 11:19:12,497 [INFO]   Found: (unnamed)                       E7:27:B8:17:19:19
2026-05-13 11:19:12,497 [INFO]   Found: (unnamed)                       39:2F:E8:B7:24:B9
2026-05-13 11:19:12,497 [INFO]   Found: (unnamed)                       F3:6C:18:9F:FD:B0
2026-05-13 11:19:12,497 [INFO]   Found: (unnamed)                       5A:70:EC:70:89:B0
2026-05-13 11:19:12,497 [INFO]   Found: (unnamed)                       19:BF:CD:95:2C:94
2026-05-13 11:19:12,497 [INFO]   Found: (unnamed)                       E0:02:6D:46:44:58
2026-05-13 11:19:12,497 [INFO]   Found: (unnamed)                       69:FE:C1:7D:8C:50
2026-05-13 11:19:12,497 [INFO]   Found: (unnamed)                       59:34:64:50:8E:F0
2026-05-13 11:19:12,497 [INFO]   Found: (unnamed)                       52:00:BF:1A:ED:70
2026-05-13 11:19:12,497 [INFO]   Found: (unnamed)                       F2:58:C6:F2:D3:5F
2026-05-13 11:19:12,497 [INFO]   Found: (unnamed)                       7D:0D:C2:5D:F9:3C
2026-05-13 11:19:12,497 [INFO]   Found: (unnamed)                       E2:96:CD:04:7F:16
2026-05-13 11:19:12,497 [INFO]   Found: (unnamed)                       59:26:3B:11:AA:92
2026-05-13 11:19:12,498 [INFO]   Found: (unnamed)                       4E:49:E0:46:09:B6
2026-05-13 11:19:12,498 [INFO]   Found: (unnamed)                       C2:FE:7C:9A:12:56
2026-05-13 11:19:12,498 [INFO]   Found: (unnamed)                       EA:73:7C:B0:7B:92
2026-05-13 11:19:12,498 [INFO] ✨ 1 candidate(s) found
2026-05-13 11:19:12,499 [INFO] Connecting to CE:68:27:E4:9F:D0...
2026-05-13 11:19:42,300 [INFO] Connecting to 74:19:0A:14:70:C8...
2026-05-13 11:20:06,404 [INFO] 🔍 Scanning for BLE devices (10.0s)...
2026-05-13 11:20:16,670 [INFO]   Found: (unnamed)                       68:B7:3C:8F:48:34
2026-05-13 11:20:16,670 [INFO]   Found: (unnamed)                       6C:59:E7:ED:EE:12
2026-05-13 11:20:16,670 [INFO]   Found: (unnamed)                       7B:A7:BB:02:6A:5F
2026-05-13 11:20:16,670 [INFO]   Found: (unnamed)                       47:F0:A9:16:B8:16
2026-05-13 11:20:16,671 [INFO]   Found: (unnamed)                       48:E2:9B:04:92:E1
2026-05-13 11:20:16,671 [INFO]   Found: (unnamed)                       0D:62:2B:8D:0B:DF
2026-05-13 11:20:16,671 [INFO]   Found: (unnamed)                       48:0D:E5:A4:67:4C
2026-05-13 11:20:16,671 [INFO]   Found: (unnamed)                       1A:21:59:C7:F6:64
2026-05-13 11:20:16,671 [INFO]   Found: (unnamed)                       64:0B:35:77:A1:F1
2026-05-13 11:20:16,671 [INFO]   Found: (unnamed)                       44:43:BE:01:98:D5
2026-05-13 11:20:16,671 [INFO]   Found: (unnamed)                       76:73:13:F1:B6:EB
2026-05-13 11:20:16,671 [INFO]   Found: (unnamed)                       4E:59:D7:55:32:E7
2026-05-13 11:20:16,671 [INFO]   Found: (unnamed)                       07:83:B8:CB:A0:B2
2026-05-13 11:20:16,671 [INFO]   Found: (unnamed)                       E4:80:E4:D7:56:0A
2026-05-13 11:20:16,671 [INFO]   Found: (unnamed)                       27:4B:D3:76:69:CD
2026-05-13 11:20:16,671 [INFO]   Found: (unnamed)                       78:14:79:80:DE:D8
2026-05-13 11:20:16,671 [INFO]   Found: (unnamed)                       13:3D:7E:79:3F:33
2026-05-13 11:20:16,671 [INFO]   Found: (unnamed)                       7E:FE:0C:47:07:31
2026-05-13 11:20:16,671 [INFO]   Found: (unnamed)                       6F:0A:5E:5B:1F:12
2026-05-13 11:20:16,672 [INFO]   Found: CR-79647                        47:47:35:A5:B7:67
2026-05-13 11:20:16,672 [INFO]   Found: (unnamed)                       53:36:2B:EB:3A:0F
2026-05-13 11:20:16,672 [INFO]   Found: (unnamed)                       5E:8C:84:D6:21:51
2026-05-13 11:20:16,672 [INFO]   Found: (unnamed)                       62:42:70:83:47:FB
2026-05-13 11:20:16,672 [INFO]   Found: (unnamed)                       2C:71:7B:E2:A9:51
2026-05-13 11:20:16,672 [INFO]   Found: BC2689310                       54:D6:0D:37:70:7D
2026-05-13 11:20:16,672 [INFO]   Found: (unnamed)                       4D:AA:E6:30:F1:C9
2026-05-13 11:20:16,672 [INFO]   Found: MARTINASUSROG                   51:63:0F:47:C2:E0
2026-05-13 11:20:16,672 [INFO]   Found: (unnamed)                       5E:90:A9:F9:88:B1
2026-05-13 11:20:16,672 [INFO]   Found: (unnamed)                       F3:6C:18:9F:FD:B0
2026-05-13 11:20:16,672 [INFO]   Found: (unnamed)                       7D:76:44:92:C4:9E
2026-05-13 11:20:16,672 [INFO]   Found: (unnamed)                       4E:83:5E:64:E5:7B
2026-05-13 11:20:16,672 [INFO]   Found: (unnamed)                       43:3C:E9:3C:2E:D6
2026-05-13 11:20:16,672 [INFO]   Found: (unnamed)                       66:30:9B:6D:93:26
2026-05-13 11:20:16,673 [INFO]   Found: (unnamed)                       45:0F:13:56:EF:7F
2026-05-13 11:20:16,673 [INFO]   Found: (unnamed)                       37:1B:DF:19:D3:77
2026-05-13 11:20:16,673 [INFO]   Found: (unnamed)                       50:64:BB:7C:BC:E6
2026-05-13 11:20:16,673 [INFO]   Found: (unnamed)                       56:2C:6B:11:9E:21
2026-05-13 11:20:16,673 [INFO]   Found: (unnamed)                       67:80:6B:B8:D4:F7
2026-05-13 11:20:16,673 [INFO]   Found: (unnamed)                       47:03:3A:54:2E:61
2026-05-13 11:20:16,673 [INFO]   Found: (unnamed)                       79:C1:00:EB:C1:21
2026-05-13 11:20:16,673 [INFO]   Found: (unnamed)                       40:A5:D4:AB:1B:0B
2026-05-13 11:20:16,673 [INFO]   Found: (unnamed)                       5C:5E:1A:88:0A:9C
2026-05-13 11:20:16,673 [INFO]   Found: Redmi Watch 5 Active E8D8       E8:E6:09:5E:E8:D8
2026-05-13 11:20:16,673 [INFO]   Found: (unnamed)                       13:39:43:48:50:A4
2026-05-13 11:20:16,673 [INFO]   Found: (unnamed)                       45:5B:F6:92:7E:46
2026-05-13 11:20:16,673 [INFO]   Found: (unnamed)                       3B:C0:17:BE:E1:79
2026-05-13 11:20:16,673 [INFO]   Found: (unnamed)                       66:EA:53:A1:29:62
2026-05-13 11:20:16,673 [INFO]   Found: (unnamed)                       46:95:88:7B:85:8C
2026-05-13 11:20:16,674 [INFO]   Found: (unnamed)                       71:C9:5B:8F:4E:D9
2026-05-13 11:20:16,674 [INFO]   Found: (unnamed)                       14:99:F5:CE:C9:8A
2026-05-13 11:20:16,674 [INFO]   Found: (unnamed)                       41:76:DF:3A:6B:47
2026-05-13 11:20:16,674 [INFO]   Found: (unnamed)                       7A:C6:A2:97:0C:7F
2026-05-13 11:20:16,674 [INFO]   Found: (unnamed)                       53:37:17:B1:FC:04
2026-05-13 11:20:16,674 [INFO]   Found: (unnamed)                       38:7A:56:CC:FE:8A
2026-05-13 11:20:16,674 [INFO]   Found: CR-79583                        40:9C:68:44:D6:BA
2026-05-13 11:20:16,674 [INFO]   Found: (unnamed)                       55:55:7A:FF:F6:42
2026-05-13 11:20:16,674 [INFO]   Found: (unnamed)                       EB:A1:76:41:3D:F9
2026-05-13 11:20:16,674 [INFO]   Found: (unnamed)                       43:2F:5F:85:08:8E
2026-05-13 11:20:16,674 [INFO]   Found: (unnamed)                       02:52:82:C3:09:A5
2026-05-13 11:20:16,674 [INFO]   Found: (unnamed)                       59:CA:8B:D7:20:32
2026-05-13 11:20:16,674 [INFO]   Found: (unnamed)                       4C:CA:D5:DF:07:9D
2026-05-13 11:20:16,674 [INFO]   Found: (unnamed)                       5C:58:A7:AF:FD:FF
2026-05-13 11:20:16,675 [INFO]   Found: (unnamed)                       2A:01:2D:E1:33:1E
2026-05-13 11:20:16,675 [INFO]   Found: (unnamed)                       71:44:91:07:26:D7
2026-05-13 11:20:16,675 [INFO]   Found: (unnamed)                       6D:A2:17:4B:F1:1B
2026-05-13 11:20:16,675 [INFO]   Found: (unnamed)                       4C:D1:FF:BE:80:05
2026-05-13 11:20:16,675 [INFO]   Found: (unnamed)                       41:C8:56:4D:D3:E6
2026-05-13 11:20:16,675 [INFO]   Found: (unnamed)                       16:B0:D4:F2:39:ED
2026-05-13 11:20:16,675 [INFO]   Found: (unnamed)                       50:E5:32:0A:5E:3B
2026-05-13 11:20:16,675 [INFO]   Found: (unnamed)                       4F:4D:88:BA:6F:C6
2026-05-13 11:20:16,675 [INFO]   Found: (unnamed)                       6C:51:8E:0D:56:44
2026-05-13 11:20:16,675 [INFO]   Found: BC2688993                       54:D6:0D:37:7F:5D
2026-05-13 11:20:16,675 [INFO]   Found: (unnamed)                       18:92:44:56:61:E1
2026-05-13 11:20:16,675 [INFO]   Found: (unnamed)                       47:42:95:3D:A4:DB
2026-05-13 11:20:16,675 [INFO]   Found: (unnamed)                       47:59:18:06:54:9F
2026-05-13 11:20:16,675 [INFO]   Found: (unnamed)                       D1:F3:4A:1A:6F:ED
2026-05-13 11:20:16,675 [INFO]   Found: (unnamed)                       C0:69:C2:2F:C0:C5
2026-05-13 11:20:16,675 [INFO]   Found: (unnamed)                       2D:28:25:7D:3B:2E
2026-05-13 11:20:16,675 [INFO]   Found: (unnamed)                       62:73:91:69:45:A6
2026-05-13 11:20:16,675 [INFO]   Found: (unnamed)                       43:B8:D3:66:09:25
2026-05-13 11:20:16,676 [INFO]   Found: (unnamed)                       58:62:C0:C3:3C:85
2026-05-13 11:20:16,676 [INFO]   Found: (unnamed)                       4A:35:91:DB:6A:27
2026-05-13 11:20:16,676 [INFO]   Found: (unnamed)                       5C:97:F3:8E:83:3D
2026-05-13 11:20:16,676 [INFO]   Found: (unnamed)                       51:84:C6:43:E3:F2
2026-05-13 11:20:16,676 [INFO]   Found: (unnamed)                       45:EF:B4:CF:63:7D
2026-05-13 11:20:16,676 [INFO]   Found: (unnamed)                       70:5E:8F:99:D9:78
2026-05-13 11:20:16,676 [INFO]   Found: (unnamed)                       14:A8:66:95:7F:59
2026-05-13 11:20:16,676 [INFO]   Found: (unnamed)                       DA:99:17:A9:D9:94
2026-05-13 11:20:16,676 [INFO]   Found: (unnamed)                       2B:2D:D0:99:16:96
2026-05-13 11:20:16,676 [INFO]   Found: (unnamed)                       4F:64:FE:5E:70:C2
2026-05-13 11:20:16,676 [INFO]   Found: (unnamed)                       46:B3:91:7C:32:75
2026-05-13 11:20:16,676 [INFO]   Found: (unnamed)                       24:3E:9A:D6:CE:C1
2026-05-13 11:20:16,676 [INFO]   Found: (unnamed)                       0B:98:32:B9:62:BD
2026-05-13 11:20:16,676 [INFO]   Found: (unnamed)                       29:71:BD:EC:7D:CB
2026-05-13 11:20:16,676 [INFO]   Found: (unnamed)                       FC:25:C3:B6:18:3C
2026-05-13 11:20:16,676 [INFO]   Found: (unnamed)                       59:D2:5D:6F:01:41
2026-05-13 11:20:16,676 [INFO]   Found: (unnamed)                       3B:1A:52:65:FD:75
2026-05-13 11:20:16,676 [INFO]   Found: (unnamed)                       CD:E1:A0:02:57:0C
2026-05-13 11:20:16,677 [INFO]   Found: (unnamed)                       32:4C:0D:B2:C5:10
2026-05-13 11:20:16,677 [INFO]   Found: (unnamed)                       30:26:6E:07:AA:34
2026-05-13 11:20:16,677 [INFO]   Found: (unnamed)                       67:09:90:D1:96:D2
2026-05-13 11:20:16,677 [INFO]   Found: (unnamed)                       6D:F9:5F:E8:75:A5
2026-05-13 11:20:16,677 [INFO]   Found: (unnamed)                       6D:FB:5C:10:19:F0
2026-05-13 11:20:16,677 [INFO]   Found: (unnamed)                       E7:53:E2:F8:64:0F
2026-05-13 11:20:16,677 [INFO]   Found: (unnamed)                       7E:49:F8:F2:91:81
2026-05-13 11:20:16,677 [INFO]   Found: (unnamed)                       7F:5C:54:4E:BA:F7
2026-05-13 11:20:16,677 [INFO]   Found: (unnamed)                       48:6C:B6:1A:1E:4D
2026-05-13 11:20:16,677 [INFO]   Found: (unnamed)                       6B:DE:29:A8:F3:0F
2026-05-13 11:20:16,677 [INFO]   Found: (unnamed)                       20:4E:3B:6F:E3:E1
2026-05-13 11:20:16,677 [INFO]   Found: (unnamed)                       19:FB:51:0C:D6:BD
2026-05-13 11:20:16,677 [INFO]   Found: (unnamed)                       54:60:2D:81:F1:DD
2026-05-13 11:20:16,677 [INFO]   Found: (unnamed)                       26:4C:26:5B:9F:D0
2026-05-13 11:20:16,677 [INFO]   Found: (unnamed)                       6E:79:60:14:F7:6C
2026-05-13 11:20:16,677 [INFO]   Found: (unnamed)                       7F:06:D6:7F:27:79
2026-05-13 11:20:16,677 [INFO]   Found: (unnamed)                       44:E5:A5:E2:CF:6B
2026-05-13 11:20:16,677 [INFO]   Found: (unnamed)                       75:F9:F4:A1:38:49
2026-05-13 11:20:16,678 [INFO]   Found: (unnamed)                       44:AD:91:2E:0C:35
2026-05-13 11:20:16,678 [INFO]   Found: (unnamed)                       76:8D:54:14:FC:35
2026-05-13 11:20:16,678 [INFO]   Found: (unnamed)                       7D:34:70:02:DC:FD
2026-05-13 11:20:16,678 [INFO]   Found: (unnamed)                       75:C9:F9:65:02:CE
2026-05-13 11:20:16,678 [INFO]   Found: (unnamed)                       23:1F:2A:31:1F:90
2026-05-13 11:20:16,678 [INFO]   Found: (unnamed)                       F4:3D:66:79:76:2F
2026-05-13 11:20:16,678 [INFO]   Found: (unnamed)                       63:1C:37:86:46:D6
2026-05-13 11:20:16,678 [INFO]   Found: (unnamed)                       0E:B5:8A:B8:C4:58
2026-05-13 11:20:16,678 [INFO]   Found: (unnamed)                       4D:4D:3C:61:AF:6F
2026-05-13 11:20:16,678 [INFO]   Found: (unnamed)                       79:C3:14:C8:0A:5C
2026-05-13 11:20:16,678 [INFO]   Found: (unnamed)                       7C:FF:8C:E5:AE:C0
2026-05-13 11:20:16,678 [INFO]   Found: (unnamed)                       6C:D5:14:4B:07:CD
2026-05-13 11:20:16,678 [INFO]   Found: REDMI Buds 8 Active(BLE)        DA:4D:84:9D:66:ED
2026-05-13 11:20:16,678 [INFO]   Found: (unnamed)                       16:F5:A0:94:BF:6B
2026-05-13 11:20:16,678 [INFO]   Found: (unnamed)                       5A:A6:70:90:24:4E
2026-05-13 11:20:16,678 [INFO]   Found: (unnamed)                       7B:2D:09:F8:AD:1C
2026-05-13 11:20:16,678 [INFO]   Found: (unnamed)                       40:E0:AF:8F:25:3B
2026-05-13 11:20:16,678 [INFO]   Found: (unnamed)                       C0:3A:1C:9B:C0:BA
2026-05-13 11:20:16,678 [INFO]   Found: (unnamed)                       61:1F:22:61:52:F8
2026-05-13 11:20:16,678 [INFO]   Found: (unnamed)                       5F:72:B0:D3:C9:14
2026-05-13 11:20:16,678 [INFO]   Found: (unnamed)                       75:D6:33:F2:3F:0F
2026-05-13 11:20:16,678 [INFO]   Found: (unnamed)                       60:45:74:4C:45:C8
2026-05-13 11:20:16,678 [INFO]   Found: (unnamed)                       4D:68:FF:B2:07:B3
2026-05-13 11:20:16,678 [INFO]   Found: (unnamed)                       5F:D7:2F:37:11:46
2026-05-13 11:20:16,678 [INFO]   Found: (unnamed)                       59:34:64:50:8E:F0
2026-05-13 11:20:16,678 [INFO]   Found: (unnamed)                       20:4D:45:93:FD:8C
2026-05-13 11:20:16,679 [INFO]   Found: (unnamed)                       75:35:83:E0:8D:E0
2026-05-13 11:20:16,679 [INFO]   Found: (unnamed)                       49:E3:CD:3C:99:A5
2026-05-13 11:20:16,679 [INFO]   Found: (unnamed)                       54:F5:05:2B:F5:B1
2026-05-13 11:20:16,679 [INFO]   Found: (unnamed)                       11:15:11:36:C9:77
2026-05-13 11:20:16,679 [INFO]   Found: (unnamed)                       4F:09:AE:8F:5C:18
2026-05-13 11:20:16,679 [INFO]   Found: (unnamed)                       6D:A6:66:4D:07:DD
2026-05-13 11:20:16,679 [INFO]   Found: (unnamed)                       78:8F:A3:BB:67:6C
2026-05-13 11:20:16,679 [INFO]   Found: (unnamed)                       44:3E:A0:86:93:20
2026-05-13 11:20:16,679 [INFO]   Found: (unnamed)                       62:4C:D1:1D:54:E0
2026-05-13 11:20:16,679 [INFO]   Found: (unnamed)                       78:21:1F:68:1C:7A
2026-05-13 11:20:16,679 [INFO]   Found: (unnamed)                       52:69:FD:09:FC:B7
2026-05-13 11:20:16,679 [INFO]   Found: (unnamed)                       60:65:45:84:72:3A
2026-05-13 11:20:16,679 [INFO]   Found: (unnamed)                       6A:E9:8D:9C:84:85
2026-05-13 11:20:16,679 [INFO]   Found: (unnamed)                       5D:85:CB:53:E8:68
2026-05-13 11:20:16,679 [INFO]   Found: (unnamed)                       51:26:FB:FD:C8:60
2026-05-13 11:20:16,679 [INFO]   Found: (unnamed)                       4B:DF:19:12:4B:39
2026-05-13 11:20:16,679 [INFO]   Found: (unnamed)                       DA:83:F1:EA:61:FC
2026-05-13 11:20:16,679 [INFO]   Found: (unnamed)                       5D:AC:67:41:A2:95
2026-05-13 11:20:16,679 [INFO]   Found: (unnamed)                       48:2A:AE:36:9A:77
2026-05-13 11:20:16,679 [INFO]   Found: (unnamed)                       D7:55:31:4F:30:15
2026-05-13 11:20:16,679 [INFO]   Found: (unnamed)                       7A:15:AA:EA:AE:EA
2026-05-13 11:20:16,679 [INFO]   Found: (unnamed)                       44:81:51:7F:D0:95
2026-05-13 11:20:16,679 [INFO]   Found: (unnamed)                       51:5B:48:50:1B:88
2026-05-13 11:20:16,679 [INFO]   Found: (unnamed)                       F5:09:56:97:8A:7D
2026-05-13 11:20:16,679 [INFO]   Found: (unnamed)                       70:F8:4C:7C:B3:E8
2026-05-13 11:20:16,680 [INFO]   Found: (unnamed)                       6A:24:12:8D:4E:FD
2026-05-13 11:20:16,680 [INFO]   Found: (unnamed)                       73:67:C2:06:CC:3E
2026-05-13 11:20:16,680 [INFO]   Found: (unnamed)                       49:B8:D0:C4:CA:E8
2026-05-13 11:20:16,680 [INFO]   Found: (unnamed)                       75:29:65:61:D0:A7
2026-05-13 11:20:16,680 [INFO]   Found: (unnamed)                       53:B6:7E:3F:3D:5A
2026-05-13 11:20:16,680 [INFO]   Found: (unnamed)                       46:60:A7:49:5F:BB
2026-05-13 11:20:16,680 [INFO]   Found: (unnamed)                       5D:67:03:3B:3F:CB
2026-05-13 11:20:16,680 [INFO]   Found: (unnamed)                       C9:12:13:E7:2A:9D
2026-05-13 11:20:16,680 [INFO]   Found: (unnamed)                       63:34:EF:79:A0:16
2026-05-13 11:20:16,680 [INFO]   Found: (unnamed)                       34:DB:E9:0B:43:C4
2026-05-13 11:20:16,680 [INFO]   Found: (unnamed)                       59:D8:C2:23:A6:4F
2026-05-13 11:20:16,680 [INFO]   Found: (unnamed)                       78:7B:DF:12:9C:DF
2026-05-13 11:20:16,680 [INFO]   Found: (unnamed)                       1B:D8:F7:77:62:17
2026-05-13 11:20:16,680 [INFO]   Found: (unnamed)                       FA:BD:A8:F8:04:4F
2026-05-13 11:20:16,680 [INFO]   Found: (unnamed)                       49:1D:E1:D8:21:30
2026-05-13 11:20:16,680 [INFO]   Found: (unnamed)                       C1:10:9B:BC:EC:1A
2026-05-13 11:20:16,680 [INFO]   Found: (unnamed)                       77:5A:4B:1D:48:FB
2026-05-13 11:20:16,680 [INFO]   Found: (unnamed)                       5A:02:19:58:E4:14
2026-05-13 11:20:16,680 [INFO]   Found: (unnamed)                       D7:84:D2:57:9D:D3
2026-05-13 11:20:16,680 [INFO]   Found: (unnamed)                       FD:4D:A1:9C:8B:D6
2026-05-13 11:20:16,680 [INFO]   Found: (unnamed)                       79:97:D9:71:DC:54
2026-05-13 11:20:16,680 [INFO]   Found: (unnamed)                       4D:03:62:ED:44:6A
2026-05-13 11:20:16,680 [INFO]   Found: (unnamed)                       65:C3:7A:27:CD:E8
2026-05-13 11:20:16,681 [INFO]   Found: (unnamed)                       66:94:4D:E5:B3:4D
2026-05-13 11:20:16,681 [INFO]   Found: (unnamed)                       40:97:86:51:CA:B6
2026-05-13 11:20:16,681 [INFO]   Found: (unnamed)                       2F:63:DD:20:0A:12
2026-05-13 11:20:16,681 [INFO]   Found: (unnamed)                       EF:A6:B6:DB:90:A0
2026-05-13 11:20:16,681 [INFO]   Found: (unnamed)                       57:91:2A:A8:5F:29
2026-05-13 11:20:16,681 [INFO]   Found: (unnamed)                       47:B2:43:85:4B:13
2026-05-13 11:20:16,681 [INFO]   Found: (unnamed)                       7F:3D:52:81:5A:FE
2026-05-13 11:20:16,681 [INFO]   Found: (unnamed)                       6B:ED:20:C9:D5:6C
2026-05-13 11:20:16,681 [INFO]   Found: (unnamed)                       58:51:BC:63:32:CD
2026-05-13 11:20:16,681 [INFO]   Found: (unnamed)                       78:E6:A5:88:72:E7
2026-05-13 11:20:16,681 [INFO]   Found: (unnamed)                       76:01:0D:44:77:76
2026-05-13 11:20:16,681 [INFO]   Found: (unnamed)                       23:E5:8C:07:E8:DB
2026-05-13 11:20:16,681 [INFO]   Found: (unnamed)                       41:13:89:6C:08:43
2026-05-13 11:20:16,681 [INFO]   Found: (unnamed)                       EC:29:BA:2A:99:A0
2026-05-13 11:20:16,681 [INFO]   Found: (unnamed)                       26:60:0A:E5:19:46
2026-05-13 11:20:16,681 [INFO]   Found: (unnamed)                       19:BF:CD:95:2C:94
2026-05-13 11:20:16,681 [INFO]   Found: (unnamed)                       7E:1B:C0:98:3E:2C
2026-05-13 11:20:16,681 [INFO]   Found: (unnamed)                       5E:BE:CE:A5:06:FE
2026-05-13 11:20:16,681 [INFO]   Found: (unnamed)                       7F:A7:8D:EA:14:EC
2026-05-13 11:20:16,681 [INFO]   Found: BC2689107                       54:D6:0D:37:44:45
2026-05-13 11:20:16,681 [INFO]   Found: (unnamed)                       7F:39:6A:B6:88:F4
2026-05-13 11:20:16,681 [INFO]   Found: (unnamed)                       47:BF:4E:BD:A3:5C
2026-05-13 11:20:16,682 [INFO]   Found: (unnamed)                       5A:70:EC:70:89:B0
2026-05-13 11:20:16,682 [INFO]   Found: (unnamed)                       74:23:1B:F8:D5:20
2026-05-13 11:20:16,682 [INFO]   Found: (unnamed)                       66:00:82:5D:ED:27
2026-05-13 11:20:16,682 [INFO]   Found: (unnamed)                       47:0B:5E:8B:64:A4
2026-05-13 11:20:16,682 [INFO]   Found: (unnamed)                       4B:7A:63:00:26:3A
2026-05-13 11:20:16,682 [INFO]   Found: (unnamed)                       71:A6:5C:17:1A:C2
2026-05-13 11:20:16,682 [INFO]   Found: (unnamed)                       6D:D2:B1:AE:4A:48
2026-05-13 11:20:16,682 [INFO]   Found: (unnamed)                       7E:A0:C3:18:82:F0
2026-05-13 11:20:16,682 [INFO]   Found: (unnamed)                       E7:27:B8:17:19:19
2026-05-13 11:20:16,682 [INFO]   Found: (unnamed)                       7F:9D:E3:25:4C:4A
2026-05-13 11:20:16,682 [INFO]   Found: (unnamed)                       23:7A:64:0F:A2:98
2026-05-13 11:20:16,682 [INFO]   Found: (unnamed)                       7C:5C:95:54:3F:9A
2026-05-13 11:20:16,682 [INFO]   Found: (unnamed)                       C7:DC:21:D6:1F:55
2026-05-13 11:20:16,682 [INFO]   Found: (unnamed)                       10:80:25:01:13:ED
2026-05-13 11:20:16,682 [INFO]   Found: (unnamed)                       7D:E6:67:08:7B:4E
2026-05-13 11:20:16,682 [INFO]   Found: (unnamed)                       76:06:66:99:53:C2
2026-05-13 11:20:16,682 [INFO]   Found: (unnamed)                       D0:EF:4A:0D:93:0B
2026-05-13 11:20:16,682 [INFO]   Found: (unnamed)                       4D:72:AE:E3:50:36
2026-05-13 11:20:16,682 [INFO]   Found: (unnamed)                       71:49:31:20:75:43
2026-05-13 11:20:16,682 [INFO]   Found: (unnamed)                       70:29:08:76:94:D5
2026-05-13 11:20:16,682 [INFO]   Found: (unnamed)                       56:E5:D8:7C:EE:26
2026-05-13 11:20:16,682 [INFO]   Found: (unnamed)                       40:CD:4C:B2:F3:BE
2026-05-13 11:20:16,683 [INFO]   Found: (unnamed)                       E6:9A:CB:72:68:34
2026-05-13 11:20:16,683 [INFO]   Found: (unnamed)                       52:33:AC:53:AC:BB
2026-05-13 11:20:16,683 [INFO]   Found: (unnamed)                       FD:4C:4B:3D:65:34
2026-05-13 11:20:16,683 [INFO]   Found: (unnamed)                       5A:A0:41:66:1D:E9
2026-05-13 11:20:16,683 [INFO]   Found: (unnamed)                       64:0D:52:05:EB:F0
2026-05-13 11:20:16,683 [INFO]   Found: (unnamed)                       17:19:E7:A2:C8:E4
2026-05-13 11:20:16,683 [INFO]   Found: (unnamed)                       79:3E:3A:97:17:FE
2026-05-13 11:20:16,683 [INFO]   Found: (unnamed)                       D9:69:CF:2D:EB:A5
2026-05-13 11:20:16,683 [INFO]   Found: (unnamed)                       60:A6:B5:D5:95:B9
2026-05-13 11:20:16,683 [INFO]   Found: (unnamed)                       77:1E:D1:47:82:FC
2026-05-13 11:20:16,683 [INFO]   Found: (unnamed)                       36:D9:79:04:88:72
2026-05-13 11:20:16,683 [INFO]   Found: (unnamed)                       5F:AC:4C:16:B5:F8
2026-05-13 11:20:16,683 [INFO]   Found: (unnamed)                       6E:19:C7:00:52:A4
2026-05-13 11:20:16,683 [INFO]   Found: (unnamed)                       18:F8:EE:BB:D9:08
2026-05-13 11:20:16,683 [INFO]   Found: (unnamed)                       47:4C:92:CA:4E:21
2026-05-13 11:20:16,683 [INFO]   Found: (unnamed)                       10:3A:EB:C3:E7:FF
2026-05-13 11:20:16,683 [INFO]   Found: (unnamed)                       4E:10:84:F4:CB:14
2026-05-13 11:20:16,683 [INFO]   Found: (unnamed)                       7E:1B:47:BB:5B:D2
2026-05-13 11:20:16,683 [INFO]   Found: (unnamed)                       03:C4:FE:2F:B5:03
2026-05-13 11:20:16,683 [INFO]   Found: (unnamed)                       D5:04:AA:17:A4:53
2026-05-13 11:20:16,683 [INFO]   Found: (unnamed)                       47:D0:34:D3:70:8C
2026-05-13 11:20:16,683 [INFO]   Found: (unnamed)                       FD:F6:AE:CE:36:36
2026-05-13 11:20:16,683 [INFO]   Found: (unnamed)                       F6:08:43:22:5C:98
2026-05-13 11:20:16,683 [INFO]   Found: (unnamed)                       6D:0F:C1:D9:59:AB
2026-05-13 11:20:16,683 [INFO]   Found: (unnamed)                       EA:73:7C:B0:7B:92
2026-05-13 11:20:16,683 [INFO]   Found: (unnamed)                       40:00:00:00:66:EB
2026-05-13 11:20:16,683 [INFO]   Found: (unnamed)                       DA:D7:FC:B2:7F:9B
2026-05-13 11:20:16,683 [INFO]   Found: (unnamed)                       28:E1:06:F4:10:39
2026-05-13 11:20:16,683 [INFO]   Found: (unnamed)                       6A:84:23:0A:39:DC
2026-05-13 11:20:16,684 [INFO]   Found: (unnamed)                       5B:F9:E3:9E:B2:C3
2026-05-13 11:20:16,684 [INFO]   Found: (unnamed)                       01:FA:08:CE:21:C7
2026-05-13 11:20:16,684 [INFO]   Found: (unnamed)                       41:24:94:E3:21:2E
2026-05-13 11:20:16,684 [INFO]   Found: (unnamed)                       5F:D1:76:5B:AD:41
2026-05-13 11:20:16,684 [INFO]   Found: (unnamed)                       51:E8:DD:D4:20:AF
2026-05-13 11:20:16,684 [INFO]   Found: (unnamed)                       26:71:80:6F:B7:2A
2026-05-13 11:20:16,684 [INFO]   Found: (unnamed)                       54:FF:7F:1D:3A:0D
2026-05-13 11:20:16,684 [INFO]   Found: (unnamed)                       C6:8B:C1:2B:F8:62
2026-05-13 11:20:16,684 [INFO]   Found: (unnamed)                       53:D3:3C:E5:0F:1B
2026-05-13 11:20:16,684 [INFO]   Found: (unnamed)                       CE:FE:76:0D:53:F2
2026-05-13 11:20:16,684 [INFO]   Found: (unnamed)                       38:FD:19:42:0A:2E
2026-05-13 11:20:16,684 [INFO]   Found: (unnamed)                       50:2B:5F:FD:D3:B9
2026-05-13 11:20:16,684 [INFO]   Found: (unnamed)                       77:1E:EA:1F:02:8E
2026-05-13 11:20:16,684 [INFO]   Found: (unnamed)                       FB:89:25:02:58:01
2026-05-13 11:20:16,684 [INFO]   Found: (unnamed)                       76:6F:33:CE:0B:CE
2026-05-13 11:20:16,684 [INFO]   Found: J2501 9FD0                      CE:68:27:E4:9F:D0
2026-05-13 11:20:16,684 [INFO]     ↳ candidate: advertises 0000fff0-0000-1000-8000-00805f9b34fb
2026-05-13 11:20:16,684 [INFO]   Found: (unnamed)                       66:76:23:52:47:08
2026-05-13 11:20:16,684 [INFO]   Found: (unnamed)                       08:1C:3C:D8:8F:E7
2026-05-13 11:20:16,684 [INFO]   Found: (unnamed)                       7F:79:2B:88:39:62
2026-05-13 11:20:16,684 [INFO]   Found: (unnamed)                       71:D0:97:30:B9:49
2026-05-13 11:20:16,684 [INFO]   Found: (unnamed)                       4B:5B:68:3A:E4:6F
2026-05-13 11:20:16,685 [INFO]   Found: JBL WAVE FLEX-LE                C0:2E:29:20:43:82
2026-05-13 11:20:16,685 [INFO]   Found: (unnamed)                       5D:91:B4:91:FE:CE
2026-05-13 11:20:16,685 [INFO]   Found: (unnamed)                       F6:ED:27:27:B6:94
2026-05-13 11:20:16,685 [INFO]   Found: (unnamed)                       7D:0D:C2:5D:F9:3C
2026-05-13 11:20:16,685 [INFO]   Found: (unnamed)                       62:55:12:97:FF:1D
2026-05-13 11:20:16,685 [INFO]   Found: (unnamed)                       4B:66:49:0B:A1:26
2026-05-13 11:20:16,685 [INFO]   Found: (unnamed)                       59:49:AA:81:3F:CA
2026-05-13 11:20:16,685 [INFO]   Found: (unnamed)                       51:81:F2:6C:EB:21
2026-05-13 11:20:16,685 [INFO]   Found: (unnamed)                       76:F5:01:BB:2E:70
2026-05-13 11:20:16,685 [INFO]   Found: (unnamed)                       1D:33:10:9D:A7:CA
2026-05-13 11:20:16,685 [INFO]   Found: (unnamed)                       DA:E8:A9:E0:90:A2
2026-05-13 11:20:16,685 [INFO]   Found: (unnamed)                       53:5A:A4:35:03:2D
2026-05-13 11:20:16,685 [INFO]   Found: BC2688871                       54:D6:0D:37:5D:E9
2026-05-13 11:20:16,685 [INFO]   Found: (unnamed)                       07:2E:21:A7:33:00
2026-05-13 11:20:16,685 [INFO]   Found: (unnamed)                       56:B4:7F:8E:A5:3C
2026-05-13 11:20:16,685 [INFO]   Found: (unnamed)                       E6:AD:A9:64:36:70
2026-05-13 11:20:16,685 [INFO]   Found: (unnamed)                       EF:5D:73:DF:93:6B
2026-05-13 11:20:16,685 [INFO]   Found: (unnamed)                       7B:88:78:FE:02:7F
2026-05-13 11:20:16,685 [INFO]   Found: (unnamed)                       E2:96:CD:04:7F:16
2026-05-13 11:20:16,686 [INFO]   Found: (unnamed)                       5B:D5:83:C0:7B:DB
2026-05-13 11:20:16,686 [INFO]   Found: (unnamed)                       0D:98:11:8D:46:2C
2026-05-13 11:20:16,686 [INFO]   Found: 85" Crystal UHD                 28:E6:A9:1E:AA:A7
2026-05-13 11:20:16,686 [INFO]   Found: (unnamed)                       5C:D1:52:E3:4A:E0
2026-05-13 11:20:16,686 [INFO]   Found: (unnamed)                       31:28:51:F3:79:0D
2026-05-13 11:20:16,686 [INFO]   Found: (unnamed)                       C3:F7:AF:15:87:29
2026-05-13 11:20:16,686 [INFO]   Found: (unnamed)                       70:85:DC:C6:05:50
2026-05-13 11:20:16,686 [INFO]   Found: (unnamed)                       01:06:5E:00:90:6D
2026-05-13 11:20:16,686 [INFO]   Found: (unnamed)                       DD:BC:CF:CF:B5:45
2026-05-13 11:20:16,686 [INFO]   Found: (unnamed)                       57:11:8C:E0:D5:DE
2026-05-13 11:20:16,686 [INFO]   Found: (unnamed)                       E4:60:28:DF:26:16
2026-05-13 11:20:16,686 [INFO]   Found: (unnamed)                       F1:B9:D4:F1:DF:6B
2026-05-13 11:20:16,686 [INFO]   Found: (unnamed)                       EF:7F:DD:43:38:88
2026-05-13 11:20:16,686 [INFO]   Found: (unnamed)                       43:70:4C:92:A5:DA
2026-05-13 11:20:16,686 [INFO]   Found: (unnamed)                       6C:70:B1:56:15:C0
2026-05-13 11:20:16,686 [INFO]   Found: (unnamed)                       DC:99:3A:EF:E5:A7
2026-05-13 11:20:16,686 [INFO]   Found: (unnamed)                       A4:C1:35:99:69:D6
2026-05-13 11:20:16,686 [INFO]   Found: (unnamed)                       78:4F:0F:5A:50:56
2026-05-13 11:20:16,687 [INFO]   Found: Galaxy Buds3 (55BA) LE          C4:5D:7D:DD:A8:47
2026-05-13 11:20:16,687 [INFO]   Found: (unnamed)                       CF:22:BB:E1:C8:DC
2026-05-13 11:20:16,687 [INFO]   Found: (unnamed)                       C7:FA:89:A3:5C:EE
2026-05-13 11:20:16,687 [INFO]   Found: (unnamed)                       F8:F3:69:2B:18:0C
2026-05-13 11:20:16,687 [INFO]   Found: (unnamed)                       F8:83:2D:2E:6A:2B
2026-05-13 11:20:16,687 [INFO]   Found: (unnamed)                       52:35:FC:26:EE:8F
2026-05-13 11:20:16,687 [INFO]   Found: (unnamed)                       EB:A3:30:C9:14:B5
2026-05-13 11:20:16,687 [INFO]   Found: (unnamed)                       69:75:73:28:BE:0C
2026-05-13 11:20:16,687 [INFO]   Found: (unnamed)                       FF:5C:24:E3:C5:1F
2026-05-13 11:20:16,687 [INFO]   Found: (unnamed)                       F8:53:84:BA:74:9E
2026-05-13 11:20:16,687 [INFO]   Found: (unnamed)                       EB:90:45:74:30:10
2026-05-13 11:20:16,687 [INFO]   Found: (unnamed)                       3F:EA:1C:31:6A:36
2026-05-13 11:20:16,687 [INFO]   Found: (unnamed)                       4A:AB:25:C9:ED:47
2026-05-13 11:20:16,687 [INFO]   Found: (unnamed)                       C0:91:A3:8D:24:C6
2026-05-13 11:20:16,687 [INFO]   Found: (unnamed)                       C5:7E:81:7F:F9:44
2026-05-13 11:20:16,687 [INFO]   Found: Cubitt VIVA Pro                 F4:4E:FD:A3:7E:EB
2026-05-13 11:20:16,688 [INFO]   Found: (unnamed)                       45:6A:2E:2A:71:25
2026-05-13 11:20:16,688 [INFO]   Found: (unnamed)                       42:A4:44:0F:5E:E2
2026-05-13 11:20:16,688 [INFO]   Found: (unnamed)                       FA:6F:4B:3E:4C:48
2026-05-13 11:20:16,688 [INFO]   Found: (unnamed)                       46:DD:06:E9:6C:A5
2026-05-13 11:20:16,688 [INFO]   Found: (unnamed)                       F1:2D:3E:7B:CA:B4
2026-05-13 11:20:16,688 [INFO]   Found: (unnamed)                       6B:A0:79:1D:D9:D2
2026-05-13 11:20:16,688 [INFO]   Found: (unnamed)                       59:A7:98:1B:D0:DA
2026-05-13 11:20:16,688 [INFO]   Found: (unnamed)                       51:BF:C7:B6:3E:1F
2026-05-13 11:20:16,688 [INFO]   Found: (unnamed)                       59:AE:92:CB:1B:F5
2026-05-13 11:20:16,688 [INFO]   Found: (unnamed)                       39:6E:5E:99:53:7C
2026-05-13 11:20:16,688 [INFO]   Found: (unnamed)                       06:B5:43:3A:A0:28
2026-05-13 11:20:16,688 [INFO]   Found: (unnamed)                       6E:8B:38:5B:EA:CE
2026-05-13 11:20:16,688 [INFO]   Found: (unnamed)                       FB:D8:6F:0B:F9:24
2026-05-13 11:20:16,688 [INFO]   Found: (unnamed)                       C5:5C:64:DF:74:B5
2026-05-13 11:20:16,688 [INFO]   Found: (unnamed)                       F0:46:A2:5C:9B:6A
2026-05-13 11:20:16,688 [INFO]   Found: (unnamed)                       5C:59:5F:16:11:D4
2026-05-13 11:20:16,688 [INFO]   Found: (unnamed)                       FC:05:94:53:28:B6
2026-05-13 11:20:16,689 [INFO]   Found: (unnamed)                       C2:BC:21:41:72:CD
2026-05-13 11:20:16,689 [INFO]   Found: (unnamed)                       7D:71:9C:79:B3:00
2026-05-13 11:20:16,689 [INFO]   Found: (unnamed)                       6A:52:C3:34:95:72
2026-05-13 11:20:16,689 [INFO]   Found: (unnamed)                       6A:15:2E:D2:5B:FA
2026-05-13 11:20:16,689 [INFO]   Found: (unnamed)                       D3:8F:06:8E:FB:8B
2026-05-13 11:20:16,689 [INFO]   Found: (unnamed)                       DD:A0:55:32:4B:FA
2026-05-13 11:20:16,689 [INFO]   Found: (unnamed)                       04:7F:40:B0:08:79
2026-05-13 11:20:16,689 [INFO]   Found: (unnamed)                       E1:7A:07:2D:D9:57
2026-05-13 11:20:16,689 [INFO]   Found: (unnamed)                       F9:C8:72:91:2F:03
2026-05-13 11:20:16,689 [INFO]   Found: (unnamed)                       DC:97:D1:35:C5:A0
2026-05-13 11:20:16,689 [INFO]   Found: (unnamed)                       14:C9:47:13:DB:59
2026-05-13 11:20:16,689 [INFO]   Found: (unnamed)                       5C:C6:29:40:11:56
2026-05-13 11:20:16,689 [INFO]   Found: (unnamed)                       FD:BC:3F:C5:C3:BB
2026-05-13 11:20:16,689 [INFO]   Found: (unnamed)                       E2:01:77:0F:FA:CF
2026-05-13 11:20:16,689 [INFO]   Found: (unnamed)                       41:EE:7D:F7:F7:75
2026-05-13 11:20:16,689 [INFO]   Found: (unnamed)                       50:D0:C7:9C:D2:E9
2026-05-13 11:20:16,689 [INFO]   Found: (unnamed)                       EF:09:36:D3:56:46
2026-05-13 11:20:16,689 [INFO]   Found: (unnamed)                       65:E0:5C:63:84:1F
2026-05-13 11:20:16,690 [INFO]   Found: (unnamed)                       4D:F8:09:1C:7A:EE
2026-05-13 11:20:16,690 [INFO]   Found: (unnamed)                       D7:92:82:13:54:DF
2026-05-13 11:20:16,690 [INFO]   Found: (unnamed)                       C2:1B:3C:1B:DD:FA
2026-05-13 11:20:16,690 [INFO]   Found: (unnamed)                       FE:C2:73:E9:65:3E
2026-05-13 11:20:16,690 [INFO]   Found: (unnamed)                       E5:3D:68:7A:84:42
2026-05-13 11:20:16,690 [INFO]   Found: (unnamed)                       6E:8D:9C:7F:19:16
2026-05-13 11:20:16,690 [INFO]   Found: (unnamed)                       F0:0B:BE:01:E7:68
2026-05-13 11:20:16,690 [INFO]   Found: (unnamed)                       D7:52:23:DC:BF:C3
2026-05-13 11:20:16,690 [INFO]   Found: (unnamed)                       D0:DE:A9:89:4B:19
2026-05-13 11:20:16,690 [INFO]   Found: (unnamed)                       E2:C3:CF:56:19:3E
2026-05-13 11:20:16,690 [INFO]   Found: (unnamed)                       74:78:09:DF:94:AE
2026-05-13 11:20:16,690 [INFO]   Found: (unnamed)                       4B:47:63:6F:B8:C2
2026-05-13 11:20:16,690 [INFO]   Found: (unnamed)                       42:57:90:DB:1A:48
2026-05-13 11:20:16,690 [INFO]   Found: (unnamed)                       D7:D8:F6:CE:11:D3
2026-05-13 11:20:16,690 [INFO]   Found: (unnamed)                       74:50:49:FC:4B:FB
2026-05-13 11:20:16,690 [INFO]   Found: (unnamed)                       48:A7:B5:57:82:0E
2026-05-13 11:20:16,690 [INFO]   Found: (unnamed)                       65:D3:4C:B0:CD:DC
2026-05-13 11:20:16,690 [INFO]   Found: (unnamed)                       73:38:82:52:D2:1D
2026-05-13 11:20:16,691 [INFO]   Found: (unnamed)                       D1:E8:4C:C8:2C:FC
2026-05-13 11:20:16,691 [INFO]   Found: (unnamed)                       61:6C:DA:65:1E:87
2026-05-13 11:20:16,691 [INFO]   Found: (unnamed)                       46:7B:E8:0B:F7:75
2026-05-13 11:20:16,691 [INFO]   Found: (unnamed)                       E5:77:86:76:F2:86
2026-05-13 11:20:16,691 [INFO]   Found: (unnamed)                       65:2A:A1:4C:3C:D8
2026-05-13 11:20:16,691 [INFO]   Found: (unnamed)                       EB:91:2F:FF:B1:EE
2026-05-13 11:20:16,691 [INFO]   Found: (unnamed)                       C9:68:76:C9:44:9B
2026-05-13 11:20:16,691 [INFO]   Found: (unnamed)                       3D:C4:76:FF:AE:BE
2026-05-13 11:20:16,691 [INFO]   Found: (unnamed)                       F2:F4:B5:4D:4B:F7
2026-05-13 11:20:16,691 [INFO] ✨ 1 candidate(s) found
2026-05-13 11:20:16,692 [INFO] Connecting to CE:68:27:E4:9F:D0...
2026-05-13 11:20:24,045 [INFO] Connected ✓  (notifications enabled)
2026-05-13 11:20:39,676 [INFO] 🌡  Warming up sensor (5s HR mode)...
2026-05-13 11:20:44,979 [INFO] ✅ Sensor warm — starting SpO2 measurement
2026-05-13 11:20:44,979 [INFO] ▶ Real-time SpO2 started (60s)...
2026-05-13 11:42:02,501 [INFO] Connecting to 74:19:0A:14:70:C8...
2026-05-13 11:42:24,084 [INFO] 🔍 Scanning for BLE devices (10.0s)...
2026-05-13 11:42:34,357 [INFO]   Found: (unnamed)                       42:16:E8:95:53:B9
2026-05-13 11:42:34,357 [INFO]   Found: (unnamed)                       54:4F:43:9E:04:C0
2026-05-13 11:42:34,357 [INFO]   Found: (unnamed)                       72:28:1D:45:A1:8A
2026-05-13 11:42:34,358 [INFO]   Found: (unnamed)                       25:54:5F:C2:20:2B
2026-05-13 11:42:34,358 [INFO]   Found: (unnamed)                       4F:E5:63:86:33:E1
2026-05-13 11:42:34,358 [INFO]   Found: (unnamed)                       4A:9D:B1:CD:74:50
2026-05-13 11:42:34,358 [INFO]   Found: (unnamed)                       59:A5:76:9B:6D:C4
2026-05-13 11:42:34,358 [INFO]   Found: (unnamed)                       75:AF:56:AC:82:4B
2026-05-13 11:42:34,358 [INFO]   Found: (unnamed)                       03:64:5B:F7:16:1E
2026-05-13 11:42:34,358 [INFO]   Found: (unnamed)                       56:B0:AF:97:52:64
2026-05-13 11:42:34,358 [INFO]   Found: (unnamed)                       6B:D2:9C:64:30:64
2026-05-13 11:42:34,358 [INFO]   Found: (unnamed)                       58:F0:13:75:E9:F7
2026-05-13 11:42:34,358 [INFO]   Found: (unnamed)                       5B:E0:2A:7A:F9:E5
2026-05-13 11:42:34,358 [INFO]   Found: (unnamed)                       6F:F5:A1:1F:09:BF
2026-05-13 11:42:34,358 [INFO]   Found: (unnamed)                       41:87:04:61:6C:23
2026-05-13 11:42:34,358 [INFO]   Found: (unnamed)                       EF:4C:1F:FA:CA:75
2026-05-13 11:42:34,358 [INFO]   Found: (unnamed)                       6C:57:90:3B:51:E4
2026-05-13 11:42:34,359 [INFO]   Found: (unnamed)                       7C:B7:D1:FE:3B:F7
2026-05-13 11:42:34,359 [INFO]   Found: (unnamed)                       6B:E3:83:2A:54:07
2026-05-13 11:42:34,359 [INFO]   Found: (unnamed)                       6D:1A:4F:0A:B3:D9
2026-05-13 11:42:34,359 [INFO]   Found: (unnamed)                       24:E8:04:DE:2A:26
2026-05-13 11:42:34,359 [INFO]   Found: (unnamed)                       73:E2:B6:0F:D1:48
2026-05-13 11:42:34,359 [INFO]   Found: (unnamed)                       32:BD:BD:5D:89:8A
2026-05-13 11:42:34,359 [INFO]   Found: (unnamed)                       77:70:D9:BE:41:8C
2026-05-13 11:42:34,359 [INFO]   Found: (unnamed)                       68:BC:5F:22:B1:36
2026-05-13 11:42:34,359 [INFO]   Found: (unnamed)                       6A:3F:BC:D9:4A:6B
2026-05-13 11:42:34,359 [INFO]   Found: (unnamed)                       2D:48:28:3C:99:4D
2026-05-13 11:42:34,359 [INFO]   Found: (unnamed)                       74:8B:A1:83:5D:56
2026-05-13 11:42:34,359 [INFO]   Found: (unnamed)                       6D:A6:DB:20:68:4C
2026-05-13 11:42:34,359 [INFO]   Found: (unnamed)                       2C:BF:87:52:D3:39
2026-05-13 11:42:34,359 [INFO]   Found: (unnamed)                       1D:EF:E7:C1:85:0D
2026-05-13 11:42:34,359 [INFO]   Found: BC2688993                       54:D6:0D:37:7F:5D
2026-05-13 11:42:34,360 [INFO]   Found: (unnamed)                       76:9A:A0:92:94:09
2026-05-13 11:42:34,360 [INFO]   Found: (unnamed)                       5E:A5:F7:3D:55:66
2026-05-13 11:42:34,360 [INFO]   Found: (unnamed)                       66:74:AB:11:1F:93
2026-05-13 11:42:34,360 [INFO]   Found: (unnamed)                       69:E0:B3:01:70:17
2026-05-13 11:42:34,360 [INFO]   Found: MARTINASUSROG                   5C:A8:3A:AB:D3:5F
2026-05-13 11:42:34,360 [INFO]   Found: (unnamed)                       7B:02:2C:82:C4:8C
2026-05-13 11:42:34,360 [INFO]   Found: (unnamed)                       68:81:38:00:44:41
2026-05-13 11:42:34,360 [INFO]   Found: (unnamed)                       19:2C:7A:AD:65:90
2026-05-13 11:42:34,360 [INFO]   Found: (unnamed)                       1E:6F:DF:58:31:E7
2026-05-13 11:42:34,360 [INFO]   Found: (unnamed)                       4C:A6:EE:05:0E:BB
2026-05-13 11:42:34,360 [INFO]   Found: (unnamed)                       ED:52:1A:9A:09:72
2026-05-13 11:42:34,360 [INFO]   Found: DAVIDSALOMON                    52:84:FB:32:5E:BD
2026-05-13 11:42:34,360 [INFO]   Found: (unnamed)                       0F:84:ED:2A:8E:0A
2026-05-13 11:42:34,360 [INFO]   Found: (unnamed)                       EE:E5:E4:95:19:4C
2026-05-13 11:42:34,360 [INFO]   Found: (unnamed)                       09:DC:30:5C:07:F9
2026-05-13 11:42:34,360 [INFO]   Found: (unnamed)                       76:4B:37:E9:4E:FB
2026-05-13 11:42:34,360 [INFO]   Found: (unnamed)                       7F:97:EA:B3:CF:DC
2026-05-13 11:42:34,360 [INFO]   Found: (unnamed)                       C4:FD:6D:60:A3:1C
2026-05-13 11:42:34,360 [INFO]   Found: (unnamed)                       57:AE:83:60:E6:EE
2026-05-13 11:42:34,361 [INFO]   Found: (unnamed)                       68:72:AE:32:51:4C
2026-05-13 11:42:34,361 [INFO]   Found: J2501 AF55                      E0:82:91:3C:AF:55
2026-05-13 11:42:34,361 [INFO]     ↳ candidate: advertises 0000fff0-0000-1000-8000-00805f9b34fb
2026-05-13 11:42:34,361 [INFO]   Found: (unnamed)                       03:20:A4:82:F3:D2
2026-05-13 11:42:34,361 [INFO]   Found: (unnamed)                       7A:4F:DA:37:DE:ED
2026-05-13 11:42:34,361 [INFO]   Found: (unnamed)                       45:3C:C4:5D:AC:D4
2026-05-13 11:42:34,361 [INFO]   Found: (unnamed)                       6B:6B:47:BF:C3:FF
2026-05-13 11:42:34,361 [INFO]   Found: (unnamed)                       54:16:AA:9D:68:9F
2026-05-13 11:42:34,361 [INFO]   Found: CR-79583                        59:35:4E:FC:67:C9
2026-05-13 11:42:34,361 [INFO]   Found: (unnamed)                       5F:83:F6:B4:54:BE
2026-05-13 11:42:34,361 [INFO]   Found: (unnamed)                       11:56:9F:4F:44:62
2026-05-13 11:42:34,361 [INFO]   Found: (unnamed)                       73:2C:45:D4:E2:82
2026-05-13 11:42:34,361 [INFO]   Found: (unnamed)                       74:EB:E4:02:F0:CE
2026-05-13 11:42:34,361 [INFO]   Found: (unnamed)                       60:36:87:32:5F:2E
2026-05-13 11:42:34,361 [INFO]   Found: (unnamed)                       5E:38:4F:9F:C8:31
2026-05-13 11:42:34,361 [INFO]   Found: (unnamed)                       71:FD:58:7E:52:EF
2026-05-13 11:42:34,361 [INFO]   Found: (unnamed)                       CE:F7:28:F2:47:DB
2026-05-13 11:42:34,361 [INFO]   Found: (unnamed)                       49:BC:12:29:24:6E
2026-05-13 11:42:34,361 [INFO]   Found: (unnamed)                       63:D0:1B:3B:DA:86
2026-05-13 11:42:34,361 [INFO]   Found: (unnamed)                       6D:7E:A4:BE:E7:83
2026-05-13 11:42:34,362 [INFO]   Found: (unnamed)                       58:3E:C0:C0:58:E1
2026-05-13 11:42:34,362 [INFO]   Found: (unnamed)                       75:B5:88:D2:EA:D2
2026-05-13 11:42:34,362 [INFO]   Found: (unnamed)                       79:24:7A:2A:85:E8
2026-05-13 11:42:34,362 [INFO]   Found: (unnamed)                       6B:BD:8E:6C:1B:BB
2026-05-13 11:42:34,362 [INFO]   Found: (unnamed)                       50:B4:41:88:51:97
2026-05-13 11:42:34,362 [INFO]   Found: (unnamed)                       61:2D:2B:EC:E4:B3
2026-05-13 11:42:34,362 [INFO]   Found: (unnamed)                       45:F8:13:FA:D4:0D
2026-05-13 11:42:34,362 [INFO]   Found: (unnamed)                       25:16:87:D8:75:D0
2026-05-13 11:42:34,362 [INFO]   Found: (unnamed)                       36:FB:E0:F3:17:E5
2026-05-13 11:42:34,362 [INFO]   Found: (unnamed)                       FF:5B:F8:01:D3:B7
2026-05-13 11:42:34,362 [INFO]   Found: (unnamed)                       10:11:30:1F:0C:33
2026-05-13 11:42:34,362 [INFO]   Found: (unnamed)                       7B:3B:1E:E5:FB:03
2026-05-13 11:42:34,362 [INFO]   Found: (unnamed)                       28:D4:95:FE:E2:4E
2026-05-13 11:42:34,362 [INFO]   Found: (unnamed)                       59:E9:C7:06:EB:9E
2026-05-13 11:42:34,362 [INFO]   Found: (unnamed)                       62:42:C9:15:AC:54
2026-05-13 11:42:34,362 [INFO]   Found: (unnamed)                       5D:C4:14:57:31:24
2026-05-13 11:42:34,362 [INFO]   Found: (unnamed)                       0F:DF:C9:2A:C5:5B
2026-05-13 11:42:34,362 [INFO]   Found: (unnamed)                       50:81:A7:89:AD:D8
2026-05-13 11:42:34,362 [INFO]   Found: (unnamed)                       43:06:1E:7F:82:44
2026-05-13 11:42:34,362 [INFO]   Found: (unnamed)                       1F:35:A5:EF:D4:E6
2026-05-13 11:42:34,363 [INFO]   Found: J2501 9FD0                      CE:68:27:E4:9F:D0
2026-05-13 11:42:34,363 [INFO]     ↳ candidate: advertises 0000fff0-0000-1000-8000-00805f9b34fb
2026-05-13 11:42:34,363 [INFO]   Found: (unnamed)                       52:54:8A:D7:AA:5A
2026-05-13 11:42:34,363 [INFO]   Found: (unnamed)                       FC:9E:DC:D8:AA:AA
2026-05-13 11:42:34,363 [INFO]   Found: (unnamed)                       E7:59:DD:F2:06:D7
2026-05-13 11:42:34,363 [INFO]   Found: (unnamed)                       DC:18:F1:76:87:48
2026-05-13 11:42:34,363 [INFO]   Found: (unnamed)                       04:98:4B:20:5E:CD
2026-05-13 11:42:34,363 [INFO]   Found: (unnamed)                       5C:DF:7E:12:38:86
2026-05-13 11:42:34,363 [INFO]   Found: (unnamed)                       5A:AC:30:42:3E:5D
2026-05-13 11:42:34,363 [INFO]   Found: (unnamed)                       68:43:9E:01:77:08
2026-05-13 11:42:34,363 [INFO]   Found: (unnamed)                       41:DB:91:22:C8:62
2026-05-13 11:42:34,363 [INFO]   Found: (unnamed)                       63:FF:F2:92:77:90
2026-05-13 11:42:34,363 [INFO]   Found: (unnamed)                       37:ED:9E:06:50:42
2026-05-13 11:42:34,363 [INFO]   Found: (unnamed)                       CF:C9:CA:FF:F5:7F
2026-05-13 11:42:34,363 [INFO]   Found: (unnamed)                       4F:CA:F5:40:E8:16
2026-05-13 11:42:34,364 [INFO]   Found: (unnamed)                       6C:78:21:52:60:B6
2026-05-13 11:42:34,364 [INFO]   Found: (unnamed)                       78:3D:C3:53:DF:76
2026-05-13 11:42:34,364 [INFO]   Found: (unnamed)                       6C:5E:C5:67:04:66
2026-05-13 11:42:34,364 [INFO]   Found: (unnamed)                       40:34:23:FA:71:C7
2026-05-13 11:42:34,364 [INFO]   Found: (unnamed)                       76:8C:33:38:70:09
2026-05-13 11:42:34,364 [INFO]   Found: (unnamed)                       6A:A6:3A:20:91:BC
2026-05-13 11:42:34,364 [INFO]   Found: (unnamed)                       43:6A:8E:FF:89:81
2026-05-13 11:42:34,364 [INFO]   Found: (unnamed)                       62:DB:20:5C:6E:16
2026-05-13 11:42:34,364 [INFO]   Found: (unnamed)                       06:87:70:35:C1:8B
2026-05-13 11:42:34,364 [INFO]   Found: (unnamed)                       50:B8:A8:65:2F:E6
2026-05-13 11:42:34,364 [INFO]   Found: (unnamed)                       48:E4:7C:F4:4D:8C
2026-05-13 11:42:34,364 [INFO]   Found: (unnamed)                       4E:6B:0F:54:B1:F1
2026-05-13 11:42:34,364 [INFO]   Found: (unnamed)                       64:E8:2B:FB:52:6A
2026-05-13 11:42:34,364 [INFO]   Found: (unnamed)                       3A:82:F9:27:00:40
2026-05-13 11:42:34,364 [INFO]   Found: (unnamed)                       D4:AA:D9:88:A0:D4
2026-05-13 11:42:34,364 [INFO]   Found: (unnamed)                       7C:15:1E:DE:2C:1A
2026-05-13 11:42:34,365 [INFO]   Found: (unnamed)                       62:F6:AD:42:2C:E1
2026-05-13 11:42:34,365 [INFO]   Found: (unnamed)                       1C:98:F5:BD:C1:AE
2026-05-13 11:42:34,365 [INFO]   Found: (unnamed)                       0D:94:8E:8B:43:EA
2026-05-13 11:42:34,365 [INFO]   Found: (unnamed)                       4E:56:6E:18:F9:68
2026-05-13 11:42:34,365 [INFO]   Found: (unnamed)                       3F:19:32:21:1D:F1
2026-05-13 11:42:34,365 [INFO]   Found: (unnamed)                       6C:E9:28:92:8D:34
2026-05-13 11:42:34,365 [INFO]   Found: (unnamed)                       76:EB:DF:97:83:B0
2026-05-13 11:42:34,365 [INFO]   Found: (unnamed)                       5A:DE:9B:D6:F8:18
2026-05-13 11:42:34,365 [INFO]   Found: (unnamed)                       26:33:6B:B6:69:88
2026-05-13 11:42:34,365 [INFO]   Found: CR-79647                        72:0C:90:AA:B1:08
2026-05-13 11:42:34,365 [INFO]   Found: (unnamed)                       1B:65:BA:54:74:1E
2026-05-13 11:42:34,365 [INFO]   Found: (unnamed)                       74:B8:3D:79:01:F1
2026-05-13 11:42:34,365 [INFO]   Found: (unnamed)                       7F:BA:BA:45:26:27
2026-05-13 11:42:34,365 [INFO]   Found: (unnamed)                       40:6B:E8:5F:C3:C9
2026-05-13 11:42:34,365 [INFO]   Found: (unnamed)                       08:33:EE:01:E1:9F
2026-05-13 11:42:34,365 [INFO]   Found: (unnamed)                       CB:93:32:86:EA:90
2026-05-13 11:42:34,366 [INFO]   Found: (unnamed)                       3D:68:56:AD:A8:6B
2026-05-13 11:42:34,366 [INFO]   Found: (unnamed)                       56:EF:88:50:BA:53
2026-05-13 11:42:34,366 [INFO]   Found: (unnamed)                       2F:C0:97:A1:05:C2
2026-05-13 11:42:34,366 [INFO]   Found: (unnamed)                       7E:57:1A:39:DB:27
2026-05-13 11:42:34,366 [INFO]   Found: (unnamed)                       DA:72:12:E5:A8:FF
2026-05-13 11:42:34,366 [INFO]   Found: HAVIT SPACE S1                  50:DA:4C:D9:DA:C7
2026-05-13 11:42:34,366 [INFO]   Found: (unnamed)                       54:2B:D1:41:99:A5
2026-05-13 11:42:34,366 [INFO]   Found: (unnamed)                       37:2C:64:DE:CF:8C
2026-05-13 11:42:34,366 [INFO]   Found: (unnamed)                       52:51:C8:CA:07:0F
2026-05-13 11:42:34,366 [INFO]   Found: (unnamed)                       71:D8:C8:6B:C2:39
2026-05-13 11:42:34,366 [INFO]   Found: (unnamed)                       5D:FD:1E:B4:2A:5C
2026-05-13 11:42:34,366 [INFO]   Found: (unnamed)                       48:2C:7E:07:80:A7
2026-05-13 11:42:34,366 [INFO]   Found: (unnamed)                       10:98:54:C6:D1:1B
2026-05-13 11:42:34,366 [INFO]   Found: (unnamed)                       76:82:BE:92:BD:C9
2026-05-13 11:42:34,366 [INFO]   Found: (unnamed)                       71:91:16:AC:0B:40
2026-05-13 11:42:34,366 [INFO]   Found: (unnamed)                       69:99:9F:74:EC:1E
2026-05-13 11:42:34,367 [INFO]   Found: (unnamed)                       47:71:4A:95:CB:3C
2026-05-13 11:42:34,367 [INFO]   Found: (unnamed)                       5F:84:EA:04:3A:79
2026-05-13 11:42:34,367 [INFO]   Found: (unnamed)                       09:51:36:12:2B:6C
2026-05-13 11:42:34,367 [INFO]   Found: (unnamed)                       44:A5:9D:BE:B8:71
2026-05-13 11:42:34,367 [INFO]   Found: (unnamed)                       42:63:F0:76:34:DC
2026-05-13 11:42:34,367 [INFO]   Found: (unnamed)                       68:F4:BD:9F:79:4E
2026-05-13 11:42:34,367 [INFO]   Found: (unnamed)                       7C:F6:55:C5:10:7F
2026-05-13 11:42:34,367 [INFO]   Found: (unnamed)                       E3:F3:B5:35:60:D1
2026-05-13 11:42:34,367 [INFO]   Found: (unnamed)                       4B:40:60:8D:72:B7
2026-05-13 11:42:34,367 [INFO]   Found: (unnamed)                       7D:56:26:00:B0:20
2026-05-13 11:42:34,367 [INFO]   Found: (unnamed)                       62:A3:30:70:34:20
2026-05-13 11:42:34,367 [INFO]   Found: (unnamed)                       53:B4:FA:46:16:FC
2026-05-13 11:42:34,367 [INFO]   Found: (unnamed)                       CC:2D:AB:A4:9E:62
2026-05-13 11:42:34,367 [INFO]   Found: (unnamed)                       31:7B:4C:69:0F:BD
2026-05-13 11:42:34,367 [INFO]   Found: (unnamed)                       0D:0D:A7:73:8D:C9
2026-05-13 11:42:34,368 [INFO]   Found: (unnamed)                       5F:A4:40:1B:38:F4
2026-05-13 11:42:34,368 [INFO]   Found: (unnamed)                       7D:01:DF:CE:8A:4E
2026-05-13 11:42:34,368 [INFO]   Found: (unnamed)                       6D:12:2A:9E:F7:BD
2026-05-13 11:42:34,368 [INFO]   Found: (unnamed)                       53:66:61:81:2F:A6
2026-05-13 11:42:34,368 [INFO]   Found: (unnamed)                       33:FC:03:7D:D0:9F
2026-05-13 11:42:34,368 [INFO]   Found: (unnamed)                       75:BD:17:C3:54:DB
2026-05-13 11:42:34,368 [INFO]   Found: (unnamed)                       E6:93:59:CF:10:79
2026-05-13 11:42:34,368 [INFO]   Found: JBL WAVE FLEX-LE                C0:2E:29:20:43:82
2026-05-13 11:42:34,368 [INFO]   Found: (unnamed)                       03:D0:A4:C0:54:87
2026-05-13 11:42:34,368 [INFO]   Found: (unnamed)                       43:1D:1A:E8:C7:41
2026-05-13 11:42:34,368 [INFO]   Found: (unnamed)                       16:22:B1:E7:59:CE
2026-05-13 11:42:34,368 [INFO]   Found: (unnamed)                       7B:78:17:43:44:03
2026-05-13 11:42:34,368 [INFO]   Found: (unnamed)                       77:58:C3:F8:6C:9F
2026-05-13 11:42:34,368 [INFO]   Found: (unnamed)                       E2:62:BC:B8:7C:EC
2026-05-13 11:42:34,368 [INFO]   Found: (unnamed)                       47:30:DE:C5:B0:A2
2026-05-13 11:42:34,368 [INFO]   Found: (unnamed)                       C7:B0:23:2C:B9:BB
2026-05-13 11:42:34,369 [INFO]   Found: (unnamed)                       51:11:C2:76:CB:68
2026-05-13 11:42:34,369 [INFO]   Found: (unnamed)                       5A:2B:DB:4F:FB:20
2026-05-13 11:42:34,369 [INFO]   Found: (unnamed)                       7B:AF:9A:B6:D0:56
2026-05-13 11:42:34,369 [INFO]   Found: (unnamed)                       50:0E:DC:7F:54:56
2026-05-13 11:42:34,369 [INFO]   Found: (unnamed)                       47:1E:7D:93:AE:89
2026-05-13 11:42:34,369 [INFO]   Found: (unnamed)                       12:72:C9:46:1D:9C
2026-05-13 11:42:34,369 [INFO]   Found: (unnamed)                       52:08:CD:D0:5C:77
2026-05-13 11:42:34,369 [INFO]   Found: (unnamed)                       42:74:C6:B7:29:0E
2026-05-13 11:42:34,369 [INFO]   Found: (unnamed)                       2E:B4:26:4E:01:A7
2026-05-13 11:42:34,369 [INFO]   Found: (unnamed)                       5B:4C:6F:9D:90:23
2026-05-13 11:42:34,369 [INFO]   Found: (unnamed)                       4A:FD:90:F8:37:8E
2026-05-13 11:42:34,369 [INFO]   Found: (unnamed)                       52:01:DE:2F:82:F2
2026-05-13 11:42:34,369 [INFO]   Found: (unnamed)                       28:E6:A9:1E:AA:A7
2026-05-13 11:42:34,369 [INFO]   Found: (unnamed)                       44:70:14:56:DC:3D
2026-05-13 11:42:34,369 [INFO]   Found: (unnamed)                       74:3D:60:1E:86:01
2026-05-13 11:42:34,370 [INFO]   Found: (unnamed)                       17:BA:62:C3:3F:4D
2026-05-13 11:42:34,370 [INFO]   Found: (unnamed)                       78:54:A7:57:8D:1F
2026-05-13 11:42:34,370 [INFO]   Found: (unnamed)                       50:46:BD:1C:2D:D2
2026-05-13 11:42:34,370 [INFO]   Found: (unnamed)                       78:71:FE:31:82:9E
2026-05-13 11:42:34,370 [INFO]   Found: (unnamed)                       EB:81:D4:F0:0E:B3
2026-05-13 11:42:34,370 [INFO]   Found: (unnamed)                       7E:85:A1:16:78:9B
2026-05-13 11:42:34,370 [INFO]   Found: (unnamed)                       46:23:AB:5D:3B:A6
2026-05-13 11:42:34,370 [INFO]   Found: (unnamed)                       77:99:97:99:F7:C8
2026-05-13 11:42:34,370 [INFO]   Found: (unnamed)                       69:6A:4A:D3:AF:12
2026-05-13 11:42:34,370 [INFO]   Found: (unnamed)                       09:D6:95:3A:D7:50
2026-05-13 11:42:34,370 [INFO]   Found: (unnamed)                       4F:86:78:89:AC:EC
2026-05-13 11:42:34,370 [INFO]   Found: (unnamed)                       D6:7A:9A:9B:AB:10
2026-05-13 11:42:34,370 [INFO]   Found: (unnamed)                       70:20:A4:64:C6:2E
2026-05-13 11:42:34,370 [INFO]   Found: (unnamed)                       79:C8:9C:2C:3D:E1
2026-05-13 11:42:34,370 [INFO]   Found: (unnamed)                       49:96:5E:23:29:AA
2026-05-13 11:42:34,370 [INFO]   Found: (unnamed)                       E0:6F:25:09:AC:28
2026-05-13 11:42:34,371 [INFO]   Found: BC2689310                       54:D6:0D:37:70:7D
2026-05-13 11:42:34,371 [INFO]   Found: (unnamed)                       64:30:CA:F3:1E:20
2026-05-13 11:42:34,371 [INFO]   Found: BC2689107                       54:D6:0D:37:44:45
2026-05-13 11:42:34,371 [INFO]   Found: (unnamed)                       EF:2E:DD:09:EC:63
2026-05-13 11:42:34,371 [INFO]   Found: (unnamed)                       A4:C1:35:99:69:D6
2026-05-13 11:42:34,371 [INFO]   Found: (unnamed)                       50:94:5A:4D:1B:22
2026-05-13 11:42:34,371 [INFO]   Found: (unnamed)                       4A:1F:8C:77:E3:E6
2026-05-13 11:42:34,371 [INFO]   Found: (unnamed)                       11:EC:DA:C2:34:37
2026-05-13 11:42:34,371 [INFO]   Found: (unnamed)                       4B:D3:28:42:86:10
2026-05-13 11:42:34,371 [INFO]   Found: (unnamed)                       F4:9C:1A:90:DE:75
2026-05-13 11:42:34,371 [INFO]   Found: (unnamed)                       32:B9:BD:5C:47:3A
2026-05-13 11:42:34,371 [INFO]   Found: (unnamed)                       DF:B2:DC:49:01:B5
2026-05-13 11:42:34,371 [INFO]   Found: (unnamed)                       31:D6:9C:BA:20:3B
2026-05-13 11:42:34,371 [INFO]   Found: (unnamed)                       47:C8:12:FE:7D:AF
2026-05-13 11:42:34,371 [INFO]   Found: (unnamed)                       63:1F:D9:62:0B:F6
2026-05-13 11:42:34,371 [INFO]   Found: (unnamed)                       F8:9E:95:BF:BE:5B
2026-05-13 11:42:34,372 [INFO]   Found: (unnamed)                       4F:D8:24:C5:73:FE
2026-05-13 11:42:34,372 [INFO]   Found: (unnamed)                       F3:73:2D:DA:05:46
2026-05-13 11:42:34,372 [INFO]   Found: Galaxy Fit3 (70C8)              74:19:0A:14:70:C8
2026-05-13 11:42:34,372 [INFO]   Found: (unnamed)                       73:8D:03:03:77:AA
2026-05-13 11:42:34,372 [INFO]   Found: (unnamed)                       6D:E2:79:AB:83:2E
2026-05-13 11:42:34,372 [INFO]   Found: (unnamed)                       DB:70:61:93:F9:92
2026-05-13 11:42:34,372 [INFO]   Found: (unnamed)                       05:B6:14:83:8D:99
2026-05-13 11:42:34,372 [INFO]   Found: BC2688871                       54:D6:0D:37:5D:E9
2026-05-13 11:42:34,372 [INFO]   Found: (unnamed)                       71:5F:6A:66:3C:A2
2026-05-13 11:42:34,372 [INFO]   Found: (unnamed)                       50:00:BF:44:A1:7D
2026-05-13 11:42:34,372 [INFO]   Found: (unnamed)                       3D:FB:A0:35:D5:27
2026-05-13 11:42:34,372 [INFO]   Found: (unnamed)                       76:6A:5E:90:3D:FD
2026-05-13 11:42:34,372 [INFO]   Found: (unnamed)                       CD:87:93:3E:9E:8C
2026-05-13 11:42:34,372 [INFO]   Found: (unnamed)                       47:AA:76:EF:1A:85
2026-05-13 11:42:34,372 [INFO]   Found: (unnamed)                       04:5F:7B:E6:EA:E5
2026-05-13 11:42:34,373 [INFO]   Found: (unnamed)                       7B:A5:FD:A7:A9:10
2026-05-13 11:42:34,373 [INFO]   Found: (unnamed)                       C6:4A:CF:9B:6B:D9
2026-05-13 11:42:34,373 [INFO]   Found: (unnamed)                       F9:CD:6B:85:E9:FE
2026-05-13 11:42:34,373 [INFO]   Found: (unnamed)                       6E:91:E1:83:DC:1C
2026-05-13 11:42:34,373 [INFO]   Found: (unnamed)                       3C:8D:2D:BE:13:88
2026-05-13 11:42:34,373 [INFO]   Found: (unnamed)                       C0:61:9A:67:D8:3D
2026-05-13 11:42:34,373 [INFO]   Found: (unnamed)                       FC:D8:DF:AC:81:82
2026-05-13 11:42:34,373 [INFO]   Found: (unnamed)                       70:0A:E7:5D:26:DB
2026-05-13 11:42:34,373 [INFO]   Found: (unnamed)                       3D:8E:C7:97:6C:95
2026-05-13 11:42:34,373 [INFO]   Found: (unnamed)                       49:0E:93:52:35:8B
2026-05-13 11:42:34,373 [INFO]   Found: (unnamed)                       41:51:04:DF:05:6A
2026-05-13 11:42:34,373 [INFO]   Found: (unnamed)                       09:CB:49:32:C0:BD
2026-05-13 11:42:34,373 [INFO]   Found: (unnamed)                       4E:3A:8A:FD:4B:8B
2026-05-13 11:42:34,373 [INFO]   Found: (unnamed)                       FF:21:A5:AE:4F:45
2026-05-13 11:42:34,373 [INFO]   Found: (unnamed)                       F0:74:F6:14:F9:79
2026-05-13 11:42:34,373 [INFO]   Found: (unnamed)                       73:5D:15:BB:3F:93
2026-05-13 11:42:34,374 [INFO]   Found: (unnamed)                       7E:98:5E:1E:FF:8F
2026-05-13 11:42:34,374 [INFO]   Found: (unnamed)                       EA:8A:A0:CA:5A:0E
2026-05-13 11:42:34,374 [INFO]   Found: (unnamed)                       51:B8:BD:16:AA:FD
2026-05-13 11:42:34,374 [INFO]   Found: (unnamed)                       6E:7A:46:65:6A:BD
2026-05-13 11:42:34,374 [INFO]   Found: (unnamed)                       69:E3:6E:C6:01:CF
2026-05-13 11:42:34,374 [INFO]   Found: (unnamed)                       EE:B0:67:02:DE:61
2026-05-13 11:42:34,374 [INFO]   Found: (unnamed)                       53:AB:7E:74:E2:05
2026-05-13 11:42:34,374 [INFO]   Found: (unnamed)                       56:26:42:77:7A:06
2026-05-13 11:42:34,374 [INFO]   Found: (unnamed)                       44:70:19:E8:A9:0D
2026-05-13 11:42:34,374 [INFO]   Found: (unnamed)                       40:44:C0:68:98:24
2026-05-13 11:42:34,374 [INFO]   Found: (unnamed)                       C8:7F:F2:54:DB:70
2026-05-13 11:42:34,374 [INFO]   Found: (unnamed)                       DA:4F:80:21:3B:E2
2026-05-13 11:42:34,374 [INFO]   Found: (unnamed)                       72:B3:28:22:2F:66
2026-05-13 11:42:34,374 [INFO]   Found: (unnamed)                       5A:60:E0:8F:F6:78
2026-05-13 11:42:34,374 [INFO]   Found: (unnamed)                       C2:B9:8C:C4:CE:6E
2026-05-13 11:42:34,375 [INFO]   Found: (unnamed)                       C6:30:21:36:F5:3C
2026-05-13 11:42:34,375 [INFO]   Found: (unnamed)                       CF:9F:99:C0:7D:17
2026-05-13 11:42:34,375 [INFO]   Found: (unnamed)                       5D:72:CB:68:A4:7A
2026-05-13 11:42:34,375 [INFO]   Found: (unnamed)                       E3:9F:BA:3E:F9:23
2026-05-13 11:42:34,375 [INFO]   Found: (unnamed)                       C6:50:04:64:2C:E5
2026-05-13 11:42:34,375 [INFO]   Found: (unnamed)                       C8:25:01:7D:A8:03
2026-05-13 11:42:34,375 [INFO]   Found: (unnamed)                       53:0C:6F:EB:41:56
2026-05-13 11:42:34,375 [INFO]   Found: (unnamed)                       FF:73:19:36:05:5C
2026-05-13 11:42:34,375 [INFO]   Found: (unnamed)                       E1:4B:4A:1A:6F:ED
2026-05-13 11:42:34,375 [INFO]   Found: (unnamed)                       D7:6F:FB:9B:50:ED
2026-05-13 11:42:34,375 [INFO]   Found: (unnamed)                       CF:25:4A:2B:A0:E2
2026-05-13 11:42:34,375 [INFO]   Found: (unnamed)                       CB:78:F4:A2:DC:F8
2026-05-13 11:42:34,375 [INFO]   Found: (unnamed)                       6D:E2:D3:BC:B6:19
2026-05-13 11:42:34,375 [INFO]   Found: (unnamed)                       64:BE:C6:E6:AA:23
2026-05-13 11:42:34,375 [INFO]   Found: (unnamed)                       E7:F8:29:11:2F:9E
2026-05-13 11:42:34,375 [INFO]   Found: (unnamed)                       EE:28:1E:92:2F:66
2026-05-13 11:42:34,376 [INFO]   Found: (unnamed)                       CB:5E:7A:E3:D9:61
2026-05-13 11:42:34,376 [INFO]   Found: (unnamed)                       77:6A:FD:B1:ED:E6
2026-05-13 11:42:34,376 [INFO]   Found: (unnamed)                       43:FD:1E:C1:F8:24
2026-05-13 11:42:34,376 [INFO]   Found: (unnamed)                       5D:3D:AD:99:17:C6
2026-05-13 11:42:34,376 [INFO]   Found: (unnamed)                       3C:3B:AA:58:23:56
2026-05-13 11:42:34,376 [INFO]   Found: (unnamed)                       6E:90:05:82:13:54
2026-05-13 11:42:34,376 [INFO]   Found: (unnamed)                       5A:FA:60:A1:51:C1
2026-05-13 11:42:34,376 [INFO]   Found: (unnamed)                       56:3A:D9:8D:22:0D
2026-05-13 11:42:34,376 [INFO]   Found: (unnamed)                       DB:E0:2C:1E:18:2A
2026-05-13 11:42:34,376 [INFO]   Found: (unnamed)                       47:DA:01:B0:9B:1F
2026-05-13 11:42:34,376 [INFO]   Found: (unnamed)                       6D:EB:22:B3:DF:E4
2026-05-13 11:42:34,376 [INFO]   Found: (unnamed)                       66:9F:F8:68:F0:07
2026-05-13 11:42:34,376 [INFO]   Found: (unnamed)                       DC:B2:7F:41:C3:51
2026-05-13 11:42:34,376 [INFO]   Found: (unnamed)                       E3:B7:46:2B:DF:68
2026-05-13 11:42:34,376 [INFO]   Found: (unnamed)                       4D:7E:5A:40:40:18
2026-05-13 11:42:34,376 [INFO]   Found: (unnamed)                       4A:DF:58:58:65:9A
2026-05-13 11:42:34,376 [INFO]   Found: (unnamed)                       44:CC:56:EB:E5:E0
2026-05-13 11:42:34,377 [INFO]   Found: (unnamed)                       E5:DF:54:B6:8F:E5
2026-05-13 11:42:34,377 [INFO]   Found: (unnamed)                       FC:E5:EB:DF:76:68
2026-05-13 11:42:34,377 [INFO]   Found: (unnamed)                       7A:45:FF:A4:65:45
2026-05-13 11:42:34,377 [INFO]   Found: (unnamed)                       F3:D9:01:00:6D:9B
2026-05-13 11:42:34,377 [INFO]   Found: (unnamed)                       5E:98:93:66:49:26
2026-05-13 11:42:34,377 [INFO]   Found: (unnamed)                       6B:16:B0:54:C2:A4
2026-05-13 11:42:34,377 [INFO]   Found: (unnamed)                       C3:E0:ED:E7:21:BD
2026-05-13 11:42:34,377 [INFO]   Found: (unnamed)                       3F:73:0C:D0:2C:6A
2026-05-13 11:42:34,377 [INFO]   Found: (unnamed)                       D7:5B:29:8A:F2:12
2026-05-13 11:42:34,377 [INFO]   Found: (unnamed)                       EE:DC:43:D2:21:18
2026-05-13 11:42:34,377 [INFO]   Found: (unnamed)                       E1:88:90:7C:2F:DA
2026-05-13 11:42:34,377 [INFO]   Found: (unnamed)                       76:65:AD:7F:24:87
2026-05-13 11:42:34,377 [INFO]   Found: (unnamed)                       C0:84:92:32:BD:26
2026-05-13 11:42:34,377 [INFO]   Found: (unnamed)                       3C:06:E2:87:39:A7
2026-05-13 11:42:34,377 [INFO]   Found: (unnamed)                       34:81:47:0A:7A:61
2026-05-13 11:42:34,377 [INFO]   Found: (unnamed)                       1E:57:4C:77:6E:84
2026-05-13 11:42:34,378 [INFO]   Found: (unnamed)                       5D:F9:FF:1B:D5:86
2026-05-13 11:42:34,378 [INFO]   Found: (unnamed)                       EF:13:88:3E:65:67
2026-05-13 11:42:34,378 [INFO]   Found: (unnamed)                       DA:B4:AF:0D:CD:74
2026-05-13 11:42:34,378 [INFO]   Found: (unnamed)                       E6:D7:80:32:29:68
2026-05-13 11:42:34,378 [INFO]   Found: (unnamed)                       54:DA:89:6E:16:71
2026-05-13 11:42:34,378 [INFO]   Found: (unnamed)                       6D:D0:CA:75:A2:99
2026-05-13 11:42:34,378 [INFO]   Found: (unnamed)                       C2:23:95:22:38:6D
2026-05-13 11:42:34,378 [INFO]   Found: (unnamed)                       D4:24:B1:4F:FA:D3
2026-05-13 11:42:34,378 [INFO]   Found: (unnamed)                       53:C9:A7:4D:C3:3B
2026-05-13 11:42:34,378 [INFO]   Found: (unnamed)                       FF:E0:96:C8:BD:88
2026-05-13 11:42:34,378 [INFO]   Found: (unnamed)                       0B:23:12:27:58:4B
2026-05-13 11:42:34,378 [INFO]   Found: (unnamed)                       40:29:1F:DB:60:83
2026-05-13 11:42:34,378 [INFO]   Found: (unnamed)                       55:AF:2D:64:4B:47
2026-05-13 11:42:34,378 [INFO]   Found: (unnamed)                       68:06:4B:96:BC:49
2026-05-13 11:42:34,378 [INFO]   Found: (unnamed)                       C6:2D:BB:6B:93:73
2026-05-13 11:42:34,378 [INFO]   Found: (unnamed)                       FD:F9:21:DE:66:FB
2026-05-13 11:42:34,379 [INFO]   Found: (unnamed)                       DB:91:96:CF:E1:D4
2026-05-13 11:42:34,379 [INFO]   Found: (unnamed)                       54:31:07:A2:6B:03
2026-05-13 11:42:34,379 [INFO]   Found: (unnamed)                       4F:74:30:FB:F9:77
2026-05-13 11:42:34,379 [INFO]   Found: (unnamed)                       55:B9:EE:DB:10:4C
2026-05-13 11:42:34,379 [INFO]   Found: (unnamed)                       D4:2E:04:83:66:5B
2026-05-13 11:42:34,379 [INFO]   Found: (unnamed)                       28:18:97:96:FC:BE
2026-05-13 11:42:34,379 [INFO]   Found: (unnamed)                       66:5E:0B:9C:D6:DC
2026-05-13 11:42:34,379 [INFO]   Found: (unnamed)                       17:FC:6A:C3:30:C0
2026-05-13 11:42:34,379 [INFO]   Found: (unnamed)                       66:61:90:22:96:67
2026-05-13 11:42:34,379 [INFO]   Found: (unnamed)                       C2:02:F1:73:6E:42
2026-05-13 11:42:34,379 [INFO]   Found: (unnamed)                       F9:EF:9E:14:C9:83
2026-05-13 11:42:34,379 [INFO] ✨ 2 candidate(s) found
2026-05-13 11:42:40,852 [INFO] Connecting to CE:68:27:E4:9F:D0...
2026-05-13 11:42:45,920 [INFO] Connected ✓  (notifications enabled)
2026-05-13 11:42:54,091 [INFO] 🌡  Warming up sensor (5s HR mode)...
2026-05-13 11:42:57,252 [INFO] ← RX [16b] cmd=0x28  crc_recv=0x80  crc_calc=0x80  raw=28 02 00 00 49 0d 00 00 00 00 00 00 00 00 00 80
2026-05-13 11:42:58,160 [INFO] ← RX [16b] cmd=0x28  crc_recv=0x80  crc_calc=0x80  raw=28 02 00 00 49 0d 00 00 00 00 00 00 00 00 00 80
2026-05-13 11:42:59,394 [INFO] ✅ Sensor warm — starting SpO2 measurement
2026-05-13 11:42:59,394 [INFO] ▶ Real-time SpO2 started (60s)...
2026-05-13 11:43:02,248 [INFO] ← RX [16b] cmd=0x28  crc_recv=0x81  crc_calc=0x81  raw=28 03 00 00 49 0d 00 00 00 00 00 00 00 00 00 81
2026-05-13 11:43:02,248 [WARNING]   ⚠  SpO2=0 — sensor may not be in contact yet. Raw: 28 03 00 00 49 0d 00 00 00 00 00 00 00 00 00 81
2026-05-13 11:43:03,155 [INFO] ← RX [16b] cmd=0x28  crc_recv=0x81  crc_calc=0x81  raw=28 03 00 00 49 0d 00 00 00 00 00 00 00 00 00 81
2026-05-13 11:43:03,155 [WARNING]   ⚠  SpO2=0 — sensor may not be in contact yet. Raw: 28 03 00 00 49 0d 00 00 00 00 00 00 00 00 00 81
2026-05-13 11:43:04,145 [INFO] ← RX [16b] cmd=0x28  crc_recv=0x81  crc_calc=0x81  raw=28 03 00 00 49 0d 00 00 00 00 00 00 00 00 00 81
2026-05-13 11:43:04,145 [WARNING]   ⚠  SpO2=0 — sensor may not be in contact yet. Raw: 28 03 00 00 49 0d 00 00 00 00 00 00 00 00 00 81
2026-05-13 11:43:05,180 [INFO] ← RX [16b] cmd=0x28  crc_recv=0x81  crc_calc=0x81  raw=28 03 00 00 49 0d 00 00 00 00 00 00 00 00 00 81
2026-05-13 11:43:05,180 [WARNING]   ⚠  SpO2=0 — sensor may not be in contact yet. Raw: 28 03 00 00 49 0d 00 00 00 00 00 00 00 00 00 81
2026-05-13 11:43:06,170 [INFO] ← RX [16b] cmd=0x28  crc_recv=0x81  crc_calc=0x81  raw=28 03 00 00 49 0d 00 00 00 00 00 00 00 00 00 81
2026-05-13 11:43:06,170 [WARNING]   ⚠  SpO2=0 — sensor may not be in contact yet. Raw: 28 03 00 00 49 0d 00 00 00 00 00 00 00 00 00 81
2026-05-13 11:43:07,160 [INFO] ← RX [16b] cmd=0x28  crc_recv=0x81  crc_calc=0x81  raw=28 03 00 00 49 0d 00 00 00 00 00 00 00 00 00 81
2026-05-13 11:43:07,160 [WARNING]   ⚠  SpO2=0 — sensor may not be in contact yet. Raw: 28 03 00 00 49 0d 00 00 00 00 00 00 00 00 00 81
2026-05-13 11:43:08,150 [INFO] ← RX [16b] cmd=0x28  crc_recv=0x81  crc_calc=0x81  raw=28 03 00 00 49 0d 00 00 00 00 00 00 00 00 00 81
2026-05-13 11:43:08,150 [WARNING]   ⚠  SpO2=0 — sensor may not be in contact yet. Raw: 28 03 00 00 49 0d 00 00 00 00 00 00 00 00 00 81
2026-05-13 11:43:09,185 [INFO] ← RX [16b] cmd=0x28  crc_recv=0x81  crc_calc=0x81  raw=28 03 00 00 49 0d 00 00 00 00 00 00 00 00 00 81
2026-05-13 11:43:09,185 [WARNING]   ⚠  SpO2=0 — sensor may not be in contact yet. Raw: 28 03 00 00 49 0d 00 00 00 00 00 00 00 00 00 81
2026-05-13 11:43:10,175 [INFO] ← RX [16b] cmd=0x28  crc_recv=0x81  crc_calc=0x81  raw=28 03 00 00 49 0d 00 00 00 00 00 00 00 00 00 81
2026-05-13 11:43:10,175 [WARNING]   ⚠  SpO2=0 — sensor may not be in contact yet. Raw: 28 03 00 00 49 0d 00 00 00 00 00 00 00 00 00 81
2026-05-13 11:43:11,165 [INFO] ← RX [16b] cmd=0x28  crc_recv=0xce  crc_calc=0xce  raw=28 03 4d 00 49 0d 00 00 00 00 00 00 00 00 00 ce
2026-05-13 11:43:11,165 [WARNING]   ⚠  SpO2=0 — sensor may not be in contact yet. Raw: 28 03 4d 00 49 0d 00 00 00 00 00 00 00 00 00 ce
2026-05-13 11:43:12,155 [INFO] ← RX [16b] cmd=0x28  crc_recv=0xcd  crc_calc=0xcd  raw=28 03 4c 00 49 0d 00 00 00 00 00 00 00 00 00 cd
2026-05-13 11:43:12,155 [WARNING]   ⚠  SpO2=0 — sensor may not be in contact yet. Raw: 28 03 4c 00 49 0d 00 00 00 00 00 00 00 00 00 cd
2026-05-13 11:43:13,145 [INFO] ← RX [16b] cmd=0x28  crc_recv=0xcd  crc_calc=0xcd  raw=28 03 4c 00 49 0d 00 00 00 00 00 00 00 00 00 cd
2026-05-13 11:43:13,145 [WARNING]   ⚠  SpO2=0 — sensor may not be in contact yet. Raw: 28 03 4c 00 49 0d 00 00 00 00 00 00 00 00 00 cd
2026-05-13 11:43:14,180 [INFO] ← RX [16b] cmd=0x28  crc_recv=0xcd  crc_calc=0xcd  raw=28 03 4c 00 49 0d 00 00 00 00 00 00 00 00 00 cd
2026-05-13 11:43:14,180 [WARNING]   ⚠  SpO2=0 — sensor may not be in contact yet. Raw: 28 03 4c 00 49 0d 00 00 00 00 00 00 00 00 00 cd
2026-05-13 11:43:15,170 [INFO] ← RX [16b] cmd=0x28  crc_recv=0xc9  crc_calc=0xc9  raw=28 03 48 00 49 0d 00 00 00 00 00 00 00 00 00 c9
2026-05-13 11:43:15,170 [WARNING]   ⚠  SpO2=0 — sensor may not be in contact yet. Raw: 28 03 48 00 49 0d 00 00 00 00 00 00 00 00 00 c9
2026-05-13 11:43:16,160 [INFO] ← RX [16b] cmd=0x28  crc_recv=0xc6  crc_calc=0xc6  raw=28 03 45 00 49 0d 00 00 00 00 00 00 00 00 00 c6
2026-05-13 11:43:16,160 [WARNING]   ⚠  SpO2=0 — sensor may not be in contact yet. Raw: 28 03 45 00 49 0d 00 00 00 00 00 00 00 00 00 c6
2026-05-13 11:43:17,150 [INFO] ← RX [16b] cmd=0x28  crc_recv=0xce  crc_calc=0xce  raw=28 03 4d 00 49 0d 00 00 00 00 00 00 00 00 00 ce
2026-05-13 11:43:17,150 [WARNING]   ⚠  SpO2=0 — sensor may not be in contact yet. Raw: 28 03 4d 00 49 0d 00 00 00 00 00 00 00 00 00 ce
2026-05-13 11:43:18,185 [INFO] ← RX [16b] cmd=0x28  crc_recv=0xce  crc_calc=0xce  raw=28 03 4d 00 49 0d 00 00 00 00 00 00 00 00 00 ce
2026-05-13 11:43:18,185 [WARNING]   ⚠  SpO2=0 — sensor may not be in contact yet. Raw: 28 03 4d 00 49 0d 00 00 00 00 00 00 00 00 00 ce
2026-05-13 11:43:19,175 [INFO] ← RX [16b] cmd=0x28  crc_recv=0xcd  crc_calc=0xcd  raw=28 03 4c 00 49 0d 00 00 00 00 00 00 00 00 00 cd
2026-05-13 11:43:19,175 [WARNING]   ⚠  SpO2=0 — sensor may not be in contact yet. Raw: 28 03 4c 00 49 0d 00 00 00 00 00 00 00 00 00 cd
2026-05-13 11:43:20,165 [INFO] ← RX [16b] cmd=0x28  crc_recv=0xcb  crc_calc=0xcb  raw=28 03 4a 00 49 0d 00 00 00 00 00 00 00 00 00 cb
2026-05-13 11:43:20,165 [WARNING]   ⚠  SpO2=0 — sensor may not be in contact yet. Raw: 28 03 4a 00 49 0d 00 00 00 00 00 00 00 00 00 cb
2026-05-13 11:43:21,155 [INFO] ← RX [16b] cmd=0x28  crc_recv=0xca  crc_calc=0xca  raw=28 03 49 00 49 0d 00 00 00 00 00 00 00 00 00 ca
2026-05-13 11:43:21,155 [WARNING]   ⚠  SpO2=0 — sensor may not be in contact yet. Raw: 28 03 49 00 49 0d 00 00 00 00 00 00 00 00 00 ca
2026-05-13 11:43:22,145 [INFO] ← RX [16b] cmd=0x28  crc_recv=0xca  crc_calc=0xca  raw=28 03 49 00 49 0d 00 00 00 00 00 00 00 00 00 ca
2026-05-13 11:43:22,145 [WARNING]   ⚠  SpO2=0 — sensor may not be in contact yet. Raw: 28 03 49 00 49 0d 00 00 00 00 00 00 00 00 00 ca
2026-05-13 11:43:23,180 [INFO] ← RX [16b] cmd=0x28  crc_recv=0xca  crc_calc=0xca  raw=28 03 49 00 49 0d 00 00 00 00 00 00 00 00 00 ca
2026-05-13 11:43:23,180 [WARNING]   ⚠  SpO2=0 — sensor may not be in contact yet. Raw: 28 03 49 00 49 0d 00 00 00 00 00 00 00 00 00 ca
2026-05-13 11:43:24,170 [INFO] ← RX [16b] cmd=0x28  crc_recv=0xcb  crc_calc=0xcb  raw=28 03 4a 00 49 0d 00 00 00 00 00 00 00 00 00 cb
2026-05-13 11:43:24,170 [WARNING]   ⚠  SpO2=0 — sensor may not be in contact yet. Raw: 28 03 4a 00 49 0d 00 00 00 00 00 00 00 00 00 cb
2026-05-13 11:43:25,160 [INFO] ← RX [16b] cmd=0x28  crc_recv=0xcb  crc_calc=0xcb  raw=28 03 4a 00 49 0d 00 00 00 00 00 00 00 00 00 cb
2026-05-13 11:43:25,160 [WARNING]   ⚠  SpO2=0 — sensor may not be in contact yet. Raw: 28 03 4a 00 49 0d 00 00 00 00 00 00 00 00 00 cb
2026-05-13 11:43:26,150 [INFO] ← RX [16b] cmd=0x28  crc_recv=0xcc  crc_calc=0xcc  raw=28 03 4b 00 49 0d 00 00 00 00 00 00 00 00 00 cc
2026-05-13 11:43:26,150 [WARNING]   ⚠  SpO2=0 — sensor may not be in contact yet. Raw: 28 03 4b 00 49 0d 00 00 00 00 00 00 00 00 00 cc
2026-05-13 11:43:27,185 [INFO] ← RX [16b] cmd=0x28  crc_recv=0xcd  crc_calc=0xcd  raw=28 03 4c 00 49 0d 00 00 00 00 00 00 00 00 00 cd
2026-05-13 11:43:27,185 [WARNING]   ⚠  SpO2=0 — sensor may not be in contact yet. Raw: 28 03 4c 00 49 0d 00 00 00 00 00 00 00 00 00 cd
2026-05-13 11:43:28,175 [INFO] ← RX [16b] cmd=0x28  crc_recv=0xcd  crc_calc=0xcd  raw=28 03 4c 00 49 0d 00 00 00 00 00 00 00 00 00 cd
2026-05-13 11:43:28,175 [WARNING]   ⚠  SpO2=0 — sensor may not be in contact yet. Raw: 28 03 4c 00 49 0d 00 00 00 00 00 00 00 00 00 cd
2026-05-13 11:43:29,165 [INFO] ← RX [16b] cmd=0x28  crc_recv=0xcd  crc_calc=0xcd  raw=28 03 4c 00 49 0d 00 00 00 00 00 00 00 00 00 cd
2026-05-13 11:43:29,165 [WARNING]   ⚠  SpO2=0 — sensor may not be in contact yet. Raw: 28 03 4c 00 49 0d 00 00 00 00 00 00 00 00 00 cd
2026-05-13 11:43:30,155 [INFO] ← RX [16b] cmd=0x28  crc_recv=0xce  crc_calc=0xce  raw=28 03 4d 00 49 0d 00 00 00 00 00 00 00 00 00 ce
2026-05-13 11:43:30,155 [WARNING]   ⚠  SpO2=0 — sensor may not be in contact yet. Raw: 28 03 4d 00 49 0d 00 00 00 00 00 00 00 00 00 ce
2026-05-13 11:43:31,145 [INFO] ← RX [16b] cmd=0x28  crc_recv=0xcd  crc_calc=0xcd  raw=28 03 4c 00 49 0d 00 00 00 00 00 00 00 00 00 cd
2026-05-13 11:43:31,145 [WARNING]   ⚠  SpO2=0 — sensor may not be in contact yet. Raw: 28 03 4c 00 49 0d 00 00 00 00 00 00 00 00 00 cd
2026-05-13 11:43:32,180 [INFO] ← RX [16b] cmd=0x28  crc_recv=0xcd  crc_calc=0xcd  raw=28 03 4c 00 49 0d 00 00 00 00 00 00 00 00 00 cd
2026-05-13 11:43:32,180 [WARNING]   ⚠  SpO2=0 — sensor may not be in contact yet. Raw: 28 03 4c 00 49 0d 00 00 00 00 00 00 00 00 00 cd
2026-05-13 11:43:33,170 [INFO] ← RX [16b] cmd=0x28  crc_recv=0xcd  crc_calc=0xcd  raw=28 03 4c 00 49 0d 00 00 00 00 00 00 00 00 00 cd
2026-05-13 11:43:33,170 [WARNING]   ⚠  SpO2=0 — sensor may not be in contact yet. Raw: 28 03 4c 00 49 0d 00 00 00 00 00 00 00 00 00 cd
2026-05-13 11:43:34,205 [INFO] ← RX [16b] cmd=0x28  crc_recv=0xcd  crc_calc=0xcd  raw=28 03 4c 00 49 0d 00 00 00 00 00 00 00 00 00 cd
2026-05-13 11:43:34,205 [WARNING]   ⚠  SpO2=0 — sensor may not be in contact yet. Raw: 28 03 4c 00 49 0d 00 00 00 00 00 00 00 00 00 cd
2026-05-13 11:43:35,150 [INFO] ← RX [16b] cmd=0x28  crc_recv=0xcd  crc_calc=0xcd  raw=28 03 4c 00 49 0d 00 00 00 00 00 00 00 00 00 cd
2026-05-13 11:43:35,150 [WARNING]   ⚠  SpO2=0 — sensor may not be in contact yet. Raw: 28 03 4c 00 49 0d 00 00 00 00 00 00 00 00 00 cd
2026-05-13 11:43:36,185 [INFO] ← RX [16b] cmd=0x28  crc_recv=0xce  crc_calc=0xce  raw=28 03 4d 00 49 0d 00 00 00 00 00 00 00 00 00 ce
2026-05-13 11:43:36,185 [WARNING]   ⚠  SpO2=0 — sensor may not be in contact yet. Raw: 28 03 4d 00 49 0d 00 00 00 00 00 00 00 00 00 ce
2026-05-13 11:43:37,175 [INFO] ← RX [16b] cmd=0x28  crc_recv=0xcd  crc_calc=0xcd  raw=28 03 4c 00 49 0d 00 00 00 00 00 00 00 00 00 cd
2026-05-13 11:43:37,175 [WARNING]   ⚠  SpO2=0 — sensor may not be in contact yet. Raw: 28 03 4c 00 49 0d 00 00 00 00 00 00 00 00 00 cd
2026-05-13 11:43:38,165 [INFO] ← RX [16b] cmd=0x28  crc_recv=0xcd  crc_calc=0xcd  raw=28 03 4c 00 49 0d 00 00 00 00 00 00 00 00 00 cd
2026-05-13 11:43:38,165 [WARNING]   ⚠  SpO2=0 — sensor may not be in contact yet. Raw: 28 03 4c 00 49 0d 00 00 00 00 00 00 00 00 00 cd
2026-05-13 11:43:39,155 [INFO] ← RX [16b] cmd=0x28  crc_recv=0xcd  crc_calc=0xcd  raw=28 03 4c 00 49 0d 00 00 00 00 00 00 00 00 00 cd
2026-05-13 11:43:39,155 [WARNING]   ⚠  SpO2=0 — sensor may not be in contact yet. Raw: 28 03 4c 00 49 0d 00 00 00 00 00 00 00 00 00 cd
2026-05-13 11:43:40,145 [INFO] ← RX [16b] cmd=0x28  crc_recv=0xcc  crc_calc=0xcc  raw=28 03 4b 00 49 0d 00 00 00 00 00 00 00 00 00 cc
2026-05-13 11:43:40,145 [WARNING]   ⚠  SpO2=0 — sensor may not be in contact yet. Raw: 28 03 4b 00 49 0d 00 00 00 00 00 00 00 00 00 cc
2026-05-13 11:43:41,180 [INFO] ← RX [16b] cmd=0x28  crc_recv=0xcc  crc_calc=0xcc  raw=28 03 4b 00 49 0d 00 00 00 00 00 00 00 00 00 cc
2026-05-13 11:43:41,180 [WARNING]   ⚠  SpO2=0 — sensor may not be in contact yet. Raw: 28 03 4b 00 49 0d 00 00 00 00 00 00 00 00 00 cc
2026-05-13 11:43:42,170 [INFO] ← RX [16b] cmd=0x28  crc_recv=0xcc  crc_calc=0xcc  raw=28 03 4b 00 49 0d 00 00 00 00 00 00 00 00 00 cc
2026-05-13 11:43:42,170 [WARNING]   ⚠  SpO2=0 — sensor may not be in contact yet. Raw: 28 03 4b 00 49 0d 00 00 00 00 00 00 00 00 00 cc
2026-05-13 11:43:43,160 [INFO] ← RX [16b] cmd=0x28  crc_recv=0xcc  crc_calc=0xcc  raw=28 03 4b 00 49 0d 00 00 00 00 00 00 00 00 00 cc
2026-05-13 11:43:43,160 [WARNING]   ⚠  SpO2=0 — sensor may not be in contact yet. Raw: 28 03 4b 00 49 0d 00 00 00 00 00 00 00 00 00 cc
2026-05-13 11:43:44,150 [INFO] ← RX [16b] cmd=0x28  crc_recv=0xcb  crc_calc=0xcb  raw=28 03 4a 00 49 0d 00 00 00 00 00 00 00 00 00 cb
2026-05-13 11:43:44,150 [WARNING]   ⚠  SpO2=0 — sensor may not be in contact yet. Raw: 28 03 4a 00 49 0d 00 00 00 00 00 00 00 00 00 cb
2026-05-13 11:43:45,185 [INFO] ← RX [16b] cmd=0x28  crc_recv=0xcb  crc_calc=0xcb  raw=28 03 4a 00 49 0d 00 00 00 00 00 00 00 00 00 cb
2026-05-13 11:43:45,185 [WARNING]   ⚠  SpO2=0 — sensor may not be in contact yet. Raw: 28 03 4a 00 49 0d 00 00 00 00 00 00 00 00 00 cb
2026-05-13 11:43:46,175 [INFO] ← RX [16b] cmd=0x28  crc_recv=0xcb  crc_calc=0xcb  raw=28 03 4a 00 49 0d 00 00 00 00 00 00 00 00 00 cb
2026-05-13 11:43:46,175 [WARNING]   ⚠  SpO2=0 — sensor may not be in contact yet. Raw: 28 03 4a 00 49 0d 00 00 00 00 00 00 00 00 00 cb
2026-05-13 11:43:47,165 [INFO] ← RX [16b] cmd=0x28  crc_recv=0xcb  crc_calc=0xcb  raw=28 03 4a 00 49 0d 00 00 00 00 00 00 00 00 00 cb
2026-05-13 11:43:47,165 [WARNING]   ⚠  SpO2=0 — sensor may not be in contact yet. Raw: 28 03 4a 00 49 0d 00 00 00 00 00 00 00 00 00 cb
2026-05-13 11:43:48,155 [INFO] ← RX [16b] cmd=0x28  crc_recv=0xcb  crc_calc=0xcb  raw=28 03 4a 00 49 0d 00 00 00 00 00 00 00 00 00 cb
2026-05-13 11:43:48,155 [WARNING]   ⚠  SpO2=0 — sensor may not be in contact yet. Raw: 28 03 4a 00 49 0d 00 00 00 00 00 00 00 00 00 cb
2026-05-13 11:43:49,145 [INFO] ← RX [16b] cmd=0x28  crc_recv=0xcc  crc_calc=0xcc  raw=28 03 4b 00 49 0d 00 00 00 00 00 00 00 00 00 cc
2026-05-13 11:43:49,145 [WARNING]   ⚠  SpO2=0 — sensor may not be in contact yet. Raw: 28 03 4b 00 49 0d 00 00 00 00 00 00 00 00 00 cc
2026-05-13 11:43:50,180 [INFO] ← RX [16b] cmd=0x28  crc_recv=0xcc  crc_calc=0xcc  raw=28 03 4b 00 49 0d 00 00 00 00 00 00 00 00 00 cc
2026-05-13 11:43:50,180 [WARNING]   ⚠  SpO2=0 — sensor may not be in contact yet. Raw: 28 03 4b 00 49 0d 00 00 00 00 00 00 00 00 00 cc
2026-05-13 11:43:51,170 [INFO] ← RX [16b] cmd=0x28  crc_recv=0xcc  crc_calc=0xcc  raw=28 03 4b 00 49 0d 00 00 00 00 00 00 00 00 00 cc
2026-05-13 11:43:51,170 [WARNING]   ⚠  SpO2=0 — sensor may not be in contact yet. Raw: 28 03 4b 00 49 0d 00 00 00 00 00 00 00 00 00 cc
2026-05-13 11:43:52,160 [INFO] ← RX [16b] cmd=0x28  crc_recv=0xcc  crc_calc=0xcc  raw=28 03 4b 00 49 0d 00 00 00 00 00 00 00 00 00 cc
2026-05-13 11:43:52,160 [WARNING]   ⚠  SpO2=0 — sensor may not be in contact yet. Raw: 28 03 4b 00 49 0d 00 00 00 00 00 00 00 00 00 cc
2026-05-13 11:43:53,150 [INFO] ← RX [16b] cmd=0x28  crc_recv=0xcc  crc_calc=0xcc  raw=28 03 4b 00 49 0d 00 00 00 00 00 00 00 00 00 cc
2026-05-13 11:43:53,150 [WARNING]   ⚠  SpO2=0 — sensor may not be in contact yet. Raw: 28 03 4b 00 49 0d 00 00 00 00 00 00 00 00 00 cc
2026-05-13 11:43:54,185 [INFO] ← RX [16b] cmd=0x28  crc_recv=0xcd  crc_calc=0xcd  raw=28 03 4c 00 49 0d 00 00 00 00 00 00 00 00 00 cd
2026-05-13 11:43:54,185 [WARNING]   ⚠  SpO2=0 — sensor may not be in contact yet. Raw: 28 03 4c 00 49 0d 00 00 00 00 00 00 00 00 00 cd
2026-05-13 11:43:55,175 [INFO] ← RX [16b] cmd=0x28  crc_recv=0xcd  crc_calc=0xcd  raw=28 03 4c 00 49 0d 00 00 00 00 00 00 00 00 00 cd
2026-05-13 11:43:55,175 [WARNING]   ⚠  SpO2=0 — sensor may not be in contact yet. Raw: 28 03 4c 00 49 0d 00 00 00 00 00 00 00 00 00 cd
2026-05-13 11:43:56,165 [INFO] ← RX [16b] cmd=0x28  crc_recv=0xcd  crc_calc=0xcd  raw=28 03 4c 00 49 0d 00 00 00 00 00 00 00 00 00 cd
2026-05-13 11:43:56,165 [WARNING]   ⚠  SpO2=0 — sensor may not be in contact yet. Raw: 28 03 4c 00 49 0d 00 00 00 00 00 00 00 00 00 cd
2026-05-13 11:43:57,155 [INFO] ← RX [16b] cmd=0x28  crc_recv=0xcd  crc_calc=0xcd  raw=28 03 4c 00 49 0d 00 00 00 00 00 00 00 00 00 cd
2026-05-13 11:43:57,155 [WARNING]   ⚠  SpO2=0 — sensor may not be in contact yet. Raw: 28 03 4c 00 49 0d 00 00 00 00 00 00 00 00 00 cd
2026-05-13 11:43:58,145 [INFO] ← RX [16b] cmd=0x28  crc_recv=0xcd  crc_calc=0xcd  raw=28 03 4c 00 49 0d 00 00 00 00 00 00 00 00 00 cd
2026-05-13 11:43:58,145 [WARNING]   ⚠  SpO2=0 — sensor may not be in contact yet. Raw: 28 03 4c 00 49 0d 00 00 00 00 00 00 00 00 00 cd
2026-05-13 11:43:59,180 [INFO] ← RX [16b] cmd=0x28  crc_recv=0xcd  crc_calc=0xcd  raw=28 03 4c 00 49 0d 00 00 00 00 00 00 00 00 00 cd
2026-05-13 11:43:59,180 [WARNING]   ⚠  SpO2=0 — sensor may not be in contact yet. Raw: 28 03 4c 00 49 0d 00 00 00 00 00 00 00 00 00 cd
2026-05-13 11:43:59,396 [INFO] ⏹ Real-time SpO2 stopped. 0 samples.
2026-05-13 11:44:10,787 [INFO] 🌡  Warming up sensor (5s HR mode)...
2026-05-13 11:44:13,175 [INFO] ← RX [16b] cmd=0x28  crc_recv=0x80  crc_calc=0x80  raw=28 02 00 00 49 0d 00 00 00 00 00 00 00 00 00 80
2026-05-13 11:44:14,165 [INFO] ← RX [16b] cmd=0x28  crc_recv=0x80  crc_calc=0x80  raw=28 02 00 00 49 0d 00 00 00 00 00 00 00 00 00 80
2026-05-13 11:44:15,155 [INFO] ← RX [16b] cmd=0x28  crc_recv=0x80  crc_calc=0x80  raw=28 02 00 00 49 0d 00 00 00 00 00 00 00 00 00 80
2026-05-13 11:44:16,090 [INFO] ✅ Sensor warm — starting SpO2 measurement
2026-05-13 11:44:16,090 [INFO] ▶ Real-time SpO2 started (60s)...
2026-05-13 11:44:19,256 [INFO] ← RX [16b] cmd=0x28  crc_recv=0x81  crc_calc=0x81  raw=28 03 00 00 49 0d 00 00 00 00 00 00 00 00 00 81
2026-05-13 11:44:19,256 [WARNING]   ⚠  SpO2=0 — sensor may not be in contact yet. Raw: 28 03 00 00 49 0d 00 00 00 00 00 00 00 00 00 81
2026-05-13 11:44:20,150 [INFO] ← RX [16b] cmd=0x28  crc_recv=0x81  crc_calc=0x81  raw=28 03 00 00 49 0d 00 00 00 00 00 00 00 00 00 81
2026-05-13 11:44:20,150 [WARNING]   ⚠  SpO2=0 — sensor may not be in contact yet. Raw: 28 03 00 00 49 0d 00 00 00 00 00 00 00 00 00 81
2026-05-13 11:44:21,185 [INFO] ← RX [16b] cmd=0x28  crc_recv=0x81  crc_calc=0x81  raw=28 03 00 00 49 0d 00 00 00 00 00 00 00 00 00 81
2026-05-13 11:44:21,185 [WARNING]   ⚠  SpO2=0 — sensor may not be in contact yet. Raw: 28 03 00 00 49 0d 00 00 00 00 00 00 00 00 00 81
2026-05-13 11:44:22,175 [INFO] ← RX [16b] cmd=0x28  crc_recv=0x81  crc_calc=0x81  raw=28 03 00 00 49 0d 00 00 00 00 00 00 00 00 00 81
2026-05-13 11:44:22,175 [WARNING]   ⚠  SpO2=0 — sensor may not be in contact yet. Raw: 28 03 00 00 49 0d 00 00 00 00 00 00 00 00 00 81
2026-05-13 11:44:23,165 [INFO] ← RX [16b] cmd=0x28  crc_recv=0x81  crc_calc=0x81  raw=28 03 00 00 49 0d 00 00 00 00 00 00 00 00 00 81
2026-05-13 11:44:23,165 [WARNING]   ⚠  SpO2=0 — sensor may not be in contact yet. Raw: 28 03 00 00 49 0d 00 00 00 00 00 00 00 00 00 81
2026-05-13 11:44:24,155 [INFO] ← RX [16b] cmd=0x28  crc_recv=0x81  crc_calc=0x81  raw=28 03 00 00 49 0d 00 00 00 00 00 00 00 00 00 81
2026-05-13 11:44:24,155 [WARNING]   ⚠  SpO2=0 — sensor may not be in contact yet. Raw: 28 03 00 00 49 0d 00 00 00 00 00 00 00 00 00 81
2026-05-13 11:44:25,145 [INFO] ← RX [16b] cmd=0x28  crc_recv=0x81  crc_calc=0x81  raw=28 03 00 00 49 0d 00 00 00 00 00 00 00 00 00 81
2026-05-13 11:44:25,145 [WARNING]   ⚠  SpO2=0 — sensor may not be in contact yet. Raw: 28 03 00 00 49 0d 00 00 00 00 00 00 00 00 00 81
2026-05-13 11:44:26,180 [INFO] ← RX [16b] cmd=0x28  crc_recv=0x81  crc_calc=0x81  raw=28 03 00 00 49 0d 00 00 00 00 00 00 00 00 00 81
2026-05-13 11:44:26,180 [WARNING]   ⚠  SpO2=0 — sensor may not be in contact yet. Raw: 28 03 00 00 49 0d 00 00 00 00 00 00 00 00 00 81
2026-05-13 11:44:27,170 [INFO] ← RX [16b] cmd=0x28  crc_recv=0x81  crc_calc=0x81  raw=28 03 00 00 49 0d 00 00 00 00 00 00 00 00 00 81
2026-05-13 11:44:27,170 [WARNING]   ⚠  SpO2=0 — sensor may not be in contact yet. Raw: 28 03 00 00 49 0d 00 00 00 00 00 00 00 00 00 81
2026-05-13 11:44:28,160 [INFO] ← RX [16b] cmd=0x28  crc_recv=0xd9  crc_calc=0xd9  raw=28 03 58 00 49 0d 00 00 00 00 00 00 00 00 00 d9
2026-05-13 11:44:28,160 [WARNING]   ⚠  SpO2=0 — sensor may not be in contact yet. Raw: 28 03 58 00 49 0d 00 00 00 00 00 00 00 00 00 d9
2026-05-13 11:44:29,150 [INFO] ← RX [16b] cmd=0x28  crc_recv=0xd8  crc_calc=0xd8  raw=28 03 57 00 49 0d 00 00 00 00 00 00 00 00 00 d8
2026-05-13 11:44:29,150 [WARNING]   ⚠  SpO2=0 — sensor may not be in contact yet. Raw: 28 03 57 00 49 0d 00 00 00 00 00 00 00 00 00 d8
2026-05-13 11:44:30,185 [INFO] ← RX [16b] cmd=0x28  crc_recv=0xd8  crc_calc=0xd8  raw=28 03 57 00 49 0d 00 00 00 00 00 00 00 00 00 d8
2026-05-13 11:44:30,185 [WARNING]   ⚠  SpO2=0 — sensor may not be in contact yet. Raw: 28 03 57 00 49 0d 00 00 00 00 00 00 00 00 00 d8
2026-05-13 11:44:31,175 [INFO] ← RX [16b] cmd=0x28  crc_recv=0xd7  crc_calc=0xd7  raw=28 03 56 00 49 0d 00 00 00 00 00 00 00 00 00 d7
2026-05-13 11:44:31,175 [WARNING]   ⚠  SpO2=0 — sensor may not be in contact yet. Raw: 28 03 56 00 49 0d 00 00 00 00 00 00 00 00 00 d7
2026-05-13 11:44:32,165 [INFO] ← RX [16b] cmd=0x28  crc_recv=0xcf  crc_calc=0xcf  raw=28 03 4e 00 49 0d 00 00 00 00 00 00 00 00 00 cf
2026-05-13 11:44:32,165 [WARNING]   ⚠  SpO2=0 — sensor may not be in contact yet. Raw: 28 03 4e 00 49 0d 00 00 00 00 00 00 00 00 00 cf
2026-05-13 11:44:33,155 [INFO] ← RX [16b] cmd=0x28  crc_recv=0xce  crc_calc=0xce  raw=28 03 4d 00 49 0d 00 00 00 00 00 00 00 00 00 ce
2026-05-13 11:44:33,155 [WARNING]   ⚠  SpO2=0 — sensor may not be in contact yet. Raw: 28 03 4d 00 49 0d 00 00 00 00 00 00 00 00 00 ce
2026-05-13 11:44:34,145 [INFO] ← RX [16b] cmd=0x28  crc_recv=0xda  crc_calc=0xda  raw=28 03 59 00 49 0d 00 00 00 00 00 00 00 00 00 da
2026-05-13 11:44:34,145 [WARNING]   ⚠  SpO2=0 — sensor may not be in contact yet. Raw: 28 03 59 00 49 0d 00 00 00 00 00 00 00 00 00 da
2026-05-13 11:44:35,180 [INFO] ← RX [16b] cmd=0x28  crc_recv=0xd8  crc_calc=0xd8  raw=28 03 57 00 49 0d 00 00 00 00 00 00 00 00 00 d8
2026-05-13 11:44:35,180 [WARNING]   ⚠  SpO2=0 — sensor may not be in contact yet. Raw: 28 03 57 00 49 0d 00 00 00 00 00 00 00 00 00 d8
2026-05-13 11:44:36,170 [INFO] ← RX [16b] cmd=0x28  crc_recv=0xd6  crc_calc=0xd6  raw=28 03 55 00 49 0d 00 00 00 00 00 00 00 00 00 d6
2026-05-13 11:44:36,170 [WARNING]   ⚠  SpO2=0 — sensor may not be in contact yet. Raw: 28 03 55 00 49 0d 00 00 00 00 00 00 00 00 00 d6
2026-05-13 11:44:37,160 [INFO] ← RX [16b] cmd=0x28  crc_recv=0xd6  crc_calc=0xd6  raw=28 03 55 00 49 0d 00 00 00 00 00 00 00 00 00 d6
2026-05-13 11:44:37,160 [WARNING]   ⚠  SpO2=0 — sensor may not be in contact yet. Raw: 28 03 55 00 49 0d 00 00 00 00 00 00 00 00 00 d6
2026-05-13 11:44:38,150 [INFO] ← RX [16b] cmd=0x28  crc_recv=0xd5  crc_calc=0xd5  raw=28 03 54 00 49 0d 00 00 00 00 00 00 00 00 00 d5
2026-05-13 11:44:38,150 [WARNING]   ⚠  SpO2=0 — sensor may not be in contact yet. Raw: 28 03 54 00 49 0d 00 00 00 00 00 00 00 00 00 d5
2026-05-13 11:44:39,185 [INFO] ← RX [16b] cmd=0x28  crc_recv=0xd4  crc_calc=0xd4  raw=28 03 53 00 49 0d 00 00 00 00 00 00 00 00 00 d4
2026-05-13 11:44:39,185 [WARNING]   ⚠  SpO2=0 — sensor may not be in contact yet. Raw: 28 03 53 00 49 0d 00 00 00 00 00 00 00 00 00 d4
2026-05-13 11:44:40,175 [INFO] ← RX [16b] cmd=0x28  crc_recv=0xd2  crc_calc=0xd2  raw=28 03 51 00 49 0d 00 00 00 00 00 00 00 00 00 d2
2026-05-13 11:44:40,175 [WARNING]   ⚠  SpO2=0 — sensor may not be in contact yet. Raw: 28 03 51 00 49 0d 00 00 00 00 00 00 00 00 00 d2
2026-05-13 11:44:41,165 [INFO] ← RX [16b] cmd=0x28  crc_recv=0xd1  crc_calc=0xd1  raw=28 03 50 00 49 0d 00 00 00 00 00 00 00 00 00 d1
2026-05-13 11:44:41,165 [WARNING]   ⚠  SpO2=0 — sensor may not be in contact yet. Raw: 28 03 50 00 49 0d 00 00 00 00 00 00 00 00 00 d1
2026-05-13 11:44:42,155 [INFO] ← RX [16b] cmd=0x28  crc_recv=0xd0  crc_calc=0xd0  raw=28 03 4f 00 49 0d 00 00 00 00 00 00 00 00 00 d0
2026-05-13 11:44:42,155 [WARNING]   ⚠  SpO2=0 — sensor may not be in contact yet. Raw: 28 03 4f 00 49 0d 00 00 00 00 00 00 00 00 00 d0
2026-05-13 11:44:43,190 [INFO] ← RX [16b] cmd=0x28  crc_recv=0x2f  crc_calc=0x2f  raw=28 03 4e 60 49 0d 00 00 00 00 00 00 00 00 00 2f
2026-05-13 11:44:43,190 [INFO]   📡 SpO2: {'measure_type': 3, 'heart_rate': 78, 'spo2': 96, 'unknown_b04': 0, 'fatigue': 0, 'systolic_bp': 0, 'diastolic_bp': 0}
2026-05-13 11:44:44,180 [INFO] ← RX [16b] cmd=0x28  crc_recv=0x2f  crc_calc=0x2f  raw=28 03 4e 60 49 0d 00 00 00 00 00 00 00 00 00 2f
2026-05-13 11:44:44,180 [INFO]   📡 SpO2: {'measure_type': 3, 'heart_rate': 78, 'spo2': 96, 'unknown_b04': 0, 'fatigue': 0, 'systolic_bp': 0, 'diastolic_bp': 0}
2026-05-13 11:44:45,170 [INFO] ← RX [16b] cmd=0x28  crc_recv=0x2e  crc_calc=0x2e  raw=28 03 4d 60 49 0d 00 00 00 00 00 00 00 00 00 2e
2026-05-13 11:44:45,170 [INFO]   📡 SpO2: {'measure_type': 3, 'heart_rate': 77, 'spo2': 96, 'unknown_b04': 0, 'fatigue': 0, 'systolic_bp': 0, 'diastolic_bp': 0}
2026-05-13 11:44:46,160 [INFO] ← RX [16b] cmd=0x28  crc_recv=0x2e  crc_calc=0x2e  raw=28 03 4d 60 49 0d 00 00 00 00 00 00 00 00 00 2e
2026-05-13 11:44:46,160 [INFO]   📡 SpO2: {'measure_type': 3, 'heart_rate': 77, 'spo2': 96, 'unknown_b04': 0, 'fatigue': 0, 'systolic_bp': 0, 'diastolic_bp': 0}
2026-05-13 11:44:47,150 [INFO] ← RX [16b] cmd=0x28  crc_recv=0x2d  crc_calc=0x2d  raw=28 03 4c 60 49 0d 00 00 00 00 00 00 00 00 00 2d
2026-05-13 11:44:47,150 [INFO]   📡 SpO2: {'measure_type': 3, 'heart_rate': 76, 'spo2': 96, 'unknown_b04': 0, 'fatigue': 0, 'systolic_bp': 0, 'diastolic_bp': 0}
2026-05-13 11:44:48,185 [INFO] ← RX [16b] cmd=0x28  crc_recv=0x2d  crc_calc=0x2d  raw=28 03 4c 60 49 0d 00 00 00 00 00 00 00 00 00 2d
2026-05-13 11:44:48,185 [INFO]   📡 SpO2: {'measure_type': 3, 'heart_rate': 76, 'spo2': 96, 'unknown_b04': 0, 'fatigue': 0, 'systolic_bp': 0, 'diastolic_bp': 0}
2026-05-13 11:44:49,175 [INFO] ← RX [16b] cmd=0x28  crc_recv=0x2d  crc_calc=0x2d  raw=28 03 4c 60 49 0d 00 00 00 00 00 00 00 00 00 2d
2026-05-13 11:44:49,175 [INFO]   📡 SpO2: {'measure_type': 3, 'heart_rate': 76, 'spo2': 96, 'unknown_b04': 0, 'fatigue': 0, 'systolic_bp': 0, 'diastolic_bp': 0}
2026-05-13 11:44:50,165 [INFO] ← RX [16b] cmd=0x28  crc_recv=0x2d  crc_calc=0x2d  raw=28 03 4c 60 49 0d 00 00 00 00 00 00 00 00 00 2d
2026-05-13 11:44:50,165 [INFO]   📡 SpO2: {'measure_type': 3, 'heart_rate': 76, 'spo2': 96, 'unknown_b04': 0, 'fatigue': 0, 'systolic_bp': 0, 'diastolic_bp': 0}
2026-05-13 11:44:51,155 [INFO] ← RX [16b] cmd=0x28  crc_recv=0x2d  crc_calc=0x2d  raw=28 03 4c 60 49 0d 00 00 00 00 00 00 00 00 00 2d
2026-05-13 11:44:51,155 [INFO]   📡 SpO2: {'measure_type': 3, 'heart_rate': 76, 'spo2': 96, 'unknown_b04': 0, 'fatigue': 0, 'systolic_bp': 0, 'diastolic_bp': 0}
2026-05-13 11:44:52,145 [INFO] ← RX [16b] cmd=0x28  crc_recv=0x2d  crc_calc=0x2d  raw=28 03 4c 60 49 0d 00 00 00 00 00 00 00 00 00 2d
2026-05-13 11:44:52,145 [INFO]   📡 SpO2: {'measure_type': 3, 'heart_rate': 76, 'spo2': 96, 'unknown_b04': 0, 'fatigue': 0, 'systolic_bp': 0, 'diastolic_bp': 0}
2026-05-13 11:44:53,180 [INFO] ← RX [16b] cmd=0x28  crc_recv=0x2d  crc_calc=0x2d  raw=28 03 4c 60 49 0d 00 00 00 00 00 00 00 00 00 2d
2026-05-13 11:44:53,180 [INFO]   📡 SpO2: {'measure_type': 3, 'heart_rate': 76, 'spo2': 96, 'unknown_b04': 0, 'fatigue': 0, 'systolic_bp': 0, 'diastolic_bp': 0}
2026-05-13 11:44:54,170 [INFO] ← RX [16b] cmd=0x28  crc_recv=0x2e  crc_calc=0x2e  raw=28 03 4d 60 49 0d 00 00 00 00 00 00 00 00 00 2e
2026-05-13 11:44:54,170 [INFO]   📡 SpO2: {'measure_type': 3, 'heart_rate': 77, 'spo2': 96, 'unknown_b04': 0, 'fatigue': 0, 'systolic_bp': 0, 'diastolic_bp': 0}
2026-05-13 11:44:55,160 [INFO] ← RX [16b] cmd=0x28  crc_recv=0x2e  crc_calc=0x2e  raw=28 03 4d 60 49 0d 00 00 00 00 00 00 00 00 00 2e
2026-05-13 11:44:55,160 [INFO]   📡 SpO2: {'measure_type': 3, 'heart_rate': 77, 'spo2': 96, 'unknown_b04': 0, 'fatigue': 0, 'systolic_bp': 0, 'diastolic_bp': 0}
2026-05-13 11:44:56,150 [INFO] ← RX [16b] cmd=0x28  crc_recv=0x2e  crc_calc=0x2e  raw=28 03 4d 60 49 0d 00 00 00 00 00 00 00 00 00 2e
2026-05-13 11:44:56,150 [INFO]   📡 SpO2: {'measure_type': 3, 'heart_rate': 77, 'spo2': 96, 'unknown_b04': 0, 'fatigue': 0, 'systolic_bp': 0, 'diastolic_bp': 0}
2026-05-13 11:44:57,185 [INFO] ← RX [16b] cmd=0x28  crc_recv=0x2e  crc_calc=0x2e  raw=28 03 4d 60 49 0d 00 00 00 00 00 00 00 00 00 2e
2026-05-13 11:44:57,185 [INFO]   📡 SpO2: {'measure_type': 3, 'heart_rate': 77, 'spo2': 96, 'unknown_b04': 0, 'fatigue': 0, 'systolic_bp': 0, 'diastolic_bp': 0}
2026-05-13 11:44:58,175 [INFO] ← RX [16b] cmd=0x28  crc_recv=0x2f  crc_calc=0x2f  raw=28 03 4e 60 49 0d 00 00 00 00 00 00 00 00 00 2f
2026-05-13 11:44:58,175 [INFO]   📡 SpO2: {'measure_type': 3, 'heart_rate': 78, 'spo2': 96, 'unknown_b04': 0, 'fatigue': 0, 'systolic_bp': 0, 'diastolic_bp': 0}
2026-05-13 11:44:59,165 [INFO] ← RX [16b] cmd=0x28  crc_recv=0x30  crc_calc=0x30  raw=28 03 4f 60 49 0d 00 00 00 00 00 00 00 00 00 30
2026-05-13 11:44:59,165 [INFO]   📡 SpO2: {'measure_type': 3, 'heart_rate': 79, 'spo2': 96, 'unknown_b04': 0, 'fatigue': 0, 'systolic_bp': 0, 'diastolic_bp': 0}
2026-05-13 11:45:00,155 [INFO] ← RX [16b] cmd=0x28  crc_recv=0x31  crc_calc=0x31  raw=28 03 50 60 49 0d 00 00 00 00 00 00 00 00 00 31
2026-05-13 11:45:00,155 [INFO]   📡 SpO2: {'measure_type': 3, 'heart_rate': 80, 'spo2': 96, 'unknown_b04': 0, 'fatigue': 0, 'systolic_bp': 0, 'diastolic_bp': 0}
2026-05-13 11:45:01,145 [INFO] ← RX [16b] cmd=0x28  crc_recv=0x31  crc_calc=0x31  raw=28 03 50 60 49 0d 00 00 00 00 00 00 00 00 00 31
2026-05-13 11:45:01,145 [INFO]   📡 SpO2: {'measure_type': 3, 'heart_rate': 80, 'spo2': 96, 'unknown_b04': 0, 'fatigue': 0, 'systolic_bp': 0, 'diastolic_bp': 0}
2026-05-13 11:45:02,180 [INFO] ← RX [16b] cmd=0x28  crc_recv=0x32  crc_calc=0x32  raw=28 03 51 60 49 0d 00 00 00 00 00 00 00 00 00 32
2026-05-13 11:45:02,180 [INFO]   📡 SpO2: {'measure_type': 3, 'heart_rate': 81, 'spo2': 96, 'unknown_b04': 0, 'fatigue': 0, 'systolic_bp': 0, 'diastolic_bp': 0}
2026-05-13 11:45:03,170 [INFO] ← RX [16b] cmd=0x28  crc_recv=0x32  crc_calc=0x32  raw=28 03 51 60 49 0d 00 00 00 00 00 00 00 00 00 32
2026-05-13 11:45:03,170 [INFO]   📡 SpO2: {'measure_type': 3, 'heart_rate': 81, 'spo2': 96, 'unknown_b04': 0, 'fatigue': 0, 'systolic_bp': 0, 'diastolic_bp': 0}
2026-05-13 11:45:04,160 [INFO] ← RX [16b] cmd=0x28  crc_recv=0x32  crc_calc=0x32  raw=28 03 51 60 49 0d 00 00 00 00 00 00 00 00 00 32
2026-05-13 11:45:04,160 [INFO]   📡 SpO2: {'measure_type': 3, 'heart_rate': 81, 'spo2': 96, 'unknown_b04': 0, 'fatigue': 0, 'systolic_bp': 0, 'diastolic_bp': 0}
2026-05-13 11:45:05,150 [INFO] ← RX [16b] cmd=0x28  crc_recv=0x33  crc_calc=0x33  raw=28 03 52 60 49 0d 00 00 00 00 00 00 00 00 00 33
2026-05-13 11:45:05,150 [INFO]   📡 SpO2: {'measure_type': 3, 'heart_rate': 82, 'spo2': 96, 'unknown_b04': 0, 'fatigue': 0, 'systolic_bp': 0, 'diastolic_bp': 0}
2026-05-13 11:45:06,185 [INFO] ← RX [16b] cmd=0x28  crc_recv=0x34  crc_calc=0x34  raw=28 03 52 61 49 0d 00 00 00 00 00 00 00 00 00 34
2026-05-13 11:45:06,185 [INFO]   📡 SpO2: {'measure_type': 3, 'heart_rate': 82, 'spo2': 97, 'unknown_b04': 0, 'fatigue': 0, 'systolic_bp': 0, 'diastolic_bp': 0}
2026-05-13 11:45:07,175 [INFO] ← RX [16b] cmd=0x28  crc_recv=0x34  crc_calc=0x34  raw=28 03 52 61 49 0d 00 00 00 00 00 00 00 00 00 34
2026-05-13 11:45:07,175 [INFO]   📡 SpO2: {'measure_type': 3, 'heart_rate': 82, 'spo2': 97, 'unknown_b04': 0, 'fatigue': 0, 'systolic_bp': 0, 'diastolic_bp': 0}
2026-05-13 11:45:08,165 [INFO] ← RX [16b] cmd=0x28  crc_recv=0x34  crc_calc=0x34  raw=28 03 52 61 49 0d 00 00 00 00 00 00 00 00 00 34
2026-05-13 11:45:08,165 [INFO]   📡 SpO2: {'measure_type': 3, 'heart_rate': 82, 'spo2': 97, 'unknown_b04': 0, 'fatigue': 0, 'systolic_bp': 0, 'diastolic_bp': 0}
2026-05-13 11:45:09,155 [INFO] ← RX [16b] cmd=0x28  crc_recv=0x35  crc_calc=0x35  raw=28 03 53 61 49 0d 00 00 00 00 00 00 00 00 00 35
2026-05-13 11:45:09,155 [INFO]   📡 SpO2: {'measure_type': 3, 'heart_rate': 83, 'spo2': 97, 'unknown_b04': 0, 'fatigue': 0, 'systolic_bp': 0, 'diastolic_bp': 0}
2026-05-13 11:45:10,145 [INFO] ← RX [16b] cmd=0x28  crc_recv=0x35  crc_calc=0x35  raw=28 03 53 61 49 0d 00 00 00 00 00 00 00 00 00 35
2026-05-13 11:45:10,145 [INFO]   📡 SpO2: {'measure_type': 3, 'heart_rate': 83, 'spo2': 97, 'unknown_b04': 0, 'fatigue': 0, 'systolic_bp': 0, 'diastolic_bp': 0}
2026-05-13 11:45:11,180 [INFO] ← RX [16b] cmd=0x28  crc_recv=0x34  crc_calc=0x34  raw=28 03 52 61 49 0d 00 00 00 00 00 00 00 00 00 34
2026-05-13 11:45:11,180 [INFO]   📡 SpO2: {'measure_type': 3, 'heart_rate': 82, 'spo2': 97, 'unknown_b04': 0, 'fatigue': 0, 'systolic_bp': 0, 'diastolic_bp': 0}
2026-05-13 11:45:12,170 [INFO] ← RX [16b] cmd=0x28  crc_recv=0x34  crc_calc=0x34  raw=28 03 52 61 49 0d 00 00 00 00 00 00 00 00 00 34
2026-05-13 11:45:12,170 [INFO]   📡 SpO2: {'measure_type': 3, 'heart_rate': 82, 'spo2': 97, 'unknown_b04': 0, 'fatigue': 0, 'systolic_bp': 0, 'diastolic_bp': 0}
2026-05-13 11:45:13,160 [INFO] ← RX [16b] cmd=0x28  crc_recv=0x33  crc_calc=0x33  raw=28 03 51 61 49 0d 00 00 00 00 00 00 00 00 00 33
2026-05-13 11:45:13,160 [INFO]   📡 SpO2: {'measure_type': 3, 'heart_rate': 81, 'spo2': 97, 'unknown_b04': 0, 'fatigue': 0, 'systolic_bp': 0, 'diastolic_bp': 0}
2026-05-13 11:45:14,150 [INFO] ← RX [16b] cmd=0x28  crc_recv=0x33  crc_calc=0x33  raw=28 03 51 61 49 0d 00 00 00 00 00 00 00 00 00 33
2026-05-13 11:45:14,150 [INFO]   📡 SpO2: {'measure_type': 3, 'heart_rate': 81, 'spo2': 97, 'unknown_b04': 0, 'fatigue': 0, 'systolic_bp': 0, 'diastolic_bp': 0}
2026-05-13 11:45:15,185 [INFO] ← RX [16b] cmd=0x28  crc_recv=0x32  crc_calc=0x32  raw=28 03 50 61 49 0d 00 00 00 00 00 00 00 00 00 32
2026-05-13 11:45:15,185 [INFO]   📡 SpO2: {'measure_type': 3, 'heart_rate': 80, 'spo2': 97, 'unknown_b04': 0, 'fatigue': 0, 'systolic_bp': 0, 'diastolic_bp': 0}
2026-05-13 11:45:16,093 [INFO] ⏹ Real-time SpO2 stopped. 33 samples.
2026-05-13 11:56:11,437 [INFO] Connecting to 74:19:0A:14:70:C8...
2026-05-13 11:56:26,945 [INFO] 🔍 Scanning for BLE devices (10.0s)...
2026-05-13 11:56:37,203 [INFO]   Found: (unnamed)                       6F:64:5D:23:44:41
2026-05-13 11:56:37,204 [INFO]   Found: (unnamed)                       48:52:2F:6B:2B:F1
2026-05-13 11:56:37,204 [INFO]   Found: (unnamed)                       63:1A:DA:0F:3D:D5
2026-05-13 11:56:37,204 [INFO]   Found: (unnamed)                       6D:1D:3B:43:B8:38
2026-05-13 11:56:37,204 [INFO]   Found: (unnamed)                       09:99:C0:7F:0C:B7
2026-05-13 11:56:37,204 [INFO]   Found: (unnamed)                       5A:F2:F0:2E:10:97
2026-05-13 11:56:37,204 [INFO]   Found: (unnamed)                       50:33:6D:47:E1:40
2026-05-13 11:56:37,204 [INFO]   Found: CR-79647                        71:D0:17:40:EF:52
2026-05-13 11:56:37,204 [INFO]   Found: (unnamed)                       11:29:2E:0F:D8:2A
2026-05-13 11:56:37,204 [INFO]   Found: (unnamed)                       62:DB:20:5C:6E:16
2026-05-13 11:56:37,204 [INFO]   Found: (unnamed)                       51:67:66:75:60:DB
2026-05-13 11:56:37,204 [INFO]   Found: (unnamed)                       49:74:B2:D6:B3:E7
2026-05-13 11:56:37,204 [INFO]   Found: MARTINASUSROG                   42:99:90:98:37:A6
2026-05-13 11:56:37,204 [INFO]   Found: (unnamed)                       56:E1:59:E2:CD:35
2026-05-13 11:56:37,204 [INFO]   Found: (unnamed)                       14:A8:17:5C:D4:C0
2026-05-13 11:56:37,204 [INFO]   Found: (unnamed)                       46:45:7F:40:FC:9C
2026-05-13 11:56:37,204 [INFO]   Found: (unnamed)                       7B:95:C4:09:B9:21
2026-05-13 11:56:37,204 [INFO]   Found: (unnamed)                       27:BD:6C:B7:DB:37
2026-05-13 11:56:37,205 [INFO]   Found: (unnamed)                       13:55:DC:7C:52:52
2026-05-13 11:56:37,205 [INFO]   Found: (unnamed)                       48:45:8F:95:A0:4D
2026-05-13 11:56:37,205 [INFO]   Found: (unnamed)                       E5:42:BF:16:66:86
2026-05-13 11:56:37,205 [INFO]   Found: (unnamed)                       4B:22:E2:5D:18:D9
2026-05-13 11:56:37,205 [INFO]   Found: (unnamed)                       13:04:58:2F:71:35
2026-05-13 11:56:37,205 [INFO]   Found: (unnamed)                       56:B0:AF:97:52:64
2026-05-13 11:56:37,205 [INFO]   Found: (unnamed)                       54:AE:CD:69:D5:70
2026-05-13 11:56:37,205 [INFO]   Found: (unnamed)                       01:74:AD:72:FF:E8
2026-05-13 11:56:37,205 [INFO]   Found: (unnamed)                       01:18:B0:14:44:81
2026-05-13 11:56:37,205 [INFO]   Found: (unnamed)                       60:4A:FA:1D:88:3B
2026-05-13 11:56:37,205 [INFO]   Found: (unnamed)                       76:E5:CB:5D:F2:88
2026-05-13 11:56:37,205 [INFO]   Found: (unnamed)                       74:F9:67:A3:AB:09
2026-05-13 11:56:37,205 [INFO]   Found: (unnamed)                       5D:88:1E:49:6D:6D
2026-05-13 11:56:37,205 [INFO]   Found: (unnamed)                       3A:82:EF:D0:61:08
2026-05-13 11:56:37,205 [INFO]   Found: (unnamed)                       35:2D:1F:24:9A:CD
2026-05-13 11:56:37,205 [INFO]   Found: (unnamed)                       58:E9:3B:EA:68:62
2026-05-13 11:56:37,205 [INFO]   Found: (unnamed)                       68:F4:BD:9F:79:4E
2026-05-13 11:56:37,205 [INFO]   Found: (unnamed)                       52:6D:62:25:49:28
2026-05-13 11:56:37,206 [INFO]   Found: (unnamed)                       41:D6:74:0E:A3:DF
2026-05-13 11:56:37,206 [INFO]   Found: (unnamed)                       6B:6B:47:BF:C3:FF
2026-05-13 11:56:37,206 [INFO]   Found: (unnamed)                       61:A3:09:87:CE:60
2026-05-13 11:56:37,206 [INFO]   Found: (unnamed)                       72:71:3E:D4:A8:9D
2026-05-13 11:56:37,206 [INFO]   Found: (unnamed)                       53:32:E5:AB:ED:95
2026-05-13 11:56:37,206 [INFO]   Found: J2501 AF55                      E0:82:91:3C:AF:55
2026-05-13 11:56:37,206 [INFO]     ↳ candidate: advertises 0000fff0-0000-1000-8000-00805f9b34fb
2026-05-13 11:56:37,206 [INFO]   Found: (unnamed)                       4B:92:2A:81:CD:27
2026-05-13 11:56:37,206 [INFO]   Found: (unnamed)                       E9:21:5A:FA:DC:9C
2026-05-13 11:56:37,206 [INFO]   Found: (unnamed)                       54:D1:9A:92:F4:D1
2026-05-13 11:56:37,206 [INFO]   Found: (unnamed)                       3B:F8:5C:84:40:16
2026-05-13 11:56:37,206 [INFO]   Found: (unnamed)                       5D:CC:48:DA:FF:0D
2026-05-13 11:56:37,206 [INFO]   Found: JBL WAVE FLEX-LE                C0:2E:29:20:43:82
2026-05-13 11:56:37,206 [INFO]   Found: (unnamed)                       46:27:F4:21:03:19
2026-05-13 11:56:37,206 [INFO]   Found: (unnamed)                       12:36:DC:5B:5A:60
2026-05-13 11:56:37,206 [INFO]   Found: (unnamed)                       6A:E8:CC:DE:04:B3
2026-05-13 11:56:37,206 [INFO]   Found: (unnamed)                       79:2E:1F:A2:5C:DF
2026-05-13 11:56:37,206 [INFO]   Found: (unnamed)                       45:28:DC:0F:FF:12
2026-05-13 11:56:37,207 [INFO]   Found: (unnamed)                       04:9F:92:02:97:86
2026-05-13 11:56:37,207 [INFO]   Found: (unnamed)                       66:5A:78:F2:58:B2
2026-05-13 11:56:37,207 [INFO]   Found: (unnamed)                       0E:7A:07:61:9F:BE
2026-05-13 11:56:37,207 [INFO]   Found: (unnamed)                       72:CC:99:18:6D:86
2026-05-13 11:56:37,207 [INFO]   Found: DAVIDSALOMON                    75:34:35:98:C4:94
2026-05-13 11:56:37,207 [INFO]   Found: (unnamed)                       6F:A7:05:38:1D:38
2026-05-13 11:56:37,207 [INFO]   Found: (unnamed)                       57:58:3F:DA:8A:CE
2026-05-13 11:56:37,207 [INFO]   Found: (unnamed)                       73:78:66:84:6B:D8
2026-05-13 11:56:37,207 [INFO]   Found: (unnamed)                       64:30:CA:F3:1E:20
2026-05-13 11:56:37,207 [INFO]   Found: (unnamed)                       40:B8:B7:3C:45:C1
2026-05-13 11:56:37,207 [INFO]   Found: (unnamed)                       61:8B:D4:68:E2:1F
2026-05-13 11:56:37,207 [INFO]   Found: (unnamed)                       4A:9F:09:EE:0B:72
2026-05-13 11:56:37,207 [INFO]   Found: (unnamed)                       4F:E5:63:86:33:E1
2026-05-13 11:56:37,207 [INFO]   Found: (unnamed)                       47:CA:9B:31:B9:37
2026-05-13 11:56:37,207 [INFO]   Found: (unnamed)                       09:25:01:F6:29:D6
2026-05-13 11:56:37,207 [INFO]   Found: (unnamed)                       F7:E6:56:00:83:DB
2026-05-13 11:56:37,207 [INFO]   Found: (unnamed)                       29:01:EB:5D:C3:D2
2026-05-13 11:56:37,207 [INFO]   Found: (unnamed)                       63:85:23:61:B0:87
2026-05-13 11:56:37,208 [INFO]   Found: (unnamed)                       63:1A:DE:8B:E4:61
2026-05-13 11:56:37,208 [INFO]   Found: (unnamed)                       13:5D:4D:FA:49:70
2026-05-13 11:56:37,208 [INFO]   Found: (unnamed)                       53:71:24:F5:F7:59
2026-05-13 11:56:37,208 [INFO]   Found: (unnamed)                       06:39:C8:06:D3:E6
2026-05-13 11:56:37,208 [INFO]   Found: (unnamed)                       62:F6:AD:42:2C:E1
2026-05-13 11:56:37,208 [INFO]   Found: BC2689310                       54:D6:0D:37:70:7D
2026-05-13 11:56:37,208 [INFO]   Found: (unnamed)                       5D:61:D7:2D:3E:49
2026-05-13 11:56:37,208 [INFO]   Found: 85" Crystal UHD                 28:E6:A9:1E:AA:A7
2026-05-13 11:56:37,208 [INFO]   Found: (unnamed)                       0E:C1:AB:73:08:BA
2026-05-13 11:56:37,208 [INFO]   Found: (unnamed)                       2C:5F:2E:5F:CF:BB
2026-05-13 11:56:37,208 [INFO]   Found: (unnamed)                       CF:81:55:67:D3:FE
2026-05-13 11:56:37,208 [INFO]   Found: (unnamed)                       50:94:0E:22:86:14
2026-05-13 11:56:37,208 [INFO]   Found: (unnamed)                       4A:B3:AE:AF:21:65
2026-05-13 11:56:37,208 [INFO]   Found: (unnamed)                       7F:BA:BA:45:26:27
2026-05-13 11:56:37,208 [INFO]   Found: (unnamed)                       3C:01:56:63:6B:39
2026-05-13 11:56:37,208 [INFO]   Found: (unnamed)                       48:4A:D0:3A:19:9D
2026-05-13 11:56:37,208 [INFO]   Found: (unnamed)                       4E:B8:66:E0:D4:E6
2026-05-13 11:56:37,208 [INFO]   Found: (unnamed)                       77:7B:80:BF:E9:2C
2026-05-13 11:56:37,209 [INFO]   Found: (unnamed)                       7B:78:17:43:44:03
2026-05-13 11:56:37,209 [INFO]   Found: (unnamed)                       CE:55:81:8A:BB:07
2026-05-13 11:56:37,209 [INFO]   Found: (unnamed)                       7A:4F:DA:37:DE:ED
2026-05-13 11:56:37,209 [INFO]   Found: (unnamed)                       00:97:AD:9F:E3:C3
2026-05-13 11:56:37,209 [INFO]   Found: (unnamed)                       25:F4:43:DF:23:1E
2026-05-13 11:56:37,209 [INFO]   Found: (unnamed)                       22:36:90:7F:C6:F5
2026-05-13 11:56:37,209 [INFO]   Found: (unnamed)                       24:4C:40:B0:D1:11
2026-05-13 11:56:37,209 [INFO]   Found: (unnamed)                       04:F8:C8:74:9A:38
2026-05-13 11:56:37,209 [INFO]   Found: (unnamed)                       40:13:60:2E:D8:EB
2026-05-13 11:56:37,209 [INFO]   Found: (unnamed)                       C0:F8:53:24:E6:A2
2026-05-13 11:56:37,209 [INFO]   Found: (unnamed)                       64:F9:70:DC:92:0D
2026-05-13 11:56:37,209 [INFO]   Found: (unnamed)                       38:98:C1:9F:D5:D9
2026-05-13 11:56:37,209 [INFO]   Found: (unnamed)                       7E:26:80:D7:14:69
2026-05-13 11:56:37,209 [INFO]   Found: (unnamed)                       5E:03:87:3C:91:C4
2026-05-13 11:56:37,209 [INFO]   Found: (unnamed)                       05:4B:06:0A:52:FB
2026-05-13 11:56:37,209 [INFO]   Found: (unnamed)                       24:CB:49:12:BE:04
2026-05-13 11:56:37,209 [INFO]   Found: (unnamed)                       76:1B:88:59:5F:EB
2026-05-13 11:56:37,210 [INFO]   Found: (unnamed)                       4E:44:45:CC:52:B2
2026-05-13 11:56:37,210 [INFO]   Found: (unnamed)                       EB:66:CB:3E:DE:19
2026-05-13 11:56:37,210 [INFO]   Found: Galaxy Fit3 (70C8)              74:19:0A:14:70:C8
2026-05-13 11:56:37,210 [INFO]   Found: (unnamed)                       40:D8:01:CA:AE:3C
2026-05-13 11:56:37,210 [INFO]   Found: (unnamed)                       72:40:0E:18:E9:1B
2026-05-13 11:56:37,210 [INFO]   Found: BC2688993                       54:D6:0D:37:7F:5D
2026-05-13 11:56:37,210 [INFO]   Found: (unnamed)                       52:35:93:DC:67:A6
2026-05-13 11:56:37,210 [INFO]   Found: (unnamed)                       67:F8:46:82:48:08
2026-05-13 11:56:37,210 [INFO]   Found: (unnamed)                       68:00:A0:2B:73:CB
2026-05-13 11:56:37,210 [INFO]   Found: (unnamed)                       7B:A5:FD:A7:A9:10
2026-05-13 11:56:37,210 [INFO]   Found: (unnamed)                       5B:9A:CF:8A:D4:3B
2026-05-13 11:56:37,210 [INFO]   Found: (unnamed)                       10:8C:20:F4:65:FE
2026-05-13 11:56:37,210 [INFO]   Found: (unnamed)                       7E:0A:56:C1:CD:95
2026-05-13 11:56:37,210 [INFO]   Found: (unnamed)                       4B:9E:19:0D:38:E7
2026-05-13 11:56:37,210 [INFO]   Found: (unnamed)                       69:87:34:06:8D:F0
2026-05-13 11:56:37,210 [INFO]   Found: (unnamed)                       50:9B:4D:06:6D:63
2026-05-13 11:56:37,210 [INFO]   Found: BC2688871                       54:D6:0D:37:5D:E9
2026-05-13 11:56:37,210 [INFO]   Found: (unnamed)                       C5:D6:39:40:90:91
2026-05-13 11:56:37,210 [INFO]   Found: (unnamed)                       24:16:09:90:02:6D
2026-05-13 11:56:37,211 [INFO]   Found: (unnamed)                       4C:7A:5B:59:8D:DF
2026-05-13 11:56:37,211 [INFO]   Found: (unnamed)                       66:74:AB:11:1F:93
2026-05-13 11:56:37,211 [INFO]   Found: (unnamed)                       5B:18:A1:18:D4:66
2026-05-13 11:56:37,211 [INFO]   Found: (unnamed)                       6A:F7:E4:4B:DB:A7
2026-05-13 11:56:37,211 [INFO]   Found: (unnamed)                       66:9F:F8:68:F0:07
2026-05-13 11:56:37,211 [INFO]   Found: (unnamed)                       61:31:B4:80:4A:F3
2026-05-13 11:56:37,211 [INFO]   Found: (unnamed)                       CB:40:77:1B:22:A5
2026-05-13 11:56:37,211 [INFO]   Found: (unnamed)                       44:52:00:4E:E3:8B
2026-05-13 11:56:37,211 [INFO]   Found: (unnamed)                       54:31:9B:EC:7D:9F
2026-05-13 11:56:37,211 [INFO]   Found: (unnamed)                       5B:E3:F1:2E:62:9C
2026-05-13 11:56:37,211 [INFO]   Found: (unnamed)                       5D:F3:DF:BA:30:5E
2026-05-13 11:56:37,211 [INFO]   Found: (unnamed)                       79:13:03:BF:18:4A
2026-05-13 11:56:37,211 [INFO]   Found: (unnamed)                       7B:3C:30:F3:20:31
2026-05-13 11:56:37,211 [INFO]   Found: (unnamed)                       FD:A1:2B:00:78:D5
2026-05-13 11:56:37,211 [INFO]   Found: (unnamed)                       68:99:65:95:C4:37
2026-05-13 11:56:37,211 [INFO]   Found: (unnamed)                       C8:D4:3B:EF:2F:AF
2026-05-13 11:56:37,211 [INFO]   Found: (unnamed)                       53:FE:81:AF:4F:BD
2026-05-13 11:56:37,211 [INFO]   Found: (unnamed)                       C1:65:9B:BB:9E:5C
2026-05-13 11:56:37,211 [INFO]   Found: (unnamed)                       65:5B:2C:F1:0C:9D
2026-05-13 11:56:37,212 [INFO]   Found: (unnamed)                       41:3A:33:A4:FF:54
2026-05-13 11:56:37,212 [INFO]   Found: (unnamed)                       D1:A4:97:6F:E0:0D
2026-05-13 11:56:37,212 [INFO]   Found: (unnamed)                       70:25:7F:AC:12:E7
2026-05-13 11:56:37,212 [INFO]   Found: (unnamed)                       C3:DD:5F:FB:D6:AF
2026-05-13 11:56:37,212 [INFO]   Found: (unnamed)                       16:7F:B2:F5:57:43
2026-05-13 11:56:37,212 [INFO]   Found: (unnamed)                       45:77:18:ED:D0:99
2026-05-13 11:56:37,212 [INFO]   Found: (unnamed)                       3E:9A:F1:46:1A:DD
2026-05-13 11:56:37,212 [INFO]   Found: (unnamed)                       30:39:FA:C1:B1:47
2026-05-13 11:56:37,212 [INFO]   Found: (unnamed)                       4B:38:3B:6B:B9:7B
2026-05-13 11:56:37,212 [INFO]   Found: (unnamed)                       D2:92:A9:94:BF:CE
2026-05-13 11:56:37,212 [INFO]   Found: (unnamed)                       3D:DC:14:C1:D5:C3
2026-05-13 11:56:37,212 [INFO]   Found: (unnamed)                       FF:CE:54:54:6C:B1
2026-05-13 11:56:37,212 [INFO]   Found: (unnamed)                       58:7B:76:E7:87:27
2026-05-13 11:56:37,212 [INFO]   Found: (unnamed)                       74:38:45:DF:DC:6A
2026-05-13 11:56:37,212 [INFO]   Found: (unnamed)                       C9:C9:0A:7F:C8:76
2026-05-13 11:56:37,212 [INFO]   Found: (unnamed)                       75:81:77:22:80:BD
2026-05-13 11:56:37,212 [INFO]   Found: (unnamed)                       49:B9:C2:25:B9:45
2026-05-13 11:56:37,212 [INFO]   Found: (unnamed)                       14:54:19:90:EF:B5
2026-05-13 11:56:37,213 [INFO]   Found: (unnamed)                       57:CA:78:E5:A4:AD
2026-05-13 11:56:37,213 [INFO]   Found: (unnamed)                       1B:78:3D:FD:7A:6B
2026-05-13 11:56:37,213 [INFO]   Found: (unnamed)                       E2:7E:91:B3:4D:4F
2026-05-13 11:56:37,213 [INFO]   Found: (unnamed)                       7D:53:9B:6C:A2:D9
2026-05-13 11:56:37,213 [INFO]   Found: (unnamed)                       E1:BF:10:35:4D:BC
2026-05-13 11:56:37,213 [INFO]   Found: (unnamed)                       DA:B6:3A:6C:4D:D0
2026-05-13 11:56:37,213 [INFO]   Found: (unnamed)                       3E:26:4F:8D:E3:6E
2026-05-13 11:56:37,213 [INFO]   Found: (unnamed)                       72:5A:94:03:68:10
2026-05-13 11:56:37,213 [INFO]   Found: (unnamed)                       27:A5:5F:F2:D8:BC
2026-05-13 11:56:37,213 [INFO]   Found: (unnamed)                       56:E1:99:D5:4A:F9
2026-05-13 11:56:37,213 [INFO]   Found: (unnamed)                       6B:43:52:22:B8:70
2026-05-13 11:56:37,213 [INFO]   Found: (unnamed)                       5C:EF:A8:0F:41:15
2026-05-13 11:56:37,213 [INFO]   Found: (unnamed)                       5A:9D:71:6F:5E:D6
2026-05-13 11:56:37,213 [INFO]   Found: (unnamed)                       61:8F:0E:74:BA:B2
2026-05-13 11:56:37,213 [INFO]   Found: (unnamed)                       74:3F:6B:F0:4E:C2
2026-05-13 11:56:37,213 [INFO]   Found: (unnamed)                       E0:14:21:D7:45:6D
2026-05-13 11:56:37,213 [INFO]   Found: (unnamed)                       51:E7:42:EA:FA:E9
2026-05-13 11:56:37,213 [INFO]   Found: (unnamed)                       4B:E0:04:0C:07:0F
2026-05-13 11:56:37,213 [INFO]   Found: (unnamed)                       D4:AA:D9:88:A0:D4
2026-05-13 11:56:37,214 [INFO]   Found: (unnamed)                       5F:E3:2C:28:16:12
2026-05-13 11:56:37,214 [INFO]   Found: (unnamed)                       50:FB:88:11:F6:A5
2026-05-13 11:56:37,214 [INFO]   Found: (unnamed)                       6A:1B:3C:24:3B:C4
2026-05-13 11:56:37,214 [INFO]   Found: (unnamed)                       44:42:AE:A9:64:24
2026-05-13 11:56:37,214 [INFO]   Found: (unnamed)                       7D:2B:9A:E9:7E:90
2026-05-13 11:56:37,214 [INFO]   Found: (unnamed)                       6B:DF:F2:BA:AF:AF
2026-05-13 11:56:37,214 [INFO]   Found: (unnamed)                       75:19:4B:F1:E2:40
2026-05-13 11:56:37,214 [INFO]   Found: (unnamed)                       FB:70:BA:87:8B:32
2026-05-13 11:56:37,214 [INFO]   Found: (unnamed)                       40:CB:94:A7:97:20
2026-05-13 11:56:37,214 [INFO]   Found: (unnamed)                       54:67:81:7F:79:BD
2026-05-13 11:56:37,214 [INFO]   Found: (unnamed)                       69:A0:F0:2C:93:5F
2026-05-13 11:56:37,214 [INFO]   Found: (unnamed)                       D5:20:3C:C5:08:30
2026-05-13 11:56:37,214 [INFO]   Found: (unnamed)                       5C:21:F4:A0:6E:60
2026-05-13 11:56:37,214 [INFO]   Found: (unnamed)                       4A:FF:F7:4F:09:F9
2026-05-13 11:56:37,214 [INFO]   Found: (unnamed)                       75:7F:09:83:EA:9D
2026-05-13 11:56:37,214 [INFO]   Found: (unnamed)                       49:CE:4E:54:D0:87
2026-05-13 11:56:37,214 [INFO]   Found: (unnamed)                       53:DE:CE:24:F9:93
2026-05-13 11:56:37,214 [INFO]   Found: (unnamed)                       A4:C1:35:99:69:D6
2026-05-13 11:56:37,215 [INFO]   Found: (unnamed)                       5C:8C:B3:4D:30:D4
2026-05-13 11:56:37,215 [INFO]   Found: (unnamed)                       4F:F4:4A:5A:A6:B9
2026-05-13 11:56:37,215 [INFO]   Found: (unnamed)                       47:82:3C:10:D6:73
2026-05-13 11:56:37,215 [INFO]   Found: (unnamed)                       64:96:AB:B1:E3:12
2026-05-13 11:56:37,215 [INFO]   Found: (unnamed)                       01:E1:3F:8B:14:55
2026-05-13 11:56:37,215 [INFO]   Found: (unnamed)                       FC:89:63:04:53:B8
2026-05-13 11:56:37,215 [INFO]   Found: (unnamed)                       6A:8F:B8:2A:F5:92
2026-05-13 11:56:37,215 [INFO]   Found: (unnamed)                       F4:2B:00:B3:DC:0D
2026-05-13 11:56:37,215 [INFO]   Found: (unnamed)                       66:13:54:72:7C:75
2026-05-13 11:56:37,215 [INFO]   Found: (unnamed)                       45:11:FF:EA:77:2E
2026-05-13 11:56:37,215 [INFO]   Found: (unnamed)                       1C:22:E5:13:BC:7C
2026-05-13 11:56:37,215 [INFO]   Found: (unnamed)                       EC:16:84:9D:66:ED
2026-05-13 11:56:37,215 [INFO]   Found: (unnamed)                       46:23:AB:5D:3B:A6
2026-05-13 11:56:37,215 [INFO]   Found: (unnamed)                       DE:DB:A4:7D:75:02
2026-05-13 11:56:37,215 [INFO]   Found: (unnamed)                       3E:4E:FB:8D:E3:07
2026-05-13 11:56:37,215 [INFO]   Found: (unnamed)                       6E:76:DC:3D:AB:F1
2026-05-13 11:56:37,215 [INFO]   Found: (unnamed)                       62:E4:96:36:01:0B
2026-05-13 11:56:37,216 [INFO]   Found: (unnamed)                       58:73:63:8C:87:18
2026-05-13 11:56:37,216 [INFO]   Found: (unnamed)                       DB:A5:E1:8F:27:D8
2026-05-13 11:56:37,216 [INFO]   Found: (unnamed)                       D5:48:29:00:F4:AF
2026-05-13 11:56:37,216 [INFO]   Found: (unnamed)                       E2:A2:67:E1:E8:6F
2026-05-13 11:56:37,216 [INFO]   Found: (unnamed)                       7C:87:96:6C:A4:52
2026-05-13 11:56:37,216 [INFO]   Found: (unnamed)                       DA:5E:2B:80:C8:56
2026-05-13 11:56:37,216 [INFO]   Found: (unnamed)                       D1:6A:C5:44:7F:BB
2026-05-13 11:56:37,216 [INFO]   Found: (unnamed)                       E8:C3:45:22:2F:06
2026-05-13 11:56:37,216 [INFO]   Found: BC2689107                       54:D6:0D:37:44:45
2026-05-13 11:56:37,216 [INFO]   Found: (unnamed)                       79:34:9E:87:DE:B6
2026-05-13 11:56:37,216 [INFO]   Found: (unnamed)                       5E:38:4F:9F:C8:31
2026-05-13 11:56:37,216 [INFO]   Found: (unnamed)                       70:A0:3F:54:22:5A
2026-05-13 11:56:37,216 [INFO]   Found: (unnamed)                       4D:1E:72:E7:17:1A
2026-05-13 11:56:37,216 [INFO]   Found: (unnamed)                       5A:56:1F:65:06:DE
2026-05-13 11:56:37,216 [INFO]   Found: (unnamed)                       74:26:8A:BB:F9:72
2026-05-13 11:56:37,216 [INFO]   Found: (unnamed)                       F1:B3:95:9B:13:AF
2026-05-13 11:56:37,216 [INFO]   Found: (unnamed)                       20:BC:0B:AD:3B:EB
2026-05-13 11:56:37,216 [INFO]   Found: (unnamed)                       55:9E:F9:A1:42:CA
2026-05-13 11:56:37,216 [INFO]   Found: J2501 9FD0                      CE:68:27:E4:9F:D0
2026-05-13 11:56:37,217 [INFO]     ↳ candidate: name matches Wristband 2501 markers
2026-05-13 11:56:37,217 [INFO]   Found: (unnamed)                       52:08:CD:D0:5C:77
2026-05-13 11:56:37,217 [INFO]   Found: (unnamed)                       45:74:7F:06:CA:42
2026-05-13 11:56:37,217 [INFO]   Found: (unnamed)                       4E:C9:10:75:B5:E2
2026-05-13 11:56:37,217 [INFO]   Found: (unnamed)                       6C:97:70:87:99:1B
2026-05-13 11:56:37,217 [INFO]   Found: (unnamed)                       40:B8:8B:0C:7B:CE
2026-05-13 11:56:37,217 [INFO]   Found: (unnamed)                       FF:19:81:5A:9A:0D
2026-05-13 11:56:37,217 [INFO]   Found: (unnamed)                       24:73:99:C1:F1:88
2026-05-13 11:56:37,217 [INFO]   Found: (unnamed)                       72:B8:9A:E7:91:5F
2026-05-13 11:56:37,217 [INFO]   Found: (unnamed)                       63:76:83:B6:63:4D
2026-05-13 11:56:37,217 [INFO]   Found: (unnamed)                       73:8C:6A:A0:66:0E
2026-05-13 11:56:37,217 [INFO]   Found: (unnamed)                       50:81:A7:89:AD:D8
2026-05-13 11:56:37,217 [INFO]   Found: (unnamed)                       EE:DB:07:5B:7F:FE
2026-05-13 11:56:37,217 [INFO]   Found: (unnamed)                       F8:40:16:5E:1F:66
2026-05-13 11:56:37,217 [INFO]   Found: (unnamed)                       CC:09:65:BC:09:AE
2026-05-13 11:56:37,217 [INFO]   Found: (unnamed)                       C4:22:4A:1A:6F:ED
2026-05-13 11:56:37,217 [INFO]   Found: (unnamed)                       77:15:D9:45:22:94
2026-05-13 11:56:37,217 [INFO]   Found: (unnamed)                       39:35:AB:E6:24:2B
2026-05-13 11:56:37,218 [INFO]   Found: (unnamed)                       F8:53:84:BA:74:9E
2026-05-13 11:56:37,218 [INFO]   Found: (unnamed)                       E7:9E:20:0F:C7:62
2026-05-13 11:56:37,218 [INFO]   Found: (unnamed)                       74:35:A7:49:24:36
2026-05-13 11:56:37,218 [INFO]   Found: (unnamed)                       56:21:78:B7:E2:31
2026-05-13 11:56:37,218 [INFO]   Found: (unnamed)                       E3:FF:4A:A2:CA:F9
2026-05-13 11:56:37,218 [INFO]   Found: (unnamed)                       63:3A:70:31:3C:46
2026-05-13 11:56:37,218 [INFO]   Found: (unnamed)                       53:45:75:9B:17:CB
2026-05-13 11:56:37,218 [INFO]   Found: (unnamed)                       2B:AC:01:80:B3:6D
2026-05-13 11:56:37,218 [INFO]   Found: (unnamed)                       5A:CD:F0:FB:5F:DA
2026-05-13 11:56:37,218 [INFO]   Found: (unnamed)                       7B:68:BC:A2:48:D4
2026-05-13 11:56:37,218 [INFO]   Found: (unnamed)                       54:DA:89:6E:16:71
2026-05-13 11:56:37,218 [INFO]   Found: (unnamed)                       7C:A5:8D:AD:0F:78
2026-05-13 11:56:37,218 [INFO]   Found: (unnamed)                       1E:BE:3B:8C:A1:D3
2026-05-13 11:56:37,218 [INFO]   Found: (unnamed)                       7C:71:00:08:5B:DF
2026-05-13 11:56:37,218 [INFO]   Found: (unnamed)                       4F:03:AF:31:04:ED
2026-05-13 11:56:37,218 [INFO]   Found: (unnamed)                       69:06:68:13:02:C1
2026-05-13 11:56:37,219 [INFO]   Found: (unnamed)                       7B:5C:F1:3E:FA:9E
2026-05-13 11:56:37,219 [INFO]   Found: (unnamed)                       54:4F:43:9E:04:C0
2026-05-13 11:56:37,219 [INFO]   Found: (unnamed)                       C9:7D:E7:36:C1:A3
2026-05-13 11:56:37,219 [INFO]   Found: (unnamed)                       D0:09:E1:56:77:BE
2026-05-13 11:56:37,219 [INFO]   Found: CR-79583                        6A:D5:CD:2A:E9:F7
2026-05-13 11:56:37,219 [INFO]   Found: (unnamed)                       5B:77:45:2E:87:90
2026-05-13 11:56:37,219 [INFO]   Found: (unnamed)                       E4:E2:61:6B:00:05
2026-05-13 11:56:37,219 [INFO]   Found: (unnamed)                       D2:03:83:D3:85:35
2026-05-13 11:56:37,219 [INFO]   Found: (unnamed)                       D3:8A:D0:43:94:90
2026-05-13 11:56:37,219 [INFO]   Found: (unnamed)                       51:CF:F0:7C:CD:12
2026-05-13 11:56:37,219 [INFO]   Found: (unnamed)                       F2:3A:82:CD:57:22
2026-05-13 11:56:37,219 [INFO]   Found: (unnamed)                       50:2C:EE:C9:A9:54
2026-05-13 11:56:37,219 [INFO]   Found: (unnamed)                       76:73:E4:0C:CB:4D
2026-05-13 11:56:37,219 [INFO]   Found: (unnamed)                       53:2F:44:9B:D8:DA
2026-05-13 11:56:37,219 [INFO]   Found: (unnamed)                       58:CA:3A:A9:FF:B2
2026-05-13 11:56:37,219 [INFO]   Found: (unnamed)                       FF:8A:4A:E3:22:6D
2026-05-13 11:56:37,219 [INFO]   Found: (unnamed)                       E7:78:02:FE:65:36
2026-05-13 11:56:37,220 [INFO]   Found: (unnamed)                       DD:11:A4:58:53:02
2026-05-13 11:56:37,220 [INFO]   Found: (unnamed)                       7B:B9:85:7C:15:39
2026-05-13 11:56:37,220 [INFO]   Found: (unnamed)                       62:07:E2:8B:32:D1
2026-05-13 11:56:37,220 [INFO]   Found: (unnamed)                       63:0B:8B:C4:06:6D
2026-05-13 11:56:37,220 [INFO]   Found: (unnamed)                       5D:50:28:7F:A7:47
2026-05-13 11:56:37,220 [INFO]   Found: (unnamed)                       76:A9:AE:6D:C6:96
2026-05-13 11:56:37,220 [INFO]   Found: (unnamed)                       D9:9B:06:25:4B:2E
2026-05-13 11:56:37,220 [INFO]   Found: (unnamed)                       4B:69:41:16:62:53
2026-05-13 11:56:37,220 [INFO]   Found: (unnamed)                       D7:90:35:6F:DF:D3
2026-05-13 11:56:37,220 [INFO]   Found: (unnamed)                       55:20:33:82:E1:B5
2026-05-13 11:56:37,220 [INFO]   Found: (unnamed)                       50:84:23:C5:FA:93
2026-05-13 11:56:37,220 [INFO]   Found: (unnamed)                       C0:25:BD:19:93:F4
2026-05-13 11:56:37,220 [INFO]   Found: (unnamed)                       48:7E:7E:08:A1:D1
2026-05-13 11:56:37,220 [INFO]   Found: (unnamed)                       5D:F9:FF:1B:D5:86
2026-05-13 11:56:37,220 [INFO]   Found: (unnamed)                       6C:2F:1B:23:FA:8D
2026-05-13 11:56:37,220 [INFO]   Found: (unnamed)                       E9:FD:E5:0E:6F:29
2026-05-13 11:56:37,220 [INFO]   Found: (unnamed)                       3E:9C:2E:58:25:9E
2026-05-13 11:56:37,221 [INFO]   Found: (unnamed)                       58:1C:11:57:CB:21
2026-05-13 11:56:37,221 [INFO]   Found: (unnamed)                       0E:88:9E:FD:45:99
2026-05-13 11:56:37,221 [INFO]   Found: (unnamed)                       E0:D6:C1:39:A7:1E
2026-05-13 11:56:37,221 [INFO]   Found: (unnamed)                       D9:2A:E2:23:CB:DA
2026-05-13 11:56:37,221 [INFO]   Found: (unnamed)                       D9:DC:89:C6:32:38
2026-05-13 11:56:37,221 [INFO]   Found: (unnamed)                       FC:34:08:6A:10:31
2026-05-13 11:56:37,221 [INFO]   Found: (unnamed)                       1F:07:C4:28:58:35
2026-05-13 11:56:37,221 [INFO]   Found: (unnamed)                       E5:79:83:01:1C:09
2026-05-13 11:56:37,221 [INFO]   Found: (unnamed)                       64:B0:CC:6D:82:37
2026-05-13 11:56:37,221 [INFO]   Found: (unnamed)                       6A:EA:38:98:43:48
2026-05-13 11:56:37,221 [INFO]   Found: (unnamed)                       66:67:9C:2A:D3:34
2026-05-13 11:56:37,221 [INFO]   Found: (unnamed)                       55:F6:7E:27:15:0A
2026-05-13 11:56:37,221 [INFO]   Found: (unnamed)                       61:E4:9F:D7:A9:E2
2026-05-13 11:56:37,221 [INFO]   Found: (unnamed)                       D0:83:10:18:5D:65
2026-05-13 11:56:37,221 [INFO]   Found: (unnamed)                       F4:DB:1B:4C:49:B2
2026-05-13 11:56:37,221 [INFO]   Found: (unnamed)                       50:C2:02:88:A9:8E
2026-05-13 11:56:37,221 [INFO]   Found: (unnamed)                       59:8B:9E:B5:FB:CA
2026-05-13 11:56:37,222 [INFO]   Found: (unnamed)                       DE:64:EF:C7:15:E6
2026-05-13 11:56:37,222 [INFO]   Found: (unnamed)                       6C:9F:BE:9C:04:4B
2026-05-13 11:56:37,222 [INFO]   Found: (unnamed)                       E9:B3:60:FD:B8:2C
2026-05-13 11:56:37,222 [INFO]   Found: (unnamed)                       41:82:7E:04:7D:72
2026-05-13 11:56:37,222 [INFO]   Found: (unnamed)                       6A:F7:19:24:B7:5F
2026-05-13 11:56:37,222 [INFO]   Found: (unnamed)                       47:58:71:91:62:15
2026-05-13 11:56:37,222 [INFO]   Found: (unnamed)                       F0:AD:0B:AE:A3:35
2026-05-13 11:56:37,222 [INFO]   Found: (unnamed)                       0C:7E:24:3C:A7:C9
2026-05-13 11:56:37,222 [INFO]   Found: (unnamed)                       FB:BB:8F:E2:14:62
2026-05-13 11:56:37,222 [INFO]   Found: (unnamed)                       FF:5B:F8:01:D3:B7
2026-05-13 11:56:37,222 [INFO]   Found: (unnamed)                       68:D2:BC:D6:CD:6F
2026-05-13 11:56:37,222 [INFO]   Found: (unnamed)                       09:A0:48:73:70:45
2026-05-13 11:56:37,222 [INFO]   Found: (unnamed)                       58:F0:13:75:E9:F7
2026-05-13 11:56:37,222 [INFO]   Found: (unnamed)                       CB:F6:38:44:6B:1E
2026-05-13 11:56:37,222 [INFO]   Found: (unnamed)                       70:91:6D:43:C8:3A
2026-05-13 11:56:37,222 [INFO]   Found: (unnamed)                       FC:42:35:97:19:BF
2026-05-13 11:56:37,222 [INFO]   Found: (unnamed)                       42:16:E8:95:53:B9
2026-05-13 11:56:37,223 [INFO]   Found: (unnamed)                       E4:82:00:01:FB:FF
2026-05-13 11:56:37,223 [INFO]   Found: (unnamed)                       F5:D0:ED:01:49:CF
2026-05-13 11:56:37,223 [INFO]   Found: (unnamed)                       54:47:26:ED:EB:9B
2026-05-13 11:56:37,223 [INFO]   Found: (unnamed)                       52:87:61:38:EC:20
2026-05-13 11:56:37,223 [INFO]   Found: (unnamed)                       C7:B5:41:F5:07:D0
2026-05-13 11:56:37,223 [INFO]   Found: (unnamed)                       76:34:30:86:43:F8
2026-05-13 11:56:37,223 [INFO]   Found: (unnamed)                       44:70:C1:40:01:83
2026-05-13 11:56:37,223 [INFO]   Found: (unnamed)                       E3:45:23:B4:76:56
2026-05-13 11:56:37,223 [INFO]   Found: (unnamed)                       F8:5F:69:1E:BB:78
2026-05-13 11:56:37,223 [INFO]   Found: (unnamed)                       47:C3:F0:43:45:EE
2026-05-13 11:56:37,223 [INFO] ✨ 2 candidate(s) found
2026-05-13 11:56:41,823 [INFO] Connecting to CE:68:27:E4:9F:D0...
2026-05-13 11:56:52,930 [INFO] Connected ✓  (notifications enabled)
2026-05-13 11:57:10,527 [INFO] Disconnected.
2026-05-13 11:58:10,149 [INFO] Connecting to 74:19:0A:14:70:C8...
2026-05-13 11:58:27,128 [INFO] 🔍 Scanning for BLE devices (10.0s)...
2026-05-13 11:58:37,368 [INFO]   Found: (unnamed)                       18:B9:FC:23:81:A9
2026-05-13 11:58:37,368 [INFO]   Found: (unnamed)                       53:45:75:9B:17:CB
2026-05-13 11:58:37,368 [INFO]   Found: DAVIDSALOMON                    75:34:35:98:C4:94
2026-05-13 11:58:37,368 [INFO]   Found: JBL WAVE FLEX-LE                C0:2E:29:20:43:82
2026-05-13 11:58:37,368 [INFO]   Found: (unnamed)                       55:9E:F9:A1:42:CA
2026-05-13 11:58:37,368 [INFO]   Found: (unnamed)                       C0:3D:06:C6:B4:63
2026-05-13 11:58:37,368 [INFO]   Found: (unnamed)                       FF:5B:F8:01:D3:B7
2026-05-13 11:58:37,368 [INFO]   Found: (unnamed)                       13:5D:4D:FA:49:70
2026-05-13 11:58:37,369 [INFO]   Found: (unnamed)                       46:E4:64:B1:4C:74
2026-05-13 11:58:37,369 [INFO]   Found: (unnamed)                       61:8B:D4:68:E2:1F
2026-05-13 11:58:37,369 [INFO]   Found: (unnamed)                       52:58:94:D1:50:87
2026-05-13 11:58:37,369 [INFO]   Found: (unnamed)                       01:E1:3F:8B:14:55
2026-05-13 11:58:37,369 [INFO]   Found: (unnamed)                       75:81:77:22:80:BD
2026-05-13 11:58:37,369 [INFO]   Found: (unnamed)                       69:C4:4A:2D:72:5A
2026-05-13 11:58:37,369 [INFO]   Found: (unnamed)                       01:18:B0:14:44:81
2026-05-13 11:58:37,369 [INFO]   Found: (unnamed)                       00:97:AD:9F:E3:C3
2026-05-13 11:58:37,369 [INFO]   Found: (unnamed)                       55:20:33:82:E1:B5
2026-05-13 11:58:37,369 [INFO]   Found: (unnamed)                       6A:F2:F7:0B:C9:ED
2026-05-13 11:58:37,369 [INFO]   Found: (unnamed)                       72:40:0E:18:E9:1B
2026-05-13 11:58:37,369 [INFO]   Found: (unnamed)                       1D:B5:17:7F:C4:65
2026-05-13 11:58:37,369 [INFO]   Found: (unnamed)                       5E:38:4F:9F:C8:31
2026-05-13 11:58:37,369 [INFO]   Found: (unnamed)                       52:6D:62:25:49:28
2026-05-13 11:58:37,369 [INFO]   Found: (unnamed)                       24:2A:14:12:15:A3
2026-05-13 11:58:37,370 [INFO]   Found: (unnamed)                       41:D6:74:0E:A3:DF
2026-05-13 11:58:37,370 [INFO]   Found: (unnamed)                       61:31:B4:80:4A:F3
2026-05-13 11:58:37,370 [INFO]   Found: (unnamed)                       50:94:0E:22:86:14
2026-05-13 11:58:37,370 [INFO]   Found: (unnamed)                       50:33:6D:47:E1:40
2026-05-13 11:58:37,370 [INFO]   Found: (unnamed)                       20:45:02:1E:CB:12
2026-05-13 11:58:37,370 [INFO]   Found: (unnamed)                       25:F4:43:DF:23:1E
2026-05-13 11:58:37,370 [INFO]   Found: (unnamed)                       48:4A:D0:3A:19:9D
2026-05-13 11:58:37,370 [INFO]   Found: (unnamed)                       54:31:9B:EC:7D:9F
2026-05-13 11:58:37,370 [INFO]   Found: (unnamed)                       7E:0A:56:C1:CD:95
2026-05-13 11:58:37,370 [INFO]   Found: (unnamed)                       58:73:63:8C:87:18
2026-05-13 11:58:37,370 [INFO]   Found: (unnamed)                       5D:F3:DF:BA:30:5E
2026-05-13 11:58:37,370 [INFO]   Found: (unnamed)                       5A:56:1F:65:06:DE
2026-05-13 11:58:37,370 [INFO]   Found: (unnamed)                       24:16:09:90:02:6D
2026-05-13 11:58:37,370 [INFO]   Found: (unnamed)                       52:35:93:DC:67:A6
2026-05-13 11:58:37,370 [INFO]   Found: (unnamed)                       79:13:03:BF:18:4A
2026-05-13 11:58:37,371 [INFO]   Found: (unnamed)                       3E:9A:F1:46:1A:DD
2026-05-13 11:58:37,371 [INFO]   Found: (unnamed)                       73:78:66:84:6B:D8
2026-05-13 11:58:37,371 [INFO]   Found: (unnamed)                       4C:7A:5B:59:8D:DF
2026-05-13 11:58:37,371 [INFO]   Found: (unnamed)                       54:AE:CD:69:D5:70
2026-05-13 11:58:37,371 [INFO]   Found: (unnamed)                       6A:E8:CC:DE:04:B3
2026-05-13 11:58:37,371 [INFO]   Found: (unnamed)                       30:39:FA:C1:B1:47
2026-05-13 11:58:37,371 [INFO]   Found: (unnamed)                       18:7A:22:78:D0:7A
2026-05-13 11:58:37,371 [INFO]   Found: (unnamed)                       24:73:99:C1:F1:88
2026-05-13 11:58:37,371 [INFO]   Found: (unnamed)                       09:25:01:F6:29:D6
2026-05-13 11:58:37,371 [INFO]   Found: (unnamed)                       10:AC:5D:3D:E5:93
2026-05-13 11:58:37,371 [INFO]   Found: (unnamed)                       19:16:1E:28:D6:31
2026-05-13 11:58:37,371 [INFO]   Found: (unnamed)                       46:01:14:5F:8B:C9
2026-05-13 11:58:37,371 [INFO]   Found: (unnamed)                       49:74:B2:D6:B3:E7
2026-05-13 11:58:37,371 [INFO]   Found: (unnamed)                       72:5A:94:03:68:10
2026-05-13 11:58:37,371 [INFO]   Found: (unnamed)                       67:30:20:9D:77:F0
2026-05-13 11:58:37,371 [INFO]   Found: (unnamed)                       40:B8:8B:0C:7B:CE
2026-05-13 11:58:37,372 [INFO]   Found: (unnamed)                       7B:68:BC:A2:48:D4
2026-05-13 11:58:37,372 [INFO]   Found: (unnamed)                       45:77:18:ED:D0:99
2026-05-13 11:58:37,372 [INFO]   Found: (unnamed)                       53:32:E5:AB:ED:95
2026-05-13 11:58:37,372 [INFO]   Found: (unnamed)                       79:2E:1F:A2:5C:DF
2026-05-13 11:58:37,372 [INFO]   Found: (unnamed)                       48:4E:9B:39:8A:32
2026-05-13 11:58:37,372 [INFO]   Found: (unnamed)                       48:52:2F:6B:2B:F1
2026-05-13 11:58:37,372 [INFO]   Found: (unnamed)                       50:81:A7:89:AD:D8
2026-05-13 11:58:37,372 [INFO]   Found: (unnamed)                       7B:3C:30:F3:20:31
2026-05-13 11:58:37,372 [INFO]   Found: (unnamed)                       7B:0B:47:2D:A1:84
2026-05-13 11:58:37,372 [INFO]   Found: BC2689107                       54:D6:0D:37:44:45
2026-05-13 11:58:37,372 [INFO]   Found: (unnamed)                       6D:D0:CA:75:A2:99
2026-05-13 11:58:37,372 [INFO]   Found: (unnamed)                       56:E1:59:E2:CD:35
2026-05-13 11:58:37,372 [INFO]   Found: (unnamed)                       68:D2:BC:D6:CD:6F
2026-05-13 11:58:37,372 [INFO]   Found: (unnamed)                       33:5F:7F:FB:FD:CF
2026-05-13 11:58:37,372 [INFO]   Found: (unnamed)                       58:D2:30:E8:33:7C
2026-05-13 11:58:37,372 [INFO]   Found: (unnamed)                       77:7B:80:BF:E9:2C
2026-05-13 11:58:37,373 [INFO]   Found: (unnamed)                       4D:ED:CC:08:7F:31
2026-05-13 11:58:37,373 [INFO]   Found: (unnamed)                       6C:33:AF:D4:0A:C6
2026-05-13 11:58:37,373 [INFO]   Found: (unnamed)                       70:25:7F:AC:12:E7
2026-05-13 11:58:37,373 [INFO]   Found: (unnamed)                       54:D1:9A:92:F4:D1
2026-05-13 11:58:37,373 [INFO]   Found: (unnamed)                       56:21:78:B7:E2:31
2026-05-13 11:58:37,373 [INFO]   Found: (unnamed)                       7C:DC:57:FC:F6:B3
2026-05-13 11:58:37,373 [INFO]   Found: (unnamed)                       3E:26:4F:8D:E3:6E
2026-05-13 11:58:37,373 [INFO]   Found: (unnamed)                       74:3F:6B:F0:4E:C2
2026-05-13 11:58:37,373 [INFO]   Found: (unnamed)                       5D:02:34:1C:EF:DA
2026-05-13 11:58:37,373 [INFO]   Found: (unnamed)                       51:59:EA:CA:9B:1E
2026-05-13 11:58:37,373 [INFO]   Found: (unnamed)                       50:9B:4D:06:6D:63
2026-05-13 11:58:37,373 [INFO]   Found: (unnamed)                       64:96:AB:B1:E3:12
2026-05-13 11:58:37,373 [INFO]   Found: (unnamed)                       5D:88:1E:49:6D:6D
2026-05-13 11:58:37,373 [INFO]   Found: (unnamed)                       5D:61:D7:2D:3E:49
2026-05-13 11:58:37,373 [INFO]   Found: (unnamed)                       4B:38:3B:6B:B9:7B
2026-05-13 11:58:37,373 [INFO]   Found: (unnamed)                       7E:26:80:D7:14:69
2026-05-13 11:58:37,374 [INFO]   Found: (unnamed)                       52:36:39:05:67:C0
2026-05-13 11:58:37,374 [INFO]   Found: (unnamed)                       D2:92:A9:94:BF:CE
2026-05-13 11:58:37,374 [INFO]   Found: (unnamed)                       69:06:68:13:02:C1
2026-05-13 11:58:37,374 [INFO]   Found: (unnamed)                       4E:C9:10:75:B5:E2
2026-05-13 11:58:37,374 [INFO]   Found: (unnamed)                       6A:EA:38:98:43:48
2026-05-13 11:58:37,374 [INFO]   Found: (unnamed)                       10:8C:20:F4:65:FE
2026-05-13 11:58:37,374 [INFO]   Found: BC2688871                       54:D6:0D:37:5D:E9
2026-05-13 11:58:37,374 [INFO]   Found: (unnamed)                       5A:9D:71:6F:5E:D6
2026-05-13 11:58:37,374 [INFO]   Found: (unnamed)                       70:A0:3F:54:22:5A
2026-05-13 11:58:37,374 [INFO]   Found: (unnamed)                       4F:E5:63:86:33:E1
2026-05-13 11:58:37,374 [INFO]   Found: (unnamed)                       4B:9E:19:0D:38:E7
2026-05-13 11:58:37,374 [INFO]   Found: (unnamed)                       60:1C:3C:E7:DD:BF
2026-05-13 11:58:37,374 [INFO]   Found: (unnamed)                       46:23:AB:5D:3B:A6
2026-05-13 11:58:37,374 [INFO]   Found: (unnamed)                       68:00:A0:2B:73:CB
2026-05-13 11:58:37,374 [INFO]   Found: (unnamed)                       F8:53:84:BA:74:9E
2026-05-13 11:58:37,375 [INFO]   Found: (unnamed)                       5B:9A:CF:8A:D4:3B
2026-05-13 11:58:37,375 [INFO]   Found: (unnamed)                       69:A0:F0:2C:93:5F
2026-05-13 11:58:37,375 [INFO]   Found: (unnamed)                       77:21:60:D0:C9:76
2026-05-13 11:58:37,375 [INFO]   Found: (unnamed)                       EC:16:84:9D:66:ED
2026-05-13 11:58:37,375 [INFO]   Found: (unnamed)                       75:19:4B:F1:E2:40
2026-05-13 11:58:37,375 [INFO]   Found: (unnamed)                       7D:2B:9A:E9:7E:90
2026-05-13 11:58:37,375 [INFO]   Found: (unnamed)                       66:D5:75:7F:84:CC
2026-05-13 11:58:37,375 [INFO]   Found: (unnamed)                       39:35:AB:E6:24:2B
2026-05-13 11:58:37,375 [INFO]   Found: (unnamed)                       6A:1B:3C:24:3B:C4
2026-05-13 11:58:37,375 [INFO]   Found: (unnamed)                       7B:95:C4:09:B9:21
2026-05-13 11:58:37,375 [INFO]   Found: MARTINASUSROG                   42:99:90:98:37:A6
2026-05-13 11:58:37,375 [INFO]   Found: (unnamed)                       13:04:58:2F:71:35
2026-05-13 11:58:37,375 [INFO]   Found: (unnamed)                       63:1A:DE:8B:E4:61
2026-05-13 11:58:37,375 [INFO]   Found: (unnamed)                       CD:62:82:64:50:A6
2026-05-13 11:58:37,375 [INFO]   Found: (unnamed)                       5F:E3:2C:28:16:12
2026-05-13 11:58:37,375 [INFO]   Found: (unnamed)                       47:82:3C:10:D6:73
2026-05-13 11:58:37,375 [INFO]   Found: (unnamed)                       6D:1D:3B:43:B8:38
2026-05-13 11:58:37,376 [INFO]   Found: (unnamed)                       24:47:57:EF:6F:C5
2026-05-13 11:58:37,376 [INFO]   Found: (unnamed)                       51:67:66:75:60:DB
2026-05-13 11:58:37,376 [INFO]   Found: (unnamed)                       65:5B:2C:F1:0C:9D
2026-05-13 11:58:37,376 [INFO]   Found: (unnamed)                       64:B0:CC:6D:82:37
2026-05-13 11:58:37,376 [INFO]   Found: Galaxy Fit3 (70C8)              74:19:0A:14:70:C8
2026-05-13 11:58:37,376 [INFO]   Found: (unnamed)                       71:D0:17:40:EF:52
2026-05-13 11:58:37,376 [INFO]   Found: (unnamed)                       6A:D5:CD:2A:E9:F7
2026-05-13 11:58:37,376 [INFO]   Found: (unnamed)                       E5:DA:E0:1E:67:AD
2026-05-13 11:58:37,376 [INFO]   Found: (unnamed)                       DA:5E:2B:80:C8:56
2026-05-13 11:58:37,376 [INFO]   Found: (unnamed)                       F8:5E:39:8B:86:30
2026-05-13 11:58:37,376 [INFO]   Found: (unnamed)                       7B:A5:FD:A7:A9:10
2026-05-13 11:58:37,376 [INFO]   Found: (unnamed)                       63:81:AD:A6:7D:E1
2026-05-13 11:58:37,376 [INFO]   Found: (unnamed)                       CC:09:65:BC:09:AE
2026-05-13 11:58:37,376 [INFO]   Found: (unnamed)                       74:92:05:8D:90:96
2026-05-13 11:58:37,376 [INFO]   Found: (unnamed)                       4B:69:41:16:62:53
2026-05-13 11:58:37,376 [INFO]   Found: (unnamed)                       76:73:E4:0C:CB:4D
2026-05-13 11:58:37,376 [INFO]   Found: (unnamed)                       47:CA:9B:31:B9:37
2026-05-13 11:58:37,377 [INFO]   Found: (unnamed)                       68:99:65:95:C4:37
2026-05-13 11:58:37,377 [INFO]   Found: (unnamed)                       50:A5:17:49:F3:0C
2026-05-13 11:58:37,377 [INFO]   Found: (unnamed)                       5C:49:56:E0:A2:3C
2026-05-13 11:58:37,377 [INFO]   Found: (unnamed)                       72:A3:A3:5E:13:CB
2026-05-13 11:58:37,377 [INFO]   Found: (unnamed)                       25:30:9C:28:9D:25
2026-05-13 11:58:37,377 [INFO]   Found: (unnamed)                       4A:B3:AE:AF:21:65
2026-05-13 11:58:37,377 [INFO]   Found: (unnamed)                       1F:07:C4:28:58:35
2026-05-13 11:58:37,377 [INFO]   Found: (unnamed)                       DB:FC:24:BB:16:E0
2026-05-13 11:58:37,377 [INFO]   Found: (unnamed)                       63:76:83:B6:63:4D
2026-05-13 11:58:37,377 [INFO]   Found: (unnamed)                       E4:6C:EA:A6:73:38
2026-05-13 11:58:37,377 [INFO]   Found: (unnamed)                       55:7C:B0:16:94:3B
2026-05-13 11:58:37,377 [INFO]   Found: (unnamed)                       53:DE:CE:24:F9:93
2026-05-13 11:58:37,377 [INFO]   Found: J2501 9FD0                      CE:68:27:E4:9F:D0
2026-05-13 11:58:37,377 [INFO]     ↳ candidate: advertises 0000fff0-0000-1000-8000-00805f9b34fb
2026-05-13 11:58:37,377 [INFO]   Found: (unnamed)                       45:28:DC:0F:FF:12
2026-05-13 11:58:37,377 [INFO]   Found: (unnamed)                       66:13:54:72:7C:75
2026-05-13 11:58:37,378 [INFO]   Found: (unnamed)                       1B:78:3D:FD:7A:6B
2026-05-13 11:58:37,378 [INFO]   Found: (unnamed)                       53:71:24:F5:F7:59
2026-05-13 11:58:37,378 [INFO]   Found: (unnamed)                       72:57:E7:7D:A1:40
2026-05-13 11:58:37,378 [INFO]   Found: (unnamed)                       72:36:C8:18:EB:74
2026-05-13 11:58:37,378 [INFO]   Found: (unnamed)                       27:BD:6C:B7:DB:37
2026-05-13 11:58:37,378 [INFO]   Found: (unnamed)                       D2:03:83:D3:85:35
2026-05-13 11:58:37,378 [INFO]   Found: (unnamed)                       08:08:AA:A1:03:72
2026-05-13 11:58:37,378 [INFO]   Found: (unnamed)                       5C:8C:B3:4D:30:D4
2026-05-13 11:58:37,378 [INFO]   Found: (unnamed)                       E4:47:06:C1:5A:6A
2026-05-13 11:58:37,378 [INFO]   Found: (unnamed)                       76:1B:88:59:5F:EB
2026-05-13 11:58:37,379 [INFO]   Found: (unnamed)                       F5:D0:ED:01:49:CF
2026-05-13 11:58:37,379 [INFO]   Found: (unnamed)                       F0:AD:0B:AE:A3:35
2026-05-13 11:58:37,379 [INFO]   Found: (unnamed)                       54:67:81:7F:79:BD
2026-05-13 11:58:37,379 [INFO]   Found: (unnamed)                       69:85:DA:09:C3:D9
2026-05-13 11:58:37,379 [INFO]   Found: (unnamed)                       EE:DB:07:5B:7F:FE
2026-05-13 11:58:37,379 [INFO]   Found: (unnamed)                       63:85:23:61:B0:87
2026-05-13 11:58:37,379 [INFO]   Found: (unnamed)                       62:E4:96:36:01:0B
2026-05-13 11:58:37,379 [INFO]   Found: (unnamed)                       56:E1:99:D5:4A:F9
2026-05-13 11:58:37,379 [INFO]   Found: (unnamed)                       58:E9:3B:EA:68:62
2026-05-13 11:58:37,379 [INFO]   Found: (unnamed)                       64:30:CA:F3:1E:20
2026-05-13 11:58:37,379 [INFO]   Found: (unnamed)                       49:B9:C2:25:B9:45
2026-05-13 11:58:37,379 [INFO]   Found: (unnamed)                       51:CF:F0:7C:CD:12
2026-05-13 11:58:37,379 [INFO]   Found: (unnamed)                       63:CE:51:6C:CF:8C
2026-05-13 11:58:37,379 [INFO]   Found: (unnamed)                       54:DA:89:6E:16:71
2026-05-13 11:58:37,379 [INFO]   Found: (unnamed)                       55:58:8D:A5:C3:5A
2026-05-13 11:58:37,379 [INFO]   Found: (unnamed)                       72:71:3E:D4:A8:9D
2026-05-13 11:58:37,380 [INFO]   Found: (unnamed)                       64:F9:70:DC:92:0D
2026-05-13 11:58:37,380 [INFO]   Found: (unnamed)                       60:32:F0:5B:17:0B
2026-05-13 11:58:37,380 [INFO]   Found: (unnamed)                       4E:B8:66:E0:D4:E6
2026-05-13 11:58:37,380 [INFO]   Found: (unnamed)                       57:CA:78:E5:A4:AD
2026-05-13 11:58:37,380 [INFO]   Found: (unnamed)                       5C:89:BD:A3:06:E3
2026-05-13 11:58:37,380 [INFO]   Found: (unnamed)                       04:9F:92:02:97:86
2026-05-13 11:58:37,380 [INFO]   Found: (unnamed)                       3C:01:56:63:6B:39
2026-05-13 11:58:37,380 [INFO]   Found: 85" Crystal UHD                 28:E6:A9:1E:AA:A7
2026-05-13 11:58:37,380 [INFO]   Found: (unnamed)                       49:CE:4E:54:D0:87
2026-05-13 11:58:37,380 [INFO]   Found: (unnamed)                       44:42:AE:A9:64:24
2026-05-13 11:58:37,380 [INFO]   Found: (unnamed)                       24:CB:49:12:BE:04
2026-05-13 11:58:37,380 [INFO]   Found: (unnamed)                       35:C3:F8:8A:35:76
2026-05-13 11:58:37,380 [INFO]   Found: (unnamed)                       60:96:79:22:F5:D7
2026-05-13 11:58:37,380 [INFO]   Found: (unnamed)                       E0:14:21:D7:45:6D
2026-05-13 11:58:37,381 [INFO]   Found: BC2689310                       54:D6:0D:37:70:7D
2026-05-13 11:58:37,381 [INFO]   Found: (unnamed)                       75:39:EE:A2:C7:33
2026-05-13 11:58:37,381 [INFO]   Found: (unnamed)                       4B:92:2A:81:CD:27
2026-05-13 11:58:37,381 [INFO]   Found: (unnamed)                       13:55:DC:7C:52:52
2026-05-13 11:58:37,381 [INFO]   Found: (unnamed)                       50:FB:88:11:F6:A5
2026-05-13 11:58:37,381 [INFO]   Found: (unnamed)                       7D:53:9B:6C:A2:D9
2026-05-13 11:58:37,381 [INFO]   Found: (unnamed)                       1E:87:18:0F:A6:80
2026-05-13 11:58:37,381 [INFO]   Found: (unnamed)                       D9:DC:89:C6:32:38
2026-05-13 11:58:37,381 [INFO]   Found: (unnamed)                       CB:40:77:1B:22:A5
2026-05-13 11:58:37,381 [INFO]   Found: (unnamed)                       67:E6:33:A3:7D:14
2026-05-13 11:58:37,381 [INFO]   Found: (unnamed)                       35:2D:1F:24:9A:CD
2026-05-13 11:58:37,381 [INFO]   Found: (unnamed)                       C0:25:BD:19:93:F4
2026-05-13 11:58:37,381 [INFO]   Found: (unnamed)                       E7:78:02:FE:65:36
2026-05-13 11:58:37,381 [INFO]   Found: (unnamed)                       47:58:71:91:62:15
2026-05-13 11:58:37,382 [INFO]   Found: (unnamed)                       D3:8A:D0:43:94:90
2026-05-13 11:58:37,382 [INFO]   Found: BC2688993                       54:D6:0D:37:7F:5D
2026-05-13 11:58:37,382 [INFO]   Found: (unnamed)                       74:26:8A:BB:F9:72
2026-05-13 11:58:37,382 [INFO]   Found: (unnamed)                       EF:84:94:3D:39:FD
2026-05-13 11:58:37,382 [INFO]   Found: (unnamed)                       76:E5:CB:5D:F2:88
2026-05-13 11:58:37,382 [INFO]   Found: (unnamed)                       54:7D:79:A3:97:1E
2026-05-13 11:58:37,382 [INFO]   Found: (unnamed)                       C9:7D:E7:36:C1:A3
2026-05-13 11:58:37,382 [INFO]   Found: (unnamed)                       63:3A:70:31:3C:46
2026-05-13 11:58:37,382 [INFO]   Found: (unnamed)                       74:F9:67:A3:AB:09
2026-05-13 11:58:37,382 [INFO]   Found: (unnamed)                       6B:43:52:22:B8:70
2026-05-13 11:58:37,382 [INFO]   Found: (unnamed)                       54:47:26:ED:EB:9B
2026-05-13 11:58:37,382 [INFO]   Found: (unnamed)                       3C:88:5E:D3:59:F2
2026-05-13 11:58:37,382 [INFO]   Found: (unnamed)                       C3:DD:5F:FB:D6:AF
2026-05-13 11:58:37,382 [INFO]   Found: (unnamed)                       57:58:3F:DA:8A:CE
2026-05-13 11:58:37,382 [INFO]   Found: (unnamed)                       DB:A5:E1:8F:27:D8
2026-05-13 11:58:37,383 [INFO]   Found: (unnamed)                       61:8F:0E:74:BA:B2
2026-05-13 11:58:37,383 [INFO]   Found: (unnamed)                       D7:90:35:6F:DF:D3
2026-05-13 11:58:37,383 [INFO]   Found: (unnamed)                       F4:DB:1B:4C:49:B2
2026-05-13 11:58:37,383 [INFO]   Found: (unnamed)                       72:89:BD:9B:AD:00
2026-05-13 11:58:37,383 [INFO]   Found: (unnamed)                       6E:76:DC:3D:AB:F1
2026-05-13 11:58:37,383 [INFO]   Found: (unnamed)                       40:B8:B7:3C:45:C1
2026-05-13 11:58:37,383 [INFO]   Found: (unnamed)                       6B:6B:47:BF:C3:FF
2026-05-13 11:58:37,383 [INFO]   Found: (unnamed)                       48:45:8F:95:A0:4D
2026-05-13 11:58:37,383 [INFO]   Found: (unnamed)                       4E:44:45:CC:52:B2
2026-05-13 11:58:37,383 [INFO]   Found: (unnamed)                       78:53:7D:40:09:71
2026-05-13 11:58:37,383 [INFO]   Found: (unnamed)                       53:FE:81:AF:4F:BD
2026-05-13 11:58:37,383 [INFO]   Found: (unnamed)                       4F:F4:4A:5A:A6:B9
2026-05-13 11:58:37,383 [INFO]   Found: (unnamed)                       DE:64:EF:C7:15:E6
2026-05-13 11:58:37,383 [INFO]   Found: (unnamed)                       1E:D4:34:A0:6D:C2
2026-05-13 11:58:37,384 [INFO]   Found: (unnamed)                       6C:97:70:87:99:1B
2026-05-13 11:58:37,384 [INFO]   Found: (unnamed)                       F7:E6:56:00:83:DB
2026-05-13 11:58:37,384 [INFO]   Found: (unnamed)                       E7:9E:20:0F:C7:62
2026-05-13 11:58:37,384 [INFO]   Found: (unnamed)                       C4:22:4A:1A:6F:ED
2026-05-13 11:58:37,384 [INFO]   Found: (unnamed)                       67:C4:25:BD:A8:51
2026-05-13 11:58:37,384 [INFO]   Found: (unnamed)                       C0:F8:53:24:E6:A2
2026-05-13 11:58:37,384 [INFO]   Found: (unnamed)                       46:45:7F:40:FC:9C
2026-05-13 11:58:37,384 [INFO]   Found: (unnamed)                       04:F8:C8:74:9A:38
2026-05-13 11:58:37,384 [INFO]   Found: (unnamed)                       A4:C1:35:99:69:D6
2026-05-13 11:58:37,384 [INFO]   Found: (unnamed)                       4A:9F:09:EE:0B:72
2026-05-13 11:58:37,384 [INFO]   Found: (unnamed)                       FF:A9:6F:9F:8F:E6
2026-05-13 11:58:37,384 [INFO]   Found: (unnamed)                       76:34:30:86:43:F8
2026-05-13 11:58:37,384 [INFO]   Found: (unnamed)                       25:40:57:0E:24:C9
2026-05-13 11:58:37,384 [INFO]   Found: (unnamed)                       FF:8A:4A:E3:22:6D
2026-05-13 11:58:37,384 [INFO]   Found: (unnamed)                       6C:9F:BE:9C:04:4B
2026-05-13 11:58:37,384 [INFO]   Found: (unnamed)                       15:4B:54:B5:76:93
2026-05-13 11:58:37,385 [INFO]   Found: (unnamed)                       C8:86:89:6F:61:A6
2026-05-13 11:58:37,385 [INFO]   Found: (unnamed)                       1C:22:E5:13:BC:7C
2026-05-13 11:58:37,385 [INFO]   Found: (unnamed)                       66:5A:78:F2:58:B2
2026-05-13 11:58:37,385 [INFO]   Found: (unnamed)                       59:81:A1:03:F5:F2
2026-05-13 11:58:37,385 [INFO]   Found: (unnamed)                       45:78:FA:F8:F1:76
2026-05-13 11:58:37,385 [INFO]   Found: (unnamed)                       5C:21:F4:A0:6E:60
2026-05-13 11:58:37,385 [INFO]   Found: (unnamed)                       4B:22:E2:5D:18:D9
2026-05-13 11:58:37,385 [INFO]   Found: (unnamed)                       09:99:C0:7F:0C:B7
2026-05-13 11:58:37,385 [INFO]   Found: (unnamed)                       5C:EF:A8:0F:41:15
2026-05-13 11:58:37,385 [INFO]   Found: (unnamed)                       F9:A2:D1:CB:A0:AA
2026-05-13 11:58:37,385 [INFO]   Found: (unnamed)                       F2:3A:82:CD:57:22
2026-05-13 11:58:37,385 [INFO]   Found: (unnamed)                       3E:4E:FB:8D:E3:07
2026-05-13 11:58:37,385 [INFO]   Found: (unnamed)                       4C:D7:F4:C9:08:EF
2026-05-13 11:58:37,385 [INFO]   Found: (unnamed)                       70:91:6D:43:C8:3A
2026-05-13 11:58:37,385 [INFO]   Found: (unnamed)                       09:A3:94:FF:8A:32
2026-05-13 11:58:37,385 [INFO]   Found: (unnamed)                       FF:CC:81:90:FC:B8
2026-05-13 11:58:37,385 [INFO]   Found: (unnamed)                       40:13:60:2E:D8:EB
2026-05-13 11:58:37,385 [INFO]   Found: (unnamed)                       E9:B3:60:FD:B8:2C
2026-05-13 11:58:37,385 [INFO]   Found: (unnamed)                       FF:19:81:5A:9A:0D
2026-05-13 11:58:37,385 [INFO]   Found: (unnamed)                       E5:42:BF:16:66:86
2026-05-13 11:58:37,385 [INFO]   Found: (unnamed)                       6A:C1:DF:7A:73:60
2026-05-13 11:58:37,385 [INFO]   Found: (unnamed)                       44:52:00:4E:E3:8B
2026-05-13 11:58:37,385 [INFO]   Found: (unnamed)                       1F:A6:4B:A3:18:E6
2026-05-13 11:58:37,385 [INFO]   Found: (unnamed)                       61:21:D7:50:58:35
2026-05-13 11:58:37,385 [INFO]   Found: (unnamed)                       E9:FD:E5:0E:6F:29
2026-05-13 11:58:37,385 [INFO]   Found: (unnamed)                       45:29:A0:52:5A:A4
2026-05-13 11:58:37,385 [INFO]   Found: (unnamed)                       5E:CE:45:9D:F2:E1
2026-05-13 11:58:37,385 [INFO]   Found: (unnamed)                       59:34:E6:F0:9D:33
2026-05-13 11:58:37,385 [INFO]   Found: (unnamed)                       61:A0:5A:37:75:C9
2026-05-13 11:58:37,386 [INFO]   Found: (unnamed)                       D7:D5:03:AB:CF:71
2026-05-13 11:58:37,386 [INFO]   Found: HAVIT SPACE S1                  50:DA:4C:D9:DA:C7
2026-05-13 11:58:37,386 [INFO]   Found: (unnamed)                       27:A5:5F:F2:D8:BC
2026-05-13 11:58:37,386 [INFO]   Found: (unnamed)                       F4:2B:00:B3:DC:0D
2026-05-13 11:58:37,386 [INFO]   Found: (unnamed)                       50:C2:02:88:A9:8E
2026-05-13 11:58:37,386 [INFO]   Found: (unnamed)                       52:87:61:38:EC:20
2026-05-13 11:58:37,386 [INFO]   Found: (unnamed)                       42:E0:7C:4E:23:66
2026-05-13 11:58:37,386 [INFO]   Found: (unnamed)                       C5:D6:39:40:90:91
2026-05-13 11:58:37,386 [INFO]   Found: (unnamed)                       25:0C:8B:1C:90:1B
2026-05-13 11:58:37,386 [INFO]   Found: (unnamed)                       F8:31:8A:96:0C:EA
2026-05-13 11:58:37,386 [INFO]   Found: (unnamed)                       74:35:A7:49:24:36
2026-05-13 11:58:37,386 [INFO]   Found: (unnamed)                       FA:6A:E4:9C:21:5E
2026-05-13 11:58:37,386 [INFO]   Found: (unnamed)                       6A:F7:19:24:B7:5F
2026-05-13 11:58:37,386 [INFO]   Found: (unnamed)                       C7:B5:41:F5:07:D0
2026-05-13 11:58:37,386 [INFO]   Found: (unnamed)                       62:E4:95:AB:D6:6B
2026-05-13 11:58:37,386 [INFO]   Found: (unnamed)                       EC:E4:6F:2C:5B:73
2026-05-13 11:58:37,386 [INFO]   Found: J2501 AF55                      E0:82:91:3C:AF:55
2026-05-13 11:58:37,386 [INFO]     ↳ candidate: name matches Wristband 2501 markers
2026-05-13 11:58:37,386 [INFO]   Found: (unnamed)                       0F:8B:20:EF:FF:E0
2026-05-13 11:58:37,386 [INFO]   Found: (unnamed)                       FF:CE:54:54:6C:B1
2026-05-13 11:58:37,387 [INFO]   Found: (unnamed)                       F1:B3:95:9B:13:AF
2026-05-13 11:58:37,387 [INFO]   Found: (unnamed)                       D9:A0:CD:AA:EA:32
2026-05-13 11:58:37,387 [INFO]   Found: (unnamed)                       62:07:E2:8B:32:D1
2026-05-13 11:58:37,387 [INFO]   Found: (unnamed)                       C8:D4:3B:EF:2F:AF
2026-05-13 11:58:37,387 [INFO]   Found: (unnamed)                       4D:6A:B0:94:33:90
2026-05-13 11:58:37,387 [INFO]   Found: (unnamed)                       50:2C:EE:C9:A9:54
2026-05-13 11:58:37,387 [INFO]   Found: (unnamed)                       D5:20:3C:C5:08:30
2026-05-13 11:58:37,387 [INFO]   Found: (unnamed)                       66:67:9C:2A:D3:34
2026-05-13 11:58:37,387 [INFO]   Found: (unnamed)                       F1:2C:0E:91:34:57
2026-05-13 11:58:37,387 [INFO]   Found: (unnamed)                       63:90:6C:CF:FE:3C
2026-05-13 11:58:37,387 [INFO]   Found: (unnamed)                       62:DB:20:5C:6E:16
2026-05-13 11:58:37,387 [INFO]   Found: (unnamed)                       24:76:AF:C3:29:55
2026-05-13 11:58:37,387 [INFO]   Found: (unnamed)                       65:EE:BC:30:B5:15
2026-05-13 11:58:37,387 [INFO]   Found: (unnamed)                       DB:14:C7:14:A7:48
2026-05-13 11:58:37,387 [INFO]   Found: (unnamed)                       E7:9A:90:8E:36:F6
2026-05-13 11:58:37,387 [INFO]   Found: (unnamed)                       5D:50:28:7F:A7:47
2026-05-13 11:58:37,387 [INFO]   Found: (unnamed)                       FB:70:BA:87:8B:32
2026-05-13 11:58:37,387 [INFO]   Found: (unnamed)                       FD:A7:21:A2:91:4A
2026-05-13 11:58:37,388 [INFO]   Found: (unnamed)                       73:B8:EC:2D:B0:E7
2026-05-13 11:58:37,388 [INFO] ✨ 2 candidate(s) found
2026-05-13 11:59:04,443 [INFO] Connecting to CE:68:27:E4:9F:D0...
2026-05-13 11:59:21,516 [INFO] Connected ✓  (notifications enabled)
2026-05-13 11:59:43,337 [INFO] ✅ PPI: 0 records retrieved
2026-05-13 12:00:20,430 [INFO] Connecting to 74:19:0A:14:70:C8...
2026-05-13 12:00:36,332 [INFO] 🔍 Scanning for BLE devices (10.0s)...
2026-05-13 12:00:46,576 [INFO]   Found: (unnamed)                       08:08:AA:A1:03:72
2026-05-13 12:00:46,576 [INFO]   Found: (unnamed)                       54:AE:CD:69:D5:70
2026-05-13 12:00:46,576 [INFO]   Found: (unnamed)                       63:81:AD:A6:7D:E1
2026-05-13 12:00:46,576 [INFO]   Found: (unnamed)                       5F:A1:B5:EC:87:87
2026-05-13 12:00:46,576 [INFO]   Found: (unnamed)                       7E:0A:56:C1:CD:95
2026-05-13 12:00:46,577 [INFO]   Found: (unnamed)                       5D:F3:DF:BA:30:5E
2026-05-13 12:00:46,577 [INFO]   Found: (unnamed)                       55:20:33:82:E1:B5
2026-05-13 12:00:46,577 [INFO]   Found: (unnamed)                       4E:C9:10:75:B5:E2
2026-05-13 12:00:46,577 [INFO]   Found: (unnamed)                       72:40:0E:18:E9:1B
2026-05-13 12:00:46,577 [INFO]   Found: (unnamed)                       1B:78:3D:FD:7A:6B
2026-05-13 12:00:46,577 [INFO]   Found: (unnamed)                       58:8C:EF:7A:61:A7
2026-05-13 12:00:46,577 [INFO]   Found: (unnamed)                       24:73:99:C1:F1:88
2026-05-13 12:00:46,577 [INFO]   Found: (unnamed)                       61:A0:5A:37:75:C9
2026-05-13 12:00:46,577 [INFO]   Found: (unnamed)                       46:E4:64:B1:4C:74
2026-05-13 12:00:46,577 [INFO]   Found: (unnamed)                       35:2D:1F:24:9A:CD
2026-05-13 12:00:46,577 [INFO]   Found: (unnamed)                       50:33:6D:47:E1:40
2026-05-13 12:00:46,577 [INFO]   Found: (unnamed)                       74:3F:6B:F0:4E:C2
2026-05-13 12:00:46,577 [INFO]   Found: (unnamed)                       01:18:B0:14:44:81
2026-05-13 12:00:46,577 [INFO]   Found: (unnamed)                       75:81:77:22:80:BD
2026-05-13 12:00:46,577 [INFO]   Found: (unnamed)                       66:13:54:72:7C:75
2026-05-13 12:00:46,577 [INFO]   Found: (unnamed)                       73:B8:EC:2D:B0:E7
2026-05-13 12:00:46,577 [INFO]   Found: (unnamed)                       4B:69:41:16:62:53
2026-05-13 12:00:46,577 [INFO]   Found: (unnamed)                       69:C4:4A:2D:72:5A
2026-05-13 12:00:46,578 [INFO]   Found: (unnamed)                       21:60:7A:CE:BA:E1
2026-05-13 12:00:46,578 [INFO]   Found: BC2689107                       54:D6:0D:37:44:45
2026-05-13 12:00:46,578 [INFO]   Found: (unnamed)                       30:39:FA:C1:B1:47
2026-05-13 12:00:46,578 [INFO]   Found: (unnamed)                       63:CE:51:6C:CF:8C
2026-05-13 12:00:46,578 [INFO]   Found: (unnamed)                       0E:E2:1C:A5:B7:56
2026-05-13 12:00:46,578 [INFO]   Found: (unnamed)                       52:58:94:D1:50:87
2026-05-13 12:00:46,578 [INFO]   Found: (unnamed)                       5A:56:1F:65:06:DE
2026-05-13 12:00:46,578 [INFO]   Found: (unnamed)                       70:25:7F:AC:12:E7
2026-05-13 12:00:46,578 [INFO]   Found: (unnamed)                       57:CA:78:E5:A4:AD
2026-05-13 12:00:46,578 [INFO]   Found: (unnamed)                       04:F8:C8:74:9A:38
2026-05-13 12:00:46,578 [INFO]   Found: (unnamed)                       50:FB:88:11:F6:A5
2026-05-13 12:00:46,578 [INFO]   Found: (unnamed)                       63:85:23:61:B0:87
2026-05-13 12:00:46,578 [INFO]   Found: (unnamed)                       70:81:F3:40:C0:02
2026-05-13 12:00:46,578 [INFO]   Found: (unnamed)                       62:E4:96:36:01:0B
2026-05-13 12:00:46,578 [INFO]   Found: (unnamed)                       63:1A:DE:8B:E4:61
2026-05-13 12:00:46,578 [INFO]   Found: (unnamed)                       3A:0B:9E:14:09:5B
2026-05-13 12:00:46,578 [INFO]   Found: (unnamed)                       74:92:05:8D:90:96
2026-05-13 12:00:46,578 [INFO]   Found: (unnamed)                       13:04:58:2F:71:35
2026-05-13 12:00:46,578 [INFO]   Found: (unnamed)                       71:A4:5D:DA:BF:11
2026-05-13 12:00:46,579 [INFO]   Found: (unnamed)                       25:30:9C:28:9D:25
2026-05-13 12:00:46,579 [INFO]   Found: (unnamed)                       1E:94:79:C1:0D:C0
2026-05-13 12:00:46,579 [INFO]   Found: (unnamed)                       4B:AA:C1:10:AA:B0
2026-05-13 12:00:46,579 [INFO]   Found: (unnamed)                       6D:60:C8:A0:53:48
2026-05-13 12:00:46,579 [INFO]   Found: (unnamed)                       19:16:1E:28:D6:31
2026-05-13 12:00:46,579 [INFO]   Found: (unnamed)                       65:5B:2C:F1:0C:9D
2026-05-13 12:00:46,579 [INFO]   Found: (unnamed)                       7E:26:80:D7:14:69
2026-05-13 12:00:46,579 [INFO]   Found: (unnamed)                       7B:3C:30:F3:20:31
2026-05-13 12:00:46,579 [INFO]   Found: (unnamed)                       58:E9:3B:EA:68:62
2026-05-13 12:00:46,579 [INFO]   Found: MARTINASUSROG                   42:99:90:98:37:A6
2026-05-13 12:00:46,579 [INFO]   Found: (unnamed)                       63:76:83:B6:63:4D
2026-05-13 12:00:46,579 [INFO]   Found: (unnamed)                       0D:E3:8C:C0:9A:29
2026-05-13 12:00:46,579 [INFO]   Found: (unnamed)                       56:21:78:B7:E2:31
2026-05-13 12:00:46,579 [INFO]   Found: (unnamed)                       CC:09:65:BC:09:AE
2026-05-13 12:00:46,579 [INFO]   Found: (unnamed)                       4B:38:3B:6B:B9:7B
2026-05-13 12:00:46,579 [INFO]   Found: (unnamed)                       5B:43:60:95:7A:FC
2026-05-13 12:00:46,579 [INFO]   Found: (unnamed)                       1F:07:C4:28:58:35
2026-05-13 12:00:46,579 [INFO]   Found: (unnamed)                       6A:C1:DF:7A:73:60
2026-05-13 12:00:46,579 [INFO]   Found: (unnamed)                       4A:9F:09:EE:0B:72
2026-05-13 12:00:46,580 [INFO]   Found: (unnamed)                       5C:8C:B3:4D:30:D4
2026-05-13 12:00:46,580 [INFO]   Found: (unnamed)                       7A:98:DD:F0:D2:A7
2026-05-13 12:00:46,580 [INFO]   Found: (unnamed)                       4E:B8:66:E0:D4:E6
2026-05-13 12:00:46,580 [INFO]   Found: (unnamed)                       46:52:E8:67:3C:36
2026-05-13 12:00:46,580 [INFO]   Found: BC2689310                       54:D6:0D:37:70:7D
2026-05-13 12:00:46,580 [INFO]   Found: (unnamed)                       ED:65:72:82:CB:B6
2026-05-13 12:00:46,580 [INFO]   Found: (unnamed)                       77:21:60:D0:C9:76
2026-05-13 12:00:46,580 [INFO]   Found: (unnamed)                       1C:22:E5:13:BC:7C
2026-05-13 12:00:46,580 [INFO]   Found: (unnamed)                       FA:6A:E4:9C:21:5E
2026-05-13 12:00:46,580 [INFO]   Found: (unnamed)                       4C:7A:5B:59:8D:DF
2026-05-13 12:00:46,580 [INFO]   Found: (unnamed)                       04:9F:92:02:97:86
2026-05-13 12:00:46,580 [INFO]   Found: (unnamed)                       3A:87:BB:C2:BD:FB
2026-05-13 12:00:46,580 [INFO]   Found: (unnamed)                       45:78:FA:F8:F1:76
2026-05-13 12:00:46,580 [INFO]   Found: (unnamed)                       5F:E3:2C:28:16:12
2026-05-13 12:00:46,580 [INFO]   Found: (unnamed)                       4B:9E:19:0D:38:E7
2026-05-13 12:00:46,580 [INFO]   Found: (unnamed)                       5D:2A:F3:72:AC:0E
2026-05-13 12:00:46,580 [INFO]   Found: (unnamed)                       56:C0:A1:54:73:0B
2026-05-13 12:00:46,580 [INFO]   Found: (unnamed)                       70:A0:3F:54:22:5A
2026-05-13 12:00:46,580 [INFO]   Found: (unnamed)                       6E:76:DC:3D:AB:F1
2026-05-13 12:00:46,580 [INFO]   Found: (unnamed)                       10:8C:20:F4:65:FE
2026-05-13 12:00:46,581 [INFO]   Found: (unnamed)                       54:D1:9A:92:F4:D1
2026-05-13 12:00:46,581 [INFO]   Found: (unnamed)                       46:01:14:5F:8B:C9
2026-05-13 12:00:46,581 [INFO]   Found: (unnamed)                       72:89:BD:9B:AD:00
2026-05-13 12:00:46,581 [INFO]   Found: (unnamed)                       1D:B5:17:7F:C4:65
2026-05-13 12:00:46,581 [INFO]   Found: (unnamed)                       39:35:AB:E6:24:2B
2026-05-13 12:00:46,581 [INFO]   Found: (unnamed)                       3E:4E:FB:8D:E3:07
2026-05-13 12:00:46,581 [INFO]   Found: CR-79583                        6A:D5:CD:2A:E9:F7
2026-05-13 12:00:46,581 [INFO]   Found: (unnamed)                       D1:A4:97:6F:E0:0D
2026-05-13 12:00:46,581 [INFO]   Found: (unnamed)                       FF:5B:F8:01:D3:B7
2026-05-13 12:00:46,581 [INFO]   Found: (unnamed)                       F9:C1:B5:64:C8:94
2026-05-13 12:00:46,581 [INFO]   Found: (unnamed)                       72:36:C8:18:EB:74
2026-05-13 12:00:46,581 [INFO]   Found: (unnamed)                       46:27:F4:21:03:19
2026-05-13 12:00:46,581 [INFO]   Found: (unnamed)                       4A:B3:AE:AF:21:65
2026-05-13 12:00:46,581 [INFO]   Found: (unnamed)                       50:A5:17:49:F3:0C
2026-05-13 12:00:46,581 [INFO]   Found: (unnamed)                       20:45:02:1E:CB:12
2026-05-13 12:00:46,581 [INFO]   Found: (unnamed)                       D5:D5:0C:D7:26:3C
2026-05-13 12:00:46,582 [INFO]   Found: (unnamed)                       D9:E6:5D:BF:73:64
2026-05-13 12:00:46,582 [INFO]   Found: (unnamed)                       53:E1:6D:A4:C6:A5
2026-05-13 12:00:46,582 [INFO]   Found: (unnamed)                       D8:4E:C8:C0:47:69
2026-05-13 12:00:46,582 [INFO]   Found: (unnamed)                       EA:80:86:A2:6A:0D
2026-05-13 12:00:46,582 [INFO]   Found: (unnamed)                       18:7A:22:78:D0:7A
2026-05-13 12:00:46,582 [INFO]   Found: (unnamed)                       69:85:DA:09:C3:D9
2026-05-13 12:00:46,582 [INFO]   Found: (unnamed)                       79:13:03:BF:18:4A
2026-05-13 12:00:46,582 [INFO]   Found: (unnamed)                       49:B9:C2:25:B9:45
2026-05-13 12:00:46,582 [INFO]   Found: (unnamed)                       7C:DC:57:FC:F6:B3
2026-05-13 12:00:46,582 [INFO]   Found: (unnamed)                       53:71:24:F5:F7:59
2026-05-13 12:00:46,582 [INFO]   Found: (unnamed)                       D6:90:96:53:8A:5C
2026-05-13 12:00:46,582 [INFO]   Found: (unnamed)                       41:D6:74:0E:A3:DF
2026-05-13 12:00:46,582 [INFO]   Found: (unnamed)                       54:31:9B:EC:7D:9F
2026-05-13 12:00:46,582 [INFO]   Found: (unnamed)                       6A:0B:82:F9:99:D9
2026-05-13 12:00:46,582 [INFO]   Found: (unnamed)                       78:37:21:89:D5:83
2026-05-13 12:00:46,582 [INFO]   Found: (unnamed)                       F9:29:E0:77:25:9A
2026-05-13 12:00:46,582 [INFO]   Found: (unnamed)                       49:74:B2:D6:B3:E7
2026-05-13 12:00:46,583 [INFO]   Found: (unnamed)                       24:2A:14:12:15:A3
2026-05-13 12:00:46,583 [INFO]   Found: (unnamed)                       E0:5B:DD:FC:CA:82
2026-05-13 12:00:46,583 [INFO]   Found: (unnamed)                       E1:D3:06:63:A2:D9
2026-05-13 12:00:46,583 [INFO]   Found: (unnamed)                       50:C2:02:88:A9:8E
2026-05-13 12:00:46,583 [INFO]   Found: (unnamed)                       5B:18:A1:18:D4:66
2026-05-13 12:00:46,583 [INFO]   Found: (unnamed)                       6D:1D:3B:43:B8:38
2026-05-13 12:00:46,583 [INFO]   Found: (unnamed)                       1E:D4:34:A0:6D:C2
2026-05-13 12:00:46,583 [INFO]   Found: (unnamed)                       C8:30:4E:B1:5C:6B
2026-05-13 12:00:46,583 [INFO]   Found: (unnamed)                       01:E1:3F:8B:14:55
2026-05-13 12:00:46,583 [INFO]   Found: (unnamed)                       50:9B:4D:06:6D:63
2026-05-13 12:00:46,583 [INFO]   Found: (unnamed)                       EC:16:84:9D:66:ED
2026-05-13 12:00:46,583 [INFO]   Found: (unnamed)                       7B:97:28:F6:A3:D2
2026-05-13 12:00:46,583 [INFO]   Found: (unnamed)                       61:8B:D4:68:E2:1F
2026-05-13 12:00:46,583 [INFO]   Found: (unnamed)                       5D:61:D7:2D:3E:49
2026-05-13 12:00:46,583 [INFO]   Found: (unnamed)                       48:4A:D0:3A:19:9D
2026-05-13 12:00:46,583 [INFO]   Found: (unnamed)                       56:E1:59:E2:CD:35
2026-05-13 12:00:46,583 [INFO]   Found: (unnamed)                       66:67:9C:2A:D3:34
2026-05-13 12:00:46,583 [INFO]   Found: (unnamed)                       53:45:75:9B:17:CB
2026-05-13 12:00:46,584 [INFO]   Found: (unnamed)                       5C:49:56:E0:A2:3C
2026-05-13 12:00:46,584 [INFO]   Found: (unnamed)                       53:6F:07:26:83:DB
2026-05-13 12:00:46,584 [INFO]   Found: (unnamed)                       33:5F:7F:FB:FD:CF
2026-05-13 12:00:46,584 [INFO]   Found: (unnamed)                       5B:9A:CF:8A:D4:3B
2026-05-13 12:00:46,584 [INFO]   Found: (unnamed)                       49:CE:4E:54:D0:87
2026-05-13 12:00:46,584 [INFO]   Found: (unnamed)                       6A:1B:3C:24:3B:C4
2026-05-13 12:00:46,584 [INFO]   Found: (unnamed)                       F8:53:84:BA:74:9E
2026-05-13 12:00:46,584 [INFO]   Found: (unnamed)                       26:0B:27:48:8E:CD
2026-05-13 12:00:46,584 [INFO]   Found: (unnamed)                       52:35:93:DC:67:A6
2026-05-13 12:00:46,584 [INFO]   Found: (unnamed)                       44:42:AE:A9:64:24
2026-05-13 12:00:46,584 [INFO]   Found: (unnamed)                       69:06:68:13:02:C1
2026-05-13 12:00:46,584 [INFO]   Found: (unnamed)                       40:B8:B7:3C:45:C1
2026-05-13 12:00:46,584 [INFO]   Found: (unnamed)                       74:F9:67:A3:AB:09
2026-05-13 12:00:46,584 [INFO]   Found: (unnamed)                       E7:83:89:0E:9F:F6
2026-05-13 12:00:46,584 [INFO]   Found: (unnamed)                       6C:97:70:87:99:1B
2026-05-13 12:00:46,584 [INFO]   Found: (unnamed)                       66:5A:78:F2:58:B2
2026-05-13 12:00:46,584 [INFO]   Found: (unnamed)                       60:96:79:22:F5:D7
2026-05-13 12:00:46,584 [INFO]   Found: (unnamed)                       C3:DD:5F:FB:D6:AF
2026-05-13 12:00:46,585 [INFO]   Found: (unnamed)                       44:51:FC:FF:CD:F6
2026-05-13 12:00:46,585 [INFO]   Found: (unnamed)                       38:98:C1:9F:D5:D9
2026-05-13 12:00:46,585 [INFO]   Found: (unnamed)                       6B:43:52:22:B8:70
2026-05-13 12:00:46,585 [INFO]   Found: (unnamed)                       E0:5F:00:17:C9:EA
2026-05-13 12:00:46,585 [INFO]   Found: (unnamed)                       42:E0:7C:4E:23:66
2026-05-13 12:00:46,585 [INFO]   Found: (unnamed)                       00:97:AD:9F:E3:C3
2026-05-13 12:00:46,585 [INFO]   Found: (unnamed)                       A4:C1:35:99:69:D6
2026-05-13 12:00:46,585 [INFO]   Found: BC2688993                       54:D6:0D:37:7F:5D
2026-05-13 12:00:46,585 [INFO]   Found: (unnamed)                       54:7D:79:A3:97:1E
2026-05-13 12:00:46,585 [INFO]   Found: (unnamed)                       5C:89:BD:A3:06:E3
2026-05-13 12:00:46,585 [INFO]   Found: (unnamed)                       48:45:8F:95:A0:4D
2026-05-13 12:00:46,585 [INFO]   Found: (unnamed)                       61:21:D7:50:58:35
2026-05-13 12:00:46,585 [INFO]   Found: (unnamed)                       FF:D3:FF:5A:B2:88
2026-05-13 12:00:46,585 [INFO]   Found: (unnamed)                       24:47:57:EF:6F:C5
2026-05-13 12:00:46,585 [INFO]   Found: (unnamed)                       6A:8F:B8:2A:F5:92
2026-05-13 12:00:46,585 [INFO]   Found: (unnamed)                       51:67:66:75:60:DB
2026-05-13 12:00:46,585 [INFO]   Found: (unnamed)                       C2:A9:65:FB:73:F4
2026-05-13 12:00:46,585 [INFO]   Found: (unnamed)                       55:7C:B0:16:94:3B
2026-05-13 12:00:46,585 [INFO]   Found: (unnamed)                       C5:26:E0:72:CF:BB
2026-05-13 12:00:46,586 [INFO]   Found: (unnamed)                       72:A3:A3:5E:13:CB
2026-05-13 12:00:46,586 [INFO]   Found: (unnamed)                       C4:22:4A:1A:6F:ED
2026-05-13 12:00:46,586 [INFO]   Found: (unnamed)                       5C:21:F4:A0:6E:60
2026-05-13 12:00:46,586 [INFO]   Found: (unnamed)                       FE:2D:58:41:1A:F0
2026-05-13 12:00:46,586 [INFO]   Found: (unnamed)                       7B:0B:47:2D:A1:84
2026-05-13 12:00:46,586 [INFO]   Found: (unnamed)                       61:31:B4:80:4A:F3
2026-05-13 12:00:46,586 [INFO]   Found: (unnamed)                       02:9F:71:0A:B2:99
2026-05-13 12:00:46,586 [INFO]   Found: (unnamed)                       78:9C:D1:42:12:D1
2026-05-13 12:00:46,586 [INFO]   Found: (unnamed)                       C6:AE:20:60:27:2A
2026-05-13 12:00:46,586 [INFO]   Found: (unnamed)                       4D:ED:CC:08:7F:31
2026-05-13 12:00:46,586 [INFO]   Found: (unnamed)                       27:A5:5F:F2:D8:BC
2026-05-13 12:00:46,586 [INFO]   Found: (unnamed)                       67:E6:33:A3:7D:14
2026-05-13 12:00:46,586 [INFO]   Found: (unnamed)                       54:DA:89:6E:16:71
2026-05-13 12:00:46,586 [INFO]   Found: (unnamed)                       50:94:0E:22:86:14
2026-05-13 12:00:46,586 [INFO]   Found: (unnamed)                       45:28:DC:0F:FF:12
2026-05-13 12:00:46,586 [INFO]   Found: (unnamed)                       55:9E:F9:A1:42:CA
2026-05-13 12:00:46,586 [INFO]   Found: (unnamed)                       ED:11:DC:9C:CD:61
2026-05-13 12:00:46,587 [INFO]   Found: (unnamed)                       E3:29:E2:C1:99:B1
2026-05-13 12:00:46,587 [INFO]   Found: (unnamed)                       7E:CA:F4:D6:E5:21
2026-05-13 12:00:46,587 [INFO]   Found: (unnamed)                       50:81:A7:89:AD:D8
2026-05-13 12:00:46,587 [INFO]   Found: (unnamed)                       24:CB:49:12:BE:04
2026-05-13 12:00:46,587 [INFO]   Found: (unnamed)                       0E:34:C0:FB:F7:74
2026-05-13 12:00:46,587 [INFO]   Found: (unnamed)                       47:82:3C:10:D6:73
2026-05-13 12:00:46,587 [INFO]   Found: (unnamed)                       5C:24:E3:04:49:8D
2026-05-13 12:00:46,587 [INFO]   Found: (unnamed)                       6A:F7:19:24:B7:5F
2026-05-13 12:00:46,587 [INFO]   Found: (unnamed)                       75:AF:56:AC:82:4B
2026-05-13 12:00:46,587 [INFO]   Found: (unnamed)                       48:82:A6:1A:15:E1
2026-05-13 12:00:46,587 [INFO]   Found: (unnamed)                       E6:EE:E3:50:E5:A3
2026-05-13 12:00:46,587 [INFO]   Found: (unnamed)                       57:58:3F:DA:8A:CE
2026-05-13 12:00:46,587 [INFO]   Found: (unnamed)                       D5:4F:5A:88:CA:66
2026-05-13 12:00:46,587 [INFO]   Found: (unnamed)                       FC:C3:CF:52:F5:FB
2026-05-13 12:00:46,587 [INFO]   Found: (unnamed)                       3E:9A:F1:46:1A:DD
2026-05-13 12:00:46,587 [INFO]   Found: (unnamed)                       C8:37:2E:49:D5:1B
2026-05-13 12:00:46,587 [INFO]   Found: (unnamed)                       63:3A:70:31:3C:46
2026-05-13 12:00:46,588 [INFO]   Found: (unnamed)                       61:8F:0E:74:BA:B2
2026-05-13 12:00:46,588 [INFO]   Found: (unnamed)                       7D:2B:9A:E9:7E:90
2026-05-13 12:00:46,588 [INFO]   Found: (unnamed)                       D7:99:C3:12:3B:98
2026-05-13 12:00:46,588 [INFO]   Found: (unnamed)                       4F:F4:4A:5A:A6:B9
2026-05-13 12:00:46,588 [INFO]   Found: (unnamed)                       4C:91:3E:3B:6E:02
2026-05-13 12:00:46,588 [INFO]   Found: (unnamed)                       79:34:9E:87:DE:B6
2026-05-13 12:00:46,588 [INFO]   Found: (unnamed)                       6B:33:A8:76:A6:14
2026-05-13 12:00:46,588 [INFO]   Found: (unnamed)                       49:CF:E3:D0:B1:8A
2026-05-13 12:00:46,588 [INFO]   Found: (unnamed)                       53:FE:81:AF:4F:BD
2026-05-13 12:00:46,588 [INFO]   Found: (unnamed)                       79:2E:1F:A2:5C:DF
2026-05-13 12:00:46,588 [INFO]   Found: (unnamed)                       59:34:E6:F0:9D:33
2026-05-13 12:00:46,588 [INFO]   Found: (unnamed)                       58:1C:11:57:CB:21
2026-05-13 12:00:46,588 [INFO]   Found: (unnamed)                       E4:6C:EA:A6:73:38
2026-05-13 12:00:46,588 [INFO]   Found: CR-79647                        71:D0:17:40:EF:52
2026-05-13 12:00:46,588 [INFO]   Found: (unnamed)                       4F:03:AF:31:04:ED
2026-05-13 12:00:46,588 [INFO]   Found: (unnamed)                       72:5A:94:03:68:10
2026-05-13 12:00:46,588 [INFO]   Found: LE_WH-XB900N                    94:DB:56:5B:94:73
2026-05-13 12:00:46,588 [INFO]   Found: (unnamed)                       24:76:AF:C3:29:55
2026-05-13 12:00:46,588 [INFO]   Found: JBL WAVE FLEX-LE                C0:2E:29:20:43:82
2026-05-13 12:00:46,589 [INFO]   Found: (unnamed)                       52:36:39:05:67:C0
2026-05-13 12:00:46,589 [INFO]   Found: (unnamed)                       76:34:30:86:43:F8
2026-05-13 12:00:46,589 [INFO]   Found: (unnamed)                       F0:AF:5F:BC:2B:39
2026-05-13 12:00:46,589 [INFO]   Found: (unnamed)                       40:B8:8B:0C:7B:CE
2026-05-13 12:00:46,589 [INFO]   Found: (unnamed)                       C1:65:9B:BB:9E:5C
2026-05-13 12:00:46,589 [INFO]   Found: (unnamed)                       DF:0E:70:E3:1F:44
2026-05-13 12:00:46,589 [INFO]   Found: (unnamed)                       28:E6:A9:1E:AA:A7
2026-05-13 12:00:46,589 [INFO]   Found: (unnamed)                       D7:1A:A6:D2:7A:DC
2026-05-13 12:00:46,589 [INFO]   Found: (unnamed)                       60:32:F0:5B:17:0B
2026-05-13 12:00:46,589 [INFO]   Found: (unnamed)                       58:73:63:8C:87:18
2026-05-13 12:00:46,589 [INFO]   Found: (unnamed)                       0C:7E:24:3C:A7:C9
2026-05-13 12:00:46,589 [INFO]   Found: (unnamed)                       64:96:AB:B1:E3:12
2026-05-13 12:00:46,589 [INFO]   Found: J2501 AF55                      E0:82:91:3C:AF:55
2026-05-13 12:00:46,589 [INFO]     ↳ candidate: name matches Wristband 2501 markers
2026-05-13 12:00:46,589 [INFO]   Found: (unnamed)                       CB:D7:BB:A0:F8:D5
2026-05-13 12:00:46,589 [INFO]   Found: (unnamed)                       35:C3:F8:8A:35:76
2026-05-13 12:00:46,589 [INFO]   Found: (unnamed)                       67:30:20:9D:77:F0
2026-05-13 12:00:46,589 [INFO]   Found: BC2688871                       54:D6:0D:37:5D:E9
2026-05-13 12:00:46,590 [INFO]   Found: (unnamed)                       3D:DC:14:C1:D5:C3
2026-05-13 12:00:46,590 [INFO]   Found: (unnamed)                       62:DB:20:5C:6E:16
2026-05-13 12:00:46,590 [INFO]   Found: J2501 9FD0                      CE:68:27:E4:9F:D0
2026-05-13 12:00:46,590 [INFO]     ↳ candidate: advertises 0000fff0-0000-1000-8000-00805f9b34fb
2026-05-13 12:00:46,590 [INFO]   Found: (unnamed)                       D9:A0:CD:AA:EA:32
2026-05-13 12:00:46,590 [INFO]   Found: (unnamed)                       4E:44:45:CC:52:B2
2026-05-13 12:00:46,590 [INFO]   Found: (unnamed)                       61:B0:21:04:8C:DB
2026-05-13 12:00:46,590 [INFO]   Found: (unnamed)                       6A:F2:F7:0B:C9:ED
2026-05-13 12:00:46,590 [INFO]   Found: (unnamed)                       4C:D7:F4:C9:08:EF
2026-05-13 12:00:46,590 [INFO]   Found: (unnamed)                       40:7E:0C:FF:08:07
2026-05-13 12:00:46,590 [INFO]   Found: (unnamed)                       33:F6:5C:50:54:56
2026-05-13 12:00:46,590 [INFO]   Found: (unnamed)                       37:2A:25:63:FE:3F
2026-05-13 12:00:46,590 [INFO]   Found: (unnamed)                       40:30:05:AC:48:DA
2026-05-13 12:00:46,590 [INFO]   Found: (unnamed)                       D0:57:22:D4:BD:2B
2026-05-13 12:00:46,590 [INFO]   Found: (unnamed)                       FC:EA:19:F1:1C:10
2026-05-13 12:00:46,590 [INFO]   Found: (unnamed)                       DE:DB:A4:7D:75:02
2026-05-13 12:00:46,590 [INFO]   Found: (unnamed)                       48:7E:7E:08:A1:D1
2026-05-13 12:00:46,590 [INFO]   Found: (unnamed)                       E8:09:81:AD:A4:F4
2026-05-13 12:00:46,591 [INFO]   Found: (unnamed)                       73:78:66:84:6B:D8
2026-05-13 12:00:46,591 [INFO]   Found: (unnamed)                       77:7B:80:BF:E9:2C
2026-05-13 12:00:46,591 [INFO]   Found: (unnamed)                       51:CF:F0:7C:CD:12
2026-05-13 12:00:46,591 [INFO]   Found: (unnamed)                       72:26:29:0E:37:3F
2026-05-13 12:00:46,591 [INFO]   Found: (unnamed)                       54:47:26:ED:EB:9B
2026-05-13 12:00:46,591 [INFO]   Found: MetaWear                        D5:CD:1E:CE:61:C6
2026-05-13 12:00:46,591 [INFO]   Found: (unnamed)                       62:E4:95:AB:D6:6B
2026-05-13 12:00:46,591 [INFO]   Found: (unnamed)                       74:35:A7:49:24:36
2026-05-13 12:00:46,591 [INFO]   Found: (unnamed)                       4D:1E:72:E7:17:1A
2026-05-13 12:00:46,591 [INFO]   Found: (unnamed)                       5C:EF:A8:0F:41:15
2026-05-13 12:00:46,591 [INFO]   Found: (unnamed)                       52:6D:62:25:49:28
2026-05-13 12:00:46,591 [INFO]   Found: (unnamed)                       47:C3:F0:43:45:EE
2026-05-13 12:00:46,591 [INFO]   Found: (unnamed)                       48:4E:9B:39:8A:32
2026-05-13 12:00:46,591 [INFO]   Found: Galaxy Fit3 (70C8)              74:19:0A:14:70:C8
2026-05-13 12:00:46,591 [INFO]   Found: (unnamed)                       C4:59:8D:95:94:81
2026-05-13 12:00:46,591 [INFO]   Found: HAVIT SPACE S1                  50:DA:4C:D9:DA:C7
2026-05-13 12:00:46,591 [INFO]   Found: (unnamed)                       4B:22:E2:5D:18:D9
2026-05-13 12:00:46,591 [INFO]   Found: (unnamed)                       43:6F:EB:00:91:56
2026-05-13 12:00:46,592 [INFO]   Found: (unnamed)                       E7:E0:07:FE:8F:3C
2026-05-13 12:00:46,592 [INFO]   Found: (unnamed)                       56:57:2A:49:D6:5F
2026-05-13 12:00:46,592 [INFO]   Found: (unnamed)                       54:67:81:7F:79:BD
2026-05-13 12:00:46,592 [INFO]   Found: (unnamed)                       6A:EA:38:98:43:48
2026-05-13 12:00:46,592 [INFO]   Found: (unnamed)                       6C:2F:1B:23:FA:8D
2026-05-13 12:00:46,592 [INFO]   Found: (unnamed)                       63:90:6C:CF:FE:3C
2026-05-13 12:00:46,592 [INFO]   Found: (unnamed)                       F7:E6:56:00:83:DB
2026-05-13 12:00:46,592 [INFO]   Found: (unnamed)                       FB:BB:8F:E2:14:62
2026-05-13 12:00:46,592 [INFO]   Found: (unnamed)                       DA:3C:7A:3B:5B:5F
2026-05-13 12:00:46,592 [INFO]   Found: (unnamed)                       51:E7:42:EA:FA:E9
2026-05-13 12:00:46,592 [INFO]   Found: (unnamed)                       6C:9F:BE:9C:04:4B
2026-05-13 12:00:46,592 [INFO]   Found: (unnamed)                       E8:0A:37:61:E7:5F
2026-05-13 12:00:46,592 [INFO]   Found: (unnamed)                       3C:01:56:63:6B:39
2026-05-13 12:00:46,592 [INFO]   Found: (unnamed)                       65:B0:A3:B9:63:02
2026-05-13 12:00:46,592 [INFO]   Found: (unnamed)                       46:45:7F:40:FC:9C
2026-05-13 12:00:46,592 [INFO]   Found: (unnamed)                       74:26:8A:BB:F9:72
2026-05-13 12:00:46,592 [INFO]   Found: (unnamed)                       7B:68:BC:A2:48:D4
2026-05-13 12:00:46,593 [INFO]   Found: (unnamed)                       5E:A5:97:61:83:DC
2026-05-13 12:00:46,593 [INFO]   Found: (unnamed)                       66:D5:75:7F:84:CC
2026-05-13 12:00:46,593 [INFO]   Found: (unnamed)                       18:B9:FC:23:81:A9
2026-05-13 12:00:46,593 [INFO]   Found: (unnamed)                       62:07:E2:8B:32:D1
2026-05-13 12:00:46,593 [INFO]   Found: (unnamed)                       72:57:E7:7D:A1:40
2026-05-13 12:00:46,593 [INFO]   Found: (unnamed)                       DD:5E:20:6C:3F:F9
2026-05-13 12:00:46,593 [INFO]   Found: (unnamed)                       1E:87:18:0F:A6:80
2026-05-13 12:00:46,593 [INFO]   Found: (unnamed)                       ED:E3:48:3A:12:4A
2026-05-13 12:00:46,593 [INFO]   Found: (unnamed)                       E9:1B:25:2E:25:36
2026-05-13 12:00:46,593 [INFO]   Found: (unnamed)                       72:1A:D8:76:CF:2F
2026-05-13 12:00:46,593 [INFO]   Found: (unnamed)                       10:AC:5D:3D:E5:93
2026-05-13 12:00:46,593 [INFO]   Found: (unnamed)                       53:AD:A5:63:02:C7
2026-05-13 12:00:46,593 [INFO]   Found: (unnamed)                       7B:22:28:82:23:62
2026-05-13 12:00:46,593 [INFO]   Found: (unnamed)                       C2:17:B1:5F:CC:0A
2026-05-13 12:00:46,593 [INFO]   Found: (unnamed)                       F8:40:16:5E:1F:66
2026-05-13 12:00:46,593 [INFO]   Found: (unnamed)                       0D:1B:96:A3:3F:BE
2026-05-13 12:00:46,593 [INFO]   Found: (unnamed)                       DE:08:9D:27:EA:BB
2026-05-13 12:00:46,593 [INFO]   Found: (unnamed)                       5F:1E:1B:F2:8F:57
2026-05-13 12:00:46,594 [INFO]   Found: (unnamed)                       F7:D5:2B:F3:74:7A
2026-05-13 12:00:46,594 [INFO]   Found: (unnamed)                       6A:E8:CC:DE:04:B3
2026-05-13 12:00:46,594 [INFO]   Found: (unnamed)                       72:71:3E:D4:A8:9D
2026-05-13 12:00:46,594 [INFO]   Found: (unnamed)                       F4:F1:2C:01:20:63
2026-05-13 12:00:46,594 [INFO]   Found: (unnamed)                       C0:F8:53:24:E6:A2
2026-05-13 12:00:46,594 [INFO]   Found: (unnamed)                       C3:6F:7E:D5:51:FC
2026-05-13 12:00:46,594 [INFO]   Found: (unnamed)                       66:9A:B7:98:1B:E0
2026-05-13 12:00:46,594 [INFO]   Found: (unnamed)                       F5:C3:46:AD:95:BE
2026-05-13 12:00:46,594 [INFO]   Found: (unnamed)                       7C:A5:8D:AD:0F:78
2026-05-13 12:00:46,594 [INFO]   Found: (unnamed)                       4C:23:EF:1E:75:CE
2026-05-13 12:00:46,594 [INFO]   Found: (unnamed)                       C0:9D:EF:D5:40:B0
2026-05-13 12:00:46,594 [INFO]   Found: (unnamed)                       6E:F5:5D:D3:E2:54
2026-05-13 12:00:46,594 [INFO]   Found: (unnamed)                       59:11:E4:08:DF:7B
2026-05-13 12:00:46,594 [INFO]   Found: (unnamed)                       50:2C:EE:C9:A9:54
2026-05-13 12:00:46,594 [INFO]   Found: (unnamed)                       6F:3E:AD:26:B5:90
2026-05-13 12:00:46,594 [INFO]   Found: (unnamed)                       57:E4:DE:52:69:E6
2026-05-13 12:00:46,594 [INFO]   Found: (unnamed)                       D5:EB:A9:3F:9B:14
2026-05-13 12:00:46,595 [INFO]   Found: (unnamed)                       CD:B1:C0:96:CB:D0
2026-05-13 12:00:46,595 [INFO]   Found: (unnamed)                       EC:F1:BB:3A:2F:BB
2026-05-13 12:00:46,595 [INFO]   Found: (unnamed)                       76:0D:AF:17:D7:CE
2026-05-13 12:00:46,595 [INFO]   Found: (unnamed)                       FD:C5:F2:16:8E:7B
2026-05-13 12:00:46,595 [INFO]   Found: (unnamed)                       C9:C6:83:D9:DA:BC
2026-05-13 12:00:46,595 [INFO]   Found: (unnamed)                       E9:53:1D:9F:1A:23
2026-05-13 12:00:46,595 [INFO]   Found: (unnamed)                       7D:D2:A2:B4:1F:4C
2026-05-13 12:00:46,595 [INFO]   Found: (unnamed)                       04:57:A3:C1:79:A9
2026-05-13 12:00:46,595 [INFO]   Found: (unnamed)                       68:D2:BC:D6:CD:6F
2026-05-13 12:00:46,595 [INFO]   Found: (unnamed)                       DA:B6:3A:6C:4D:D0
2026-05-13 12:00:46,595 [INFO]   Found: (unnamed)                       60:1C:3C:E7:DD:BF
2026-05-13 12:00:46,595 [INFO]   Found: (unnamed)                       43:C8:B7:8A:83:48
2026-05-13 12:00:46,595 [INFO]   Found: (unnamed)                       5E:92:E1:CC:FC:C0
2026-05-13 12:00:46,595 [INFO]   Found: (unnamed)                       EB:66:CB:3E:DE:19
2026-05-13 12:00:46,595 [INFO]   Found: (unnamed)                       CD:C3:8F:9F:97:DD
2026-05-13 12:00:46,595 [INFO]   Found: (unnamed)                       5D:02:34:1C:EF:DA
2026-05-13 12:00:46,595 [INFO] ✨ 2 candidate(s) found
2026-05-13 12:00:49,866 [INFO] Connecting to CE:68:27:E4:9F:D0...
2026-05-13 12:00:56,570 [INFO] Connected ✓  (notifications enabled)
2026-05-13 12:01:03,185 [INFO] ▶ Real-time HR started (60s)...
2026-05-13 13:24:08,493 [INFO] Connecting to 74:19:0A:14:70:C8...
2026-05-13 13:24:24,722 [INFO] 🔍 Scanning for BLE devices (10.0s)...
2026-05-13 13:24:34,937 [INFO]   Found: (unnamed)                       79:E9:C1:91:D3:F4
2026-05-13 13:24:34,937 [INFO]   Found: (unnamed)                       60:4C:2A:78:B7:68
2026-05-13 13:24:34,937 [INFO]   Found: (unnamed)                       17:7C:D3:19:43:A1
2026-05-13 13:24:34,937 [INFO]   Found: (unnamed)                       24:2D:01:2C:E8:2F
2026-05-13 13:24:34,937 [INFO]   Found: (unnamed)                       76:39:6D:80:2E:BD
2026-05-13 13:24:34,937 [INFO]   Found: (unnamed)                       38:9A:8D:E9:39:82
2026-05-13 13:24:34,937 [INFO]   Found: (unnamed)                       60:20:85:FD:AA:D8
2026-05-13 13:24:34,937 [INFO]   Found: (unnamed)                       17:FA:45:00:CD:D7
2026-05-13 13:24:34,938 [INFO]   Found: (unnamed)                       0B:97:18:64:01:84
2026-05-13 13:24:34,938 [INFO]   Found: (unnamed)                       74:1D:DE:CF:24:B5
2026-05-13 13:24:34,938 [INFO]   Found: (unnamed)                       3F:20:85:7E:71:63
2026-05-13 13:24:34,938 [INFO]   Found: (unnamed)                       50:CF:87:B8:4A:B0
2026-05-13 13:24:34,938 [INFO]   Found: (unnamed)                       5A:7D:47:97:37:12
2026-05-13 13:24:34,938 [INFO]   Found: (unnamed)                       7B:2A:8D:C8:21:BA
2026-05-13 13:24:34,938 [INFO]   Found: (unnamed)                       50:60:D4:07:2B:DF
2026-05-13 13:24:34,938 [INFO]   Found: (unnamed)                       1C:DB:65:3B:20:8B
2026-05-13 13:24:34,938 [INFO]   Found: (unnamed)                       42:47:F4:0C:24:C3
2026-05-13 13:24:34,938 [INFO]   Found: (unnamed)                       C0:92:29:51:15:B6
2026-05-13 13:24:34,938 [INFO]   Found: (unnamed)                       57:AF:3E:F8:45:AF
2026-05-13 13:24:34,938 [INFO]   Found: (unnamed)                       F4:2E:E7:38:04:D7
2026-05-13 13:24:34,938 [INFO]   Found: (unnamed)                       3D:02:82:CE:2B:E2
2026-05-13 13:24:34,938 [INFO]   Found: (unnamed)                       77:13:01:CD:24:7F
2026-05-13 13:24:34,938 [INFO]   Found: (unnamed)                       6D:4A:AA:90:FC:B0
2026-05-13 13:24:34,938 [INFO]   Found: (unnamed)                       68:31:BB:37:1A:E5
2026-05-13 13:24:34,938 [INFO]   Found: (unnamed)                       1E:D4:7E:BA:85:B4
2026-05-13 13:24:34,938 [INFO]   Found: (unnamed)                       3A:2D:BA:0F:12:3C
2026-05-13 13:24:34,938 [INFO]   Found: (unnamed)                       48:79:5A:43:6C:CA
2026-05-13 13:24:34,939 [INFO]   Found: (unnamed)                       42:20:6E:69:1B:89
2026-05-13 13:24:34,939 [INFO]   Found: (unnamed)                       7C:DB:76:3B:7D:D5
2026-05-13 13:24:34,939 [INFO]   Found: (unnamed)                       7C:22:C6:A0:65:03
2026-05-13 13:24:34,939 [INFO]   Found: (unnamed)                       61:09:2E:0C:1D:78
2026-05-13 13:24:34,939 [INFO]   Found: (unnamed)                       5C:41:1A:F1:4A:4B
2026-05-13 13:24:34,939 [INFO]   Found: (unnamed)                       57:EE:73:BE:68:3A
2026-05-13 13:24:34,939 [INFO]   Found: (unnamed)                       7B:3E:0B:69:F8:73
2026-05-13 13:24:34,939 [INFO]   Found: (unnamed)                       4B:9E:F1:70:67:00
2026-05-13 13:24:34,939 [INFO]   Found: (unnamed)                       0E:EE:F3:0E:C6:52
2026-05-13 13:24:34,939 [INFO]   Found: (unnamed)                       07:B6:62:5C:C5:6C
2026-05-13 13:24:34,939 [INFO]   Found: (unnamed)                       62:37:84:45:A9:02
2026-05-13 13:24:34,939 [INFO]   Found: (unnamed)                       65:58:C9:04:09:9E
2026-05-13 13:24:34,939 [INFO]   Found: GN                              7C:A1:5D:A3:52:57
2026-05-13 13:24:34,939 [INFO]   Found: (unnamed)                       3B:34:C1:82:FE:39
2026-05-13 13:24:34,939 [INFO]   Found: (unnamed)                       4A:EE:4F:C9:05:F4
2026-05-13 13:24:34,939 [INFO]   Found: (unnamed)                       4E:C5:FC:76:6E:16
2026-05-13 13:24:34,939 [INFO]   Found: (unnamed)                       5A:32:A5:BD:6E:5D
2026-05-13 13:24:34,939 [INFO]   Found: (unnamed)                       6E:75:E7:6A:1A:5F
2026-05-13 13:24:34,939 [INFO]   Found: (unnamed)                       4D:94:12:29:4A:33
2026-05-13 13:24:34,939 [INFO]   Found: (unnamed)                       F7:B0:55:D9:40:C6
2026-05-13 13:24:34,940 [INFO]   Found: (unnamed)                       53:F7:5A:FC:99:BE
2026-05-13 13:24:34,940 [INFO]   Found: (unnamed)                       26:26:13:B2:CE:79
2026-05-13 13:24:34,940 [INFO]   Found: (unnamed)                       0C:A5:3E:C4:B7:FA
2026-05-13 13:24:34,940 [INFO]   Found: (unnamed)                       11:68:DD:7E:9E:36
2026-05-13 13:24:34,940 [INFO]   Found: (unnamed)                       4D:CA:7B:5A:1C:E7
2026-05-13 13:24:34,940 [INFO]   Found: (unnamed)                       4E:43:5E:2D:01:31
2026-05-13 13:24:34,940 [INFO]   Found: (unnamed)                       E2:12:60:F6:BB:9A
2026-05-13 13:24:34,940 [INFO]   Found: (unnamed)                       5C:20:AE:F2:19:1A
2026-05-13 13:24:34,940 [INFO]   Found: (unnamed)                       5A:71:B2:FB:69:32
2026-05-13 13:24:34,940 [INFO]   Found: (unnamed)                       6B:40:86:9A:A4:4D
2026-05-13 13:24:34,940 [INFO]   Found: (unnamed)                       7B:70:F2:00:BD:02
2026-05-13 13:24:34,940 [INFO]   Found: (unnamed)                       6D:B1:B2:1F:A4:CE
2026-05-13 13:24:34,940 [INFO]   Found: FT_RF_01                        C0:49:EF:FC:F5:AA
2026-05-13 13:24:34,940 [INFO]   Found: (unnamed)                       7B:21:62:B8:DE:97
2026-05-13 13:24:34,940 [INFO]   Found: (unnamed)                       69:9E:B1:0B:BD:33
2026-05-13 13:24:34,940 [INFO]   Found: (unnamed)                       61:EC:3D:07:45:6F
2026-05-13 13:24:34,940 [INFO]   Found: (unnamed)                       F0:5A:0D:29:11:A5
2026-05-13 13:24:34,940 [INFO]   Found: (unnamed)                       D8:D8:18:D8:3F:61
2026-05-13 13:24:34,940 [INFO]   Found: (unnamed)                       58:2B:D5:60:FA:C0
2026-05-13 13:24:34,940 [INFO]   Found: (unnamed)                       78:BF:25:30:AC:0F
2026-05-13 13:24:34,940 [INFO]   Found: (unnamed)                       42:E3:41:41:EB:3F
2026-05-13 13:24:34,940 [INFO]   Found: (unnamed)                       36:F1:84:F3:83:51
2026-05-13 13:24:34,940 [INFO]   Found: (unnamed)                       47:37:0B:54:1B:F8
2026-05-13 13:24:34,940 [INFO]   Found: (unnamed)                       6D:AC:55:62:25:E3
2026-05-13 13:24:34,940 [INFO]   Found: (unnamed)                       5A:08:02:9A:D1:CA
2026-05-13 13:24:34,940 [INFO]   Found: BC2688993                       54:D6:0D:37:7F:5D
2026-05-13 13:24:34,940 [INFO]   Found: (unnamed)                       5D:78:AC:60:44:51
2026-05-13 13:24:34,940 [INFO]   Found: BC2689107                       54:D6:0D:37:44:45
2026-05-13 13:24:34,941 [INFO]   Found: DAVIDSALOMON                    4D:8A:06:41:C7:63
2026-05-13 13:24:34,941 [INFO]   Found: (unnamed)                       CC:97:FB:58:58:1E
2026-05-13 13:24:34,941 [INFO]   Found: (unnamed)                       4A:4C:49:E4:C1:E9
2026-05-13 13:24:34,941 [INFO]   Found: (unnamed)                       5F:CB:9C:F0:80:C5
2026-05-13 13:24:34,941 [INFO]   Found: (unnamed)                       5A:D9:B6:26:90:E3
2026-05-13 13:24:34,941 [INFO]   Found: (unnamed)                       CE:10:42:57:37:61
2026-05-13 13:24:34,941 [INFO]   Found: (unnamed)                       F7:DD:35:99:AA:91
2026-05-13 13:24:34,941 [INFO]   Found: (unnamed)                       67:6F:65:B8:FB:00
2026-05-13 13:24:34,941 [INFO]   Found: (unnamed)                       35:30:87:ED:3F:E4
2026-05-13 13:24:34,941 [INFO]   Found: (unnamed)                       0C:93:B2:8F:4D:6D
2026-05-13 13:24:34,941 [INFO]   Found: (unnamed)                       7A:65:5B:98:E6:73
2026-05-13 13:24:34,941 [INFO]   Found: (unnamed)                       6D:29:AD:06:8C:0F
2026-05-13 13:24:34,941 [INFO]   Found: (unnamed)                       1C:DD:52:68:D0:98
2026-05-13 13:24:34,941 [INFO]   Found: (unnamed)                       63:2F:AC:B0:63:69
2026-05-13 13:24:34,941 [INFO]   Found: (unnamed)                       69:81:4C:B4:30:75
2026-05-13 13:24:34,941 [INFO]   Found: (unnamed)                       66:1F:E6:2E:5C:97
2026-05-13 13:24:34,941 [INFO]   Found: (unnamed)                       74:4A:F9:4F:35:78
2026-05-13 13:24:34,941 [INFO]   Found: (unnamed)                       7A:DE:FA:D3:8A:B1
2026-05-13 13:24:34,941 [INFO]   Found: (unnamed)                       61:59:7B:41:6B:42
2026-05-13 13:24:34,941 [INFO]   Found: (unnamed)                       7E:0A:52:DC:08:2B
2026-05-13 13:24:34,941 [INFO]   Found: (unnamed)                       0E:EC:A6:EC:BA:30
2026-05-13 13:24:34,941 [INFO]   Found: (unnamed)                       D8:49:8A:43:BE:62
2026-05-13 13:24:34,941 [INFO]   Found: (unnamed)                       FB:9E:84:5A:52:C9
2026-05-13 13:24:34,941 [INFO]   Found: (unnamed)                       4E:C0:6A:EF:2B:B6
2026-05-13 13:24:34,941 [INFO]   Found: (unnamed)                       6B:0A:91:34:5F:81
2026-05-13 13:24:34,941 [INFO]   Found: (unnamed)                       69:61:3D:CF:0E:91
2026-05-13 13:24:34,941 [INFO]   Found: (unnamed)                       40:B2:22:EB:84:89
2026-05-13 13:24:34,941 [INFO]   Found: (unnamed)                       F2:68:1C:CC:B3:80
2026-05-13 13:24:34,941 [INFO]   Found: (unnamed)                       62:91:71:FC:34:93
2026-05-13 13:24:34,942 [INFO]   Found: (unnamed)                       01:91:2D:69:C0:F3
2026-05-13 13:24:34,942 [INFO]   Found: (unnamed)                       62:2C:4E:28:A5:55
2026-05-13 13:24:34,942 [INFO]   Found: (unnamed)                       24:31:D7:60:CA:3D
2026-05-13 13:24:34,942 [INFO]   Found: JBL VIBE BEAM-LE                4E:BF:3E:4B:5A:2B
2026-05-13 13:24:34,942 [INFO]   Found: (unnamed)                       16:34:C2:8D:58:11
2026-05-13 13:24:34,942 [INFO]   Found: (unnamed)                       53:BC:52:AC:25:32
2026-05-13 13:24:34,942 [INFO]   Found: (unnamed)                       6E:D6:47:5B:C3:E8
2026-05-13 13:24:34,942 [INFO]   Found: (unnamed)                       78:C9:DB:59:58:0A
2026-05-13 13:24:34,942 [INFO]   Found: (unnamed)                       2D:CC:5F:FC:91:29
2026-05-13 13:24:34,942 [INFO]   Found: (unnamed)                       D0:ED:FC:16:C4:CB
2026-05-13 13:24:34,942 [INFO]   Found: (unnamed)                       46:21:44:69:F8:B2
2026-05-13 13:24:34,942 [INFO]   Found: (unnamed)                       0A:63:50:42:97:7D
2026-05-13 13:24:34,942 [INFO]   Found: (unnamed)                       5F:30:21:10:3E:02
2026-05-13 13:24:34,942 [INFO]   Found: (unnamed)                       0D:A6:46:EF:DE:BA
2026-05-13 13:24:34,942 [INFO]   Found: (unnamed)                       53:5A:D0:AE:12:75
2026-05-13 13:24:34,942 [INFO]   Found: (unnamed)                       46:31:62:6E:89:03
2026-05-13 13:24:34,942 [INFO]   Found: (unnamed)                       E7:35:81:DF:56:23
2026-05-13 13:24:34,942 [INFO]   Found: (unnamed)                       7F:D2:6B:41:FC:79
2026-05-13 13:24:34,942 [INFO]   Found: (unnamed)                       2A:08:E9:9F:47:94
2026-05-13 13:24:34,942 [INFO]   Found: (unnamed)                       60:C6:ED:E7:CA:76
2026-05-13 13:24:34,943 [INFO]   Found: JBL Tune720BT                   C0:9A:56:42:1E:AA
2026-05-13 13:24:34,943 [INFO]   Found: (unnamed)                       50:2C:D1:CF:EF:C2
2026-05-13 13:24:34,943 [INFO]   Found: (unnamed)                       01:BB:43:87:CE:29
2026-05-13 13:24:34,943 [INFO]   Found: N-6EC6                          C4:64:E3:94:6E:C6
2026-05-13 13:24:34,943 [INFO]   Found: (unnamed)                       CA:21:0D:A9:4D:7E
2026-05-13 13:24:34,943 [INFO]   Found: (unnamed)                       1F:23:AD:FD:96:D4
2026-05-13 13:24:34,943 [INFO]   Found: (unnamed)                       5C:08:C5:70:36:48
2026-05-13 13:24:34,943 [INFO]   Found: (unnamed)                       72:89:2D:DF:78:3B
2026-05-13 13:24:34,943 [INFO]   Found: (unnamed)                       4E:46:8D:A0:0B:67
2026-05-13 13:24:34,943 [INFO]   Found: (unnamed)                       3E:88:A8:E6:2B:15
2026-05-13 13:24:34,943 [INFO]   Found: (unnamed)                       66:1F:7B:20:E7:67
2026-05-13 13:24:34,943 [INFO]   Found: (unnamed)                       59:73:A0:5F:03:74
2026-05-13 13:24:34,943 [INFO]   Found: (unnamed)                       73:F1:92:1F:C7:AA
2026-05-13 13:24:34,943 [INFO]   Found: (unnamed)                       6D:D4:21:C1:28:5E
2026-05-13 13:24:34,943 [INFO]   Found: (unnamed)                       72:8E:FE:95:45:74
2026-05-13 13:24:34,943 [INFO]   Found: (unnamed)                       4F:15:99:69:9E:04
2026-05-13 13:24:34,943 [INFO]   Found: (unnamed)                       75:3A:32:5F:B1:3B
2026-05-13 13:24:34,943 [INFO]   Found: (unnamed)                       48:8B:E1:47:02:88
2026-05-13 13:24:34,944 [INFO]   Found: (unnamed)                       5B:E9:D4:FE:29:BD
2026-05-13 13:24:34,944 [INFO]   Found: (unnamed)                       6C:C5:12:2A:0E:40
2026-05-13 13:24:34,944 [INFO]   Found: (unnamed)                       CE:96:37:4F:9B:8A
2026-05-13 13:24:34,944 [INFO]   Found: (unnamed)                       52:C8:B1:E7:D9:51
2026-05-13 13:24:34,944 [INFO]   Found: (unnamed)                       79:72:8A:8C:BC:7E
2026-05-13 13:24:34,944 [INFO]   Found: (unnamed)                       67:E0:7E:7E:4A:BD
2026-05-13 13:24:34,944 [INFO]   Found: (unnamed)                       62:E0:A0:0A:3B:F5
2026-05-13 13:24:34,944 [INFO]   Found: (unnamed)                       C9:DE:CA:17:7A:DA
2026-05-13 13:24:34,944 [INFO]   Found: (unnamed)                       42:AD:74:51:41:BC
2026-05-13 13:24:34,944 [INFO]   Found: (unnamed)                       45:25:8C:65:65:85
2026-05-13 13:24:34,944 [INFO]   Found: (unnamed)                       F1:B3:BC:F7:FC:B7
2026-05-13 13:24:34,944 [INFO]   Found: (unnamed)                       61:78:36:98:8B:5E
2026-05-13 13:24:34,944 [INFO]   Found: (unnamed)                       FB:64:05:F4:EC:14
2026-05-13 13:24:34,944 [INFO]   Found: (unnamed)                       60:69:A5:3C:C7:80
2026-05-13 13:24:34,944 [INFO]   Found: (unnamed)                       44:8A:E4:C3:A4:3A
2026-05-13 13:24:34,944 [INFO]   Found: (unnamed)                       3C:4E:BD:3F:4B:D1
2026-05-13 13:24:34,944 [INFO]   Found: (unnamed)                       40:00:00:18:B0:04
2026-05-13 13:24:34,944 [INFO]   Found: (unnamed)                       E7:05:59:69:8B:50
2026-05-13 13:24:34,945 [INFO]   Found: (unnamed)                       27:D3:C3:D0:6C:05
2026-05-13 13:24:34,945 [INFO]   Found: (unnamed)                       76:C8:E0:50:86:AB
2026-05-13 13:24:34,945 [INFO]   Found: (unnamed)                       4C:A5:B9:68:81:BA
2026-05-13 13:24:34,945 [INFO]   Found: (unnamed)                       3A:EB:69:84:51:59
2026-05-13 13:24:34,945 [INFO]   Found: (unnamed)                       DB:4A:45:A1:A3:A7
2026-05-13 13:24:34,945 [INFO]   Found: (unnamed)                       5A:7E:27:98:03:9C
2026-05-13 13:24:34,945 [INFO]   Found: (unnamed)                       5D:5B:FA:1C:CF:43
2026-05-13 13:24:34,945 [INFO]   Found: (unnamed)                       D5:F9:18:2B:BA:1F
2026-05-13 13:24:34,945 [INFO]   Found: (unnamed)                       7E:FB:65:7C:86:6E
2026-05-13 13:24:34,945 [INFO]   Found: BC2689310                       54:D6:0D:37:70:7D
2026-05-13 13:24:34,945 [INFO]   Found: (unnamed)                       59:C8:7A:A1:51:A6
2026-05-13 13:24:34,945 [INFO]   Found: (unnamed)                       5D:A9:11:D3:1E:A2
2026-05-13 13:24:34,945 [INFO]   Found: (unnamed)                       4F:DE:83:8A:E3:C0
2026-05-13 13:24:34,945 [INFO]   Found: (unnamed)                       ED:BA:1B:37:80:F7
2026-05-13 13:24:34,945 [INFO]   Found: (unnamed)                       46:CC:18:C0:FB:A5
2026-05-13 13:24:34,945 [INFO]   Found: (unnamed)                       FB:B4:24:1F:4E:12
2026-05-13 13:24:34,945 [INFO]   Found: (unnamed)                       E3:10:BC:3B:0E:D6
2026-05-13 13:24:34,946 [INFO]   Found: (unnamed)                       08:6F:13:41:10:A1
2026-05-13 13:24:34,946 [INFO]   Found: (unnamed)                       66:B2:8A:37:DD:69
2026-05-13 13:24:34,946 [INFO]   Found: (unnamed)                       CB:D5:C5:1F:14:2C
2026-05-13 13:24:34,946 [INFO]   Found: (unnamed)                       36:E2:AE:E0:E6:F9
2026-05-13 13:24:34,946 [INFO]   Found: (unnamed)                       64:D6:B0:32:CE:62
2026-05-13 13:24:34,946 [INFO]   Found: (unnamed)                       33:B6:41:EF:6B:5F
2026-05-13 13:24:34,946 [INFO]   Found: (unnamed)                       76:42:85:2C:C0:49
2026-05-13 13:24:34,946 [INFO]   Found: (unnamed)                       0D:10:5D:69:3B:37
2026-05-13 13:24:34,946 [INFO]   Found: (unnamed)                       F7:A3:9E:B6:EE:28
2026-05-13 13:24:34,946 [INFO]   Found: (unnamed)                       48:35:FD:52:42:D9
2026-05-13 13:24:34,946 [INFO]   Found: (unnamed)                       72:62:14:A9:1C:B3
2026-05-13 13:24:34,946 [INFO]   Found: (unnamed)                       6B:0A:92:1B:8C:CD
2026-05-13 13:24:34,946 [INFO]   Found: 85" Crystal UHD                 28:E6:A9:1E:AA:A7
2026-05-13 13:24:34,946 [INFO]   Found: (unnamed)                       67:59:4C:47:5E:55
2026-05-13 13:24:34,946 [INFO]   Found: Galaxy Fit3 (70C8)              74:19:0A:14:70:C8
2026-05-13 13:24:34,946 [INFO]   Found: (unnamed)                       F9:E6:51:97:17:12
2026-05-13 13:24:34,946 [INFO]   Found: (unnamed)                       60:9C:E2:2A:E2:99
2026-05-13 13:24:34,946 [INFO]   Found: (unnamed)                       64:FC:3C:8E:90:F1
2026-05-13 13:24:34,947 [INFO]   Found: (unnamed)                       C6:6F:12:05:30:D0
2026-05-13 13:24:34,947 [INFO]   Found: (unnamed)                       71:37:95:A9:4E:27
2026-05-13 13:24:34,947 [INFO]   Found: (unnamed)                       D2:A9:19:96:D7:AF
2026-05-13 13:24:34,947 [INFO]   Found: (unnamed)                       E3:47:80:A4:74:D4
2026-05-13 13:24:34,947 [INFO]   Found: (unnamed)                       C1:C8:6B:47:B4:63
2026-05-13 13:24:34,947 [INFO]   Found: (unnamed)                       40:6A:0C:73:EB:DC
2026-05-13 13:24:34,947 [INFO]   Found: (unnamed)                       6C:10:1C:D4:08:4F
2026-05-13 13:24:34,947 [INFO]   Found: (unnamed)                       11:4F:81:52:94:FF
2026-05-13 13:24:34,947 [INFO]   Found: (unnamed)                       79:02:31:11:91:15
2026-05-13 13:24:34,947 [INFO]   Found: (unnamed)                       6C:2D:E9:DF:F2:24
2026-05-13 13:24:34,947 [INFO]   Found: (unnamed)                       5A:9A:66:6A:24:73
2026-05-13 13:24:34,947 [INFO]   Found: (unnamed)                       7F:C1:28:FF:3E:ED
2026-05-13 13:24:34,947 [INFO]   Found: (unnamed)                       E3:D4:49:5A:E6:55
2026-05-13 13:24:34,947 [INFO]   Found: (unnamed)                       C6:3E:97:22:B1:3E
2026-05-13 13:24:34,947 [INFO]   Found: (unnamed)                       67:A5:8E:A9:D8:CD
2026-05-13 13:24:34,947 [INFO]   Found: (unnamed)                       C6:70:9A:87:22:E3
2026-05-13 13:24:34,947 [INFO]   Found: (unnamed)                       73:7E:45:87:B3:57
2026-05-13 13:24:34,947 [INFO]   Found: J2501 9FD0                      CE:68:27:E4:9F:D0
2026-05-13 13:24:34,948 [INFO]     ↳ candidate: advertises 0000fff0-0000-1000-8000-00805f9b34fb
2026-05-13 13:24:34,948 [INFO]   Found: (unnamed)                       D8:99:82:77:07:AA
2026-05-13 13:24:34,948 [INFO]   Found: (unnamed)                       63:DC:24:19:2E:84
2026-05-13 13:24:34,948 [INFO]   Found: (unnamed)                       C0:8E:7B:A4:5B:08
2026-05-13 13:24:34,948 [INFO]   Found: (unnamed)                       5F:C1:88:03:3B:89
2026-05-13 13:24:34,948 [INFO]   Found: (unnamed)                       66:A1:01:7E:EA:7D
2026-05-13 13:24:34,948 [INFO]   Found: (unnamed)                       42:66:3E:07:55:86
2026-05-13 13:24:34,948 [INFO]   Found: (unnamed)                       D4:AA:D9:88:A0:D4
2026-05-13 13:24:34,948 [INFO]   Found: (unnamed)                       64:6E:73:21:B1:9C
2026-05-13 13:24:34,948 [INFO]   Found: (unnamed)                       52:B8:C4:1C:EE:93
2026-05-13 13:24:34,948 [INFO]   Found: (unnamed)                       D4:AD:F2:21:E7:85
2026-05-13 13:24:34,948 [INFO]   Found: (unnamed)                       3C:D6:F1:93:7B:21
2026-05-13 13:24:34,948 [INFO]   Found: (unnamed)                       DA:7C:5D:81:45:88
2026-05-13 13:24:34,948 [INFO]   Found: HAVIT SPACE S1                  50:DA:4C:D9:DA:C7
2026-05-13 13:24:34,948 [INFO]   Found: (unnamed)                       E6:5C:65:87:1C:96
2026-05-13 13:24:34,948 [INFO]   Found: (unnamed)                       55:2B:C3:90:F2:6E
2026-05-13 13:24:34,948 [INFO]   Found: (unnamed)                       C2:C3:2D:CF:ED:13
2026-05-13 13:24:34,948 [INFO]   Found: (unnamed)                       46:E1:62:96:BA:96
2026-05-13 13:24:34,948 [INFO]   Found: (unnamed)                       6B:0C:00:35:AA:30
2026-05-13 13:24:34,948 [INFO]   Found: (unnamed)                       57:22:B6:C9:86:17
2026-05-13 13:24:34,948 [INFO]   Found: (unnamed)                       61:D0:81:F5:67:B3
2026-05-13 13:24:34,948 [INFO]   Found: (unnamed)                       C2:A5:85:89:A1:CA
2026-05-13 13:24:34,948 [INFO] ✨ 1 candidate(s) found
2026-05-13 13:24:34,949 [INFO] Connecting to CE:68:27:E4:9F:D0...
2026-05-13 13:29:33,469 [INFO] Connecting to 74:19:0A:14:70:C8...
2026-05-13 13:29:48,977 [INFO] 🔍 Scanning for BLE devices (10.0s)...
2026-05-13 13:29:59,212 [INFO]   Found: GN                              7C:A1:5D:A3:52:57
2026-05-13 13:29:59,212 [INFO]   Found: (unnamed)                       7F:54:49:8C:7D:68
2026-05-13 13:29:59,212 [INFO]   Found: (unnamed)                       77:F2:19:11:11:C4
2026-05-13 13:29:59,212 [INFO]   Found: (unnamed)                       39:AA:41:63:9C:4F
2026-05-13 13:29:59,212 [INFO]   Found: (unnamed)                       2C:FA:7C:A5:65:4F
2026-05-13 13:29:59,212 [INFO]   Found: (unnamed)                       7C:22:C6:A0:65:03
2026-05-13 13:29:59,212 [INFO]   Found: (unnamed)                       7C:D9:6F:6F:3C:86
2026-05-13 13:29:59,212 [INFO]   Found: FT_RF_01                        C0:49:EF:FC:F5:AA
2026-05-13 13:29:59,212 [INFO]   Found: (unnamed)                       6D:D4:21:C1:28:5E
2026-05-13 13:29:59,212 [INFO]   Found: (unnamed)                       1C:DD:52:68:D0:98
2026-05-13 13:29:59,212 [INFO]   Found: BC2688871                       54:D6:0D:37:5D:E9
2026-05-13 13:29:59,212 [INFO]   Found: (unnamed)                       40:17:5F:26:5C:1B
2026-05-13 13:29:59,212 [INFO]   Found: (unnamed)                       2D:CC:5F:FC:91:29
2026-05-13 13:29:59,212 [INFO]   Found: (unnamed)                       62:B6:F3:B1:4D:7A
2026-05-13 13:29:59,212 [INFO]   Found: (unnamed)                       50:CF:87:B8:4A:B0
2026-05-13 13:29:59,212 [INFO]   Found: (unnamed)                       5F:E5:60:EE:3D:FD
2026-05-13 13:29:59,212 [INFO]   Found: (unnamed)                       2E:17:F8:7B:84:95
2026-05-13 13:29:59,212 [INFO]   Found: (unnamed)                       76:39:6D:80:2E:BD
2026-05-13 13:29:59,212 [INFO]   Found: (unnamed)                       4E:46:8D:A0:0B:67
2026-05-13 13:29:59,212 [INFO]   Found: (unnamed)                       70:05:AF:67:62:A3
2026-05-13 13:29:59,212 [INFO]   Found: (unnamed)                       03:9B:7E:66:6E:E3
2026-05-13 13:29:59,212 [INFO]   Found: (unnamed)                       74:1D:DE:CF:24:B5
2026-05-13 13:29:59,213 [INFO]   Found: (unnamed)                       60:4C:41:A1:56:9F
2026-05-13 13:29:59,213 [INFO]   Found: (unnamed)                       78:BF:25:30:AC:0F
2026-05-13 13:29:59,213 [INFO]   Found: (unnamed)                       47:BF:FD:E1:10:A5
2026-05-13 13:29:59,213 [INFO]   Found: (unnamed)                       65:58:C9:04:09:9E
2026-05-13 13:29:59,213 [INFO]   Found: (unnamed)                       5C:20:AE:F2:19:1A
2026-05-13 13:29:59,213 [INFO]   Found: JBL VIBE BEAM-LE                48:9D:96:D0:72:B5
2026-05-13 13:29:59,213 [INFO]   Found: J2501 9FD0                      CE:68:27:E4:9F:D0
2026-05-13 13:29:59,213 [INFO]     ↳ candidate: advertises 0000fff0-0000-1000-8000-00805f9b34fb
2026-05-13 13:29:59,213 [INFO]   Found: (unnamed)                       E6:5C:65:87:1C:96
2026-05-13 13:29:59,213 [INFO]   Found: (unnamed)                       63:49:70:0A:58:94
2026-05-13 13:29:59,213 [INFO]   Found: (unnamed)                       74:4A:F9:4F:35:78
2026-05-13 13:29:59,213 [INFO]   Found: (unnamed)                       7D:8D:72:96:0C:11
2026-05-13 13:29:59,213 [INFO]   Found: (unnamed)                       57:EE:73:BE:68:3A
2026-05-13 13:29:59,213 [INFO]   Found: (unnamed)                       7B:70:F2:00:BD:02
2026-05-13 13:29:59,213 [INFO]   Found: DAVIDSALOMON                    4D:8A:06:41:C7:63
2026-05-13 13:29:59,213 [INFO]   Found: (unnamed)                       4D:94:12:29:4A:33
2026-05-13 13:29:59,213 [INFO]   Found: (unnamed)                       63:3C:03:2A:66:F5
2026-05-13 13:29:59,213 [INFO]   Found: (unnamed)                       28:E6:A9:1E:AA:A7
2026-05-13 13:29:59,213 [INFO]   Found: (unnamed)                       73:7E:45:87:B3:57
2026-05-13 13:29:59,213 [INFO]   Found: (unnamed)                       3A:EB:69:84:51:59
2026-05-13 13:29:59,213 [INFO]   Found: (unnamed)                       68:31:BB:37:1A:E5
2026-05-13 13:29:59,213 [INFO]   Found: (unnamed)                       44:6D:70:7C:3C:4A
2026-05-13 13:29:59,213 [INFO]   Found: (unnamed)                       4C:B3:15:EC:86:18
2026-05-13 13:29:59,213 [INFO]   Found: (unnamed)                       5C:41:1A:F1:4A:4B
2026-05-13 13:29:59,213 [INFO]   Found: (unnamed)                       58:2B:D5:60:FA:C0
2026-05-13 13:29:59,213 [INFO]   Found: (unnamed)                       66:1F:E6:2E:5C:97
2026-05-13 13:29:59,213 [INFO]   Found: (unnamed)                       17:FA:45:00:CD:D7
2026-05-13 13:29:59,213 [INFO]   Found: (unnamed)                       78:78:50:0C:07:D3
2026-05-13 13:29:59,213 [INFO]   Found: (unnamed)                       6F:5C:43:FA:C3:ED
2026-05-13 13:29:59,213 [INFO]   Found: (unnamed)                       24:2D:01:2C:E8:2F
2026-05-13 13:29:59,214 [INFO]   Found: (unnamed)                       25:D6:75:50:63:DC
2026-05-13 13:29:59,214 [INFO]   Found: (unnamed)                       50:60:D4:07:2B:DF
2026-05-13 13:29:59,214 [INFO]   Found: (unnamed)                       42:E3:41:41:EB:3F
2026-05-13 13:29:59,214 [INFO]   Found: (unnamed)                       77:13:01:CD:24:7F
2026-05-13 13:29:59,214 [INFO]   Found: (unnamed)                       71:98:E3:7A:1F:7B
2026-05-13 13:29:59,214 [INFO]   Found: (unnamed)                       5D:5B:FA:1C:CF:43
2026-05-13 13:29:59,214 [INFO]   Found: (unnamed)                       78:C9:DB:59:58:0A
2026-05-13 13:29:59,214 [INFO]   Found: (unnamed)                       36:E2:AE:E0:E6:F9
2026-05-13 13:29:59,214 [INFO]   Found: (unnamed)                       6B:0A:91:34:5F:81
2026-05-13 13:29:59,214 [INFO]   Found: (unnamed)                       7F:D2:6B:41:FC:79
2026-05-13 13:29:59,214 [INFO]   Found: (unnamed)                       F1:B3:BC:F7:FC:B7
2026-05-13 13:29:59,214 [INFO]   Found: (unnamed)                       33:E8:A6:FC:BE:A0
2026-05-13 13:29:59,214 [INFO]   Found: (unnamed)                       0E:7F:F6:07:E4:00
2026-05-13 13:29:59,214 [INFO]   Found: (unnamed)                       40:0C:F6:8B:03:1A
2026-05-13 13:29:59,214 [INFO]   Found: (unnamed)                       5E:59:DD:9B:C6:C7
2026-05-13 13:29:59,214 [INFO]   Found: (unnamed)                       C6:6F:12:05:30:D0
2026-05-13 13:29:59,214 [INFO]   Found: (unnamed)                       D9:E6:0E:CF:4A:DA
2026-05-13 13:29:59,214 [INFO]   Found: (unnamed)                       17:19:21:59:35:94
2026-05-13 13:29:59,214 [INFO]   Found: (unnamed)                       3D:02:82:CE:2B:E2
2026-05-13 13:29:59,214 [INFO]   Found: (unnamed)                       3D:91:91:C7:76:1F
2026-05-13 13:29:59,214 [INFO]   Found: (unnamed)                       60:4C:2A:78:B7:68
2026-05-13 13:29:59,214 [INFO]   Found: (unnamed)                       6E:9D:92:82:B5:1C
2026-05-13 13:29:59,214 [INFO]   Found: (unnamed)                       ED:D8:52:3A:3C:18
2026-05-13 13:29:59,214 [INFO]   Found: (unnamed)                       3E:97:28:1F:A8:18
2026-05-13 13:29:59,214 [INFO]   Found: (unnamed)                       46:7C:87:0E:95:52
2026-05-13 13:29:59,215 [INFO]   Found: (unnamed)                       7D:5D:9B:34:E0:71
2026-05-13 13:29:59,215 [INFO]   Found: (unnamed)                       1D:4A:F2:34:3B:EF
2026-05-13 13:29:59,215 [INFO]   Found: (unnamed)                       45:36:B0:74:4F:EE
2026-05-13 13:29:59,215 [INFO]   Found: (unnamed)                       33:92:ED:D4:B5:DA
2026-05-13 13:29:59,215 [INFO]   Found: (unnamed)                       4C:BB:54:07:67:A9
2026-05-13 13:29:59,215 [INFO]   Found: (unnamed)                       60:20:85:FD:AA:D8
2026-05-13 13:29:59,215 [INFO]   Found: BC2688993                       54:D6:0D:37:7F:5D
2026-05-13 13:29:59,215 [INFO]   Found: (unnamed)                       7E:0A:52:DC:08:2B
2026-05-13 13:29:59,215 [INFO]   Found: (unnamed)                       68:92:83:EF:CB:56
2026-05-13 13:29:59,215 [INFO]   Found: (unnamed)                       42:45:BB:38:8F:09
2026-05-13 13:29:59,215 [INFO]   Found: (unnamed)                       62:37:84:45:A9:02
2026-05-13 13:29:59,215 [INFO]   Found: (unnamed)                       51:D5:2F:F2:5E:59
2026-05-13 13:29:59,215 [INFO]   Found: (unnamed)                       0D:10:5D:69:3B:37
2026-05-13 13:29:59,215 [INFO]   Found: (unnamed)                       E6:94:23:D4:F8:05
2026-05-13 13:29:59,215 [INFO]   Found: (unnamed)                       1A:95:53:A0:4E:41
2026-05-13 13:29:59,215 [INFO]   Found: (unnamed)                       ED:0D:BE:B3:0F:73
2026-05-13 13:29:59,215 [INFO]   Found: (unnamed)                       E5:98:D4:19:C3:B0
2026-05-13 13:29:59,215 [INFO]   Found: (unnamed)                       3B:34:C1:82:FE:39
2026-05-13 13:29:59,215 [INFO]   Found: (unnamed)                       01:91:2D:69:C0:F3
2026-05-13 13:29:59,215 [INFO]   Found: (unnamed)                       D8:99:82:77:07:AA
2026-05-13 13:29:59,215 [INFO]   Found: (unnamed)                       62:91:71:FC:34:93
2026-05-13 13:29:59,215 [INFO]   Found: (unnamed)                       44:59:91:50:86:E6
2026-05-13 13:29:59,215 [INFO]   Found: (unnamed)                       6D:AC:55:62:25:E3
2026-05-13 13:29:59,216 [INFO]   Found: (unnamed)                       E2:12:60:F6:BB:9A
2026-05-13 13:29:59,216 [INFO]   Found: (unnamed)                       CE:10:42:57:37:61
2026-05-13 13:29:59,216 [INFO]   Found: (unnamed)                       57:0D:56:A0:FB:B6
2026-05-13 13:29:59,216 [INFO]   Found: (unnamed)                       55:D6:7D:0F:99:A1
2026-05-13 13:29:59,216 [INFO]   Found: (unnamed)                       4E:43:5E:2D:01:31
2026-05-13 13:29:59,216 [INFO]   Found: (unnamed)                       E7:35:81:DF:56:23
2026-05-13 13:29:59,216 [INFO]   Found: (unnamed)                       4D:CA:7B:5A:1C:E7
2026-05-13 13:29:59,216 [INFO]   Found: (unnamed)                       E0:2D:3A:50:F9:64
2026-05-13 13:29:59,216 [INFO]   Found: (unnamed)                       68:81:68:3F:8C:ED
2026-05-13 13:29:59,216 [INFO]   Found: (unnamed)                       CE:52:D0:55:37:E8
2026-05-13 13:29:59,216 [INFO]   Found: (unnamed)                       40:B2:22:EB:84:89
2026-05-13 13:29:59,216 [INFO]   Found: (unnamed)                       79:ED:3D:5C:EB:3A
2026-05-13 13:29:59,216 [INFO]   Found: (unnamed)                       4C:A5:B9:68:81:BA
2026-05-13 13:29:59,216 [INFO]   Found: (unnamed)                       0D:A6:46:EF:DE:BA
2026-05-13 13:29:59,216 [INFO]   Found: (unnamed)                       52:F7:E8:3D:AE:F0
2026-05-13 13:29:59,216 [INFO]   Found: (unnamed)                       59:73:A0:5F:03:74
2026-05-13 13:29:59,216 [INFO]   Found: (unnamed)                       52:B8:C4:1C:EE:93
2026-05-13 13:29:59,216 [INFO]   Found: (unnamed)                       D0:ED:FC:16:C4:CB
2026-05-13 13:29:59,216 [INFO]   Found: (unnamed)                       64:FC:3C:8E:90:F1
2026-05-13 13:29:59,216 [INFO]   Found: (unnamed)                       23:EE:EF:1F:C2:BD
2026-05-13 13:29:59,216 [INFO]   Found: (unnamed)                       67:A5:8E:A9:D8:CD
2026-05-13 13:29:59,216 [INFO]   Found: (unnamed)                       C7:47:86:66:A7:8C
2026-05-13 13:29:59,216 [INFO]   Found: (unnamed)                       D5:5B:6E:86:A4:22
2026-05-13 13:29:59,216 [INFO]   Found: (unnamed)                       42:20:6E:69:1B:89
2026-05-13 13:29:59,217 [INFO]   Found: (unnamed)                       4B:4A:6E:AE:88:96
2026-05-13 13:29:59,217 [INFO]   Found: (unnamed)                       7B:7C:3E:DF:FE:42
2026-05-13 13:29:59,217 [INFO]   Found: (unnamed)                       CB:D5:C5:1F:14:2C
2026-05-13 13:29:59,217 [INFO]   Found: (unnamed)                       6B:09:D0:6B:80:82
2026-05-13 13:29:59,217 [INFO]   Found: (unnamed)                       05:0C:67:10:98:09
2026-05-13 13:29:59,217 [INFO]   Found: (unnamed)                       F0:5A:0D:29:11:A5
2026-05-13 13:29:59,217 [INFO]   Found: (unnamed)                       D1:13:D9:3C:E9:38
2026-05-13 13:29:59,217 [INFO]   Found: (unnamed)                       7E:03:6D:17:C7:9C
2026-05-13 13:29:59,217 [INFO]   Found: (unnamed)                       5A:D9:B6:26:90:E3
2026-05-13 13:29:59,217 [INFO]   Found: (unnamed)                       6F:3A:7D:BB:01:18
2026-05-13 13:29:59,217 [INFO]   Found: (unnamed)                       CA:21:0D:A9:4D:7E
2026-05-13 13:29:59,217 [INFO]   Found: (unnamed)                       48:D3:ED:F6:AE:B3
2026-05-13 13:29:59,217 [INFO]   Found: (unnamed)                       01:BB:43:87:CE:29
2026-05-13 13:29:59,217 [INFO]   Found: (unnamed)                       C2:EB:8A:B5:94:44
2026-05-13 13:29:59,217 [INFO]   Found: (unnamed)                       13:54:C9:71:0B:34
2026-05-13 13:29:59,217 [INFO]   Found: (unnamed)                       75:9B:6E:B8:82:13
2026-05-13 13:29:59,217 [INFO]   Found: (unnamed)                       65:92:91:15:C0:11
2026-05-13 13:29:59,217 [INFO]   Found: (unnamed)                       2F:76:8A:E6:19:85
2026-05-13 13:29:59,217 [INFO]   Found: (unnamed)                       66:1F:7B:20:E7:67
2026-05-13 13:29:59,217 [INFO]   Found: (unnamed)                       45:25:8C:65:65:85
2026-05-13 13:29:59,217 [INFO]   Found: Galaxy Fit3 (70C8)              74:19:0A:14:70:C8
2026-05-13 13:29:59,217 [INFO]   Found: (unnamed)                       52:C8:B1:E7:D9:51
2026-05-13 13:29:59,217 [INFO]   Found: (unnamed)                       E5:80:CC:36:79:8D
2026-05-13 13:29:59,217 [INFO]   Found: BC2689310                       54:D6:0D:37:70:7D
2026-05-13 13:29:59,217 [INFO]   Found: (unnamed)                       2E:0C:FE:1E:C8:78
2026-05-13 13:29:59,217 [INFO]   Found: (unnamed)                       CD:22:CA:48:D5:A3
2026-05-13 13:29:59,217 [INFO]   Found: (unnamed)                       F9:E6:51:97:17:12
2026-05-13 13:29:59,217 [INFO]   Found: (unnamed)                       55:56:40:44:2C:5C
2026-05-13 13:29:59,218 [INFO]   Found: (unnamed)                       3B:45:85:D1:A7:ED
2026-05-13 13:29:59,218 [INFO]   Found: (unnamed)                       50:B9:E8:17:C6:03
2026-05-13 13:29:59,218 [INFO]   Found: (unnamed)                       5F:CB:9C:F0:80:C5
2026-05-13 13:29:59,218 [INFO]   Found: (unnamed)                       60:69:A5:3C:C7:80
2026-05-13 13:29:59,218 [INFO]   Found: (unnamed)                       3A:2D:BA:0F:12:3C
2026-05-13 13:29:59,218 [INFO]   Found: (unnamed)                       48:79:5A:43:6C:CA
2026-05-13 13:29:59,218 [INFO]   Found: (unnamed)                       66:63:EA:94:88:0A
2026-05-13 13:29:59,218 [INFO]   Found: (unnamed)                       2C:96:82:F9:B1:52
2026-05-13 13:29:59,218 [INFO]   Found: (unnamed)                       01:21:2B:0A:B2:45
2026-05-13 13:29:59,218 [INFO]   Found: (unnamed)                       F7:B0:55:D9:40:C6
2026-05-13 13:29:59,218 [INFO]   Found: (unnamed)                       6E:75:E7:6A:1A:5F
2026-05-13 13:29:59,218 [INFO]   Found: (unnamed)                       2E:6F:85:D2:02:E4
2026-05-13 13:29:59,218 [INFO]   Found: (unnamed)                       62:2C:4E:28:A5:55
2026-05-13 13:29:59,218 [INFO]   Found: (unnamed)                       69:8A:5C:3C:97:73
2026-05-13 13:29:59,218 [INFO]   Found: (unnamed)                       D3:16:6C:B8:FC:22
2026-05-13 13:29:59,218 [INFO]   Found: (unnamed)                       F6:C3:94:EB:43:B8
2026-05-13 13:29:59,218 [INFO]   Found: (unnamed)                       6D:B1:B2:1F:A4:CE
2026-05-13 13:29:59,218 [INFO]   Found: (unnamed)                       13:12:AE:82:41:E6
2026-05-13 13:29:59,218 [INFO]   Found: (unnamed)                       09:B2:C2:17:79:72
2026-05-13 13:29:59,218 [INFO]   Found: (unnamed)                       10:85:B2:8A:31:E8
2026-05-13 13:29:59,218 [INFO]   Found: (unnamed)                       48:8B:E1:47:02:88
2026-05-13 13:29:59,218 [INFO]   Found: (unnamed)                       5F:52:10:3C:FD:F2
2026-05-13 13:29:59,218 [INFO]   Found: (unnamed)                       5A:71:B2:FB:69:32
2026-05-13 13:29:59,218 [INFO]   Found: (unnamed)                       41:AB:1F:2B:C9:5E
2026-05-13 13:29:59,218 [INFO]   Found: (unnamed)                       53:BC:52:AC:25:32
2026-05-13 13:29:59,218 [INFO]   Found: (unnamed)                       FC:E4:A2:5F:18:53
2026-05-13 13:29:59,218 [INFO]   Found: (unnamed)                       76:74:44:81:8C:9E
2026-05-13 13:29:59,219 [INFO]   Found: (unnamed)                       C1:C8:6B:47:B4:63
2026-05-13 13:29:59,219 [INFO]   Found: (unnamed)                       7C:54:3F:3F:ED:DF
2026-05-13 13:29:59,219 [INFO]   Found: (unnamed)                       5A:7E:27:98:03:9C
2026-05-13 13:29:59,219 [INFO]   Found: (unnamed)                       FB:7F:13:03:1E:ED
2026-05-13 13:29:59,219 [INFO]   Found: (unnamed)                       C0:92:29:51:15:B6
2026-05-13 13:29:59,219 [INFO]   Found: (unnamed)                       6C:C5:12:2A:0E:40
2026-05-13 13:29:59,219 [INFO]   Found: (unnamed)                       5A:9A:66:6A:24:73
2026-05-13 13:29:59,219 [INFO]   Found: (unnamed)                       E2:A2:67:E1:E8:6F
2026-05-13 13:29:59,219 [INFO]   Found: (unnamed)                       D5:F9:18:2B:BA:1F
2026-05-13 13:29:59,219 [INFO]   Found: (unnamed)                       1D:98:C7:FC:19:CF
2026-05-13 13:29:59,219 [INFO]   Found: BC2689107                       54:D6:0D:37:44:45
2026-05-13 13:29:59,219 [INFO]   Found: (unnamed)                       7B:2A:8D:C8:21:BA
2026-05-13 13:29:59,219 [INFO]   Found: (unnamed)                       F2:68:1C:CC:B3:80
2026-05-13 13:29:59,219 [INFO]   Found: HAVIT SPACE S1                  50:DA:4C:D9:DA:C7
2026-05-13 13:29:59,219 [INFO]   Found: (unnamed)                       74:3F:4F:59:BE:CF
2026-05-13 13:29:59,219 [INFO]   Found: (unnamed)                       D9:CB:EE:DF:7E:EC
2026-05-13 13:29:59,219 [INFO]   Found: (unnamed)                       0E:EC:A6:EC:BA:30
2026-05-13 13:29:59,219 [INFO]   Found: (unnamed)                       2A:08:E9:9F:47:94
2026-05-13 13:29:59,219 [INFO]   Found: (unnamed)                       71:88:D0:01:00:74
2026-05-13 13:29:59,219 [INFO]   Found: (unnamed)                       C0:8E:7B:A4:5B:08
2026-05-13 13:29:59,219 [INFO]   Found: (unnamed)                       1E:FA:36:44:FF:04
2026-05-13 13:29:59,219 [INFO]   Found: (unnamed)                       73:F1:92:1F:C7:AA
2026-05-13 13:29:59,219 [INFO]   Found: (unnamed)                       DE:36:80:0B:13:0A
2026-05-13 13:29:59,219 [INFO]   Found: (unnamed)                       5F:C1:88:03:3B:89
2026-05-13 13:29:59,219 [INFO]   Found: (unnamed)                       ED:BA:1B:37:80:F7
2026-05-13 13:29:59,219 [INFO]   Found: (unnamed)                       6C:2D:E9:DF:F2:24
2026-05-13 13:29:59,219 [INFO]   Found: (unnamed)                       70:BA:87:05:D2:EB
2026-05-13 13:29:59,219 [INFO]   Found: (unnamed)                       35:65:33:51:17:39
2026-05-13 13:29:59,220 [INFO]   Found: (unnamed)                       5F:23:B8:75:44:92
2026-05-13 13:29:59,220 [INFO]   Found: (unnamed)                       5D:34:59:C5:66:58
2026-05-13 13:29:59,220 [INFO]   Found: (unnamed)                       C2:C3:2D:CF:ED:13
2026-05-13 13:29:59,220 [INFO]   Found: (unnamed)                       73:CE:F8:08:71:C2
2026-05-13 13:29:59,220 [INFO]   Found: (unnamed)                       46:CC:18:C0:FB:A5
2026-05-13 13:29:59,220 [INFO]   Found: (unnamed)                       18:E9:A7:74:26:00
2026-05-13 13:29:59,220 [INFO]   Found: (unnamed)                       C0:8E:B8:6A:44:66
2026-05-13 13:29:59,220 [INFO]   Found: (unnamed)                       5D:B6:66:84:70:85
2026-05-13 13:29:59,220 [INFO]   Found: (unnamed)                       58:C8:07:13:45:6C
2026-05-13 13:29:59,220 [INFO]   Found: (unnamed)                       DB:4A:45:A1:A3:A7
2026-05-13 13:29:59,220 [INFO]   Found: (unnamed)                       13:4F:15:81:51:F1
2026-05-13 13:29:59,220 [INFO]   Found: (unnamed)                       C6:70:9A:87:22:E3
2026-05-13 13:29:59,220 [INFO]   Found: (unnamed)                       49:91:C7:81:BB:BD
2026-05-13 13:29:59,220 [INFO]   Found: (unnamed)                       D8:49:8A:43:BE:62
2026-05-13 13:29:59,220 [INFO]   Found: (unnamed)                       C8:3F:EC:12:B0:CF
2026-05-13 13:29:59,220 [INFO]   Found: (unnamed)                       FC:05:94:53:28:B6
2026-05-13 13:29:59,220 [INFO]   Found: (unnamed)                       CB:B3:A7:78:79:30
2026-05-13 13:29:59,220 [INFO]   Found: (unnamed)                       64:D6:B0:32:CE:62
2026-05-13 13:29:59,220 [INFO]   Found: (unnamed)                       57:AF:3E:F8:45:AF
2026-05-13 13:29:59,220 [INFO]   Found: (unnamed)                       C7:87:DB:2B:59:35
2026-05-13 13:29:59,220 [INFO]   Found: (unnamed)                       69:F4:F3:3D:08:FB
2026-05-13 13:29:59,220 [INFO]   Found: (unnamed)                       46:E5:7B:84:32:DD
2026-05-13 13:29:59,220 [INFO]   Found: (unnamed)                       E3:D4:49:5A:E6:55
2026-05-13 13:29:59,220 [INFO]   Found: (unnamed)                       FB:64:05:F4:EC:14
2026-05-13 13:29:59,220 [INFO]   Found: (unnamed)                       6E:D6:47:5B:C3:E8
2026-05-13 13:29:59,220 [INFO] ✨ 1 candidate(s) found
2026-05-13 13:29:59,221 [INFO] Connecting to CE:68:27:E4:9F:D0...
2026-05-13 13:30:28,344 [INFO] Connecting to 74:19:0A:14:70:C8...
2026-05-13 13:30:49,667 [INFO] 🔍 Scanning for BLE devices (10.0s)...
2026-05-13 13:30:59,889 [INFO]   Found: JBL Tune720BT                   C0:8E:B8:6A:44:66
2026-05-13 13:30:59,889 [INFO]   Found: DAVIDSALOMON                    4D:8A:06:41:C7:63
2026-05-13 13:30:59,889 [INFO]   Found: (unnamed)                       06:8A:19:CC:79:68
2026-05-13 13:30:59,889 [INFO]   Found: (unnamed)                       A0:28:84:9E:11:3D
2026-05-13 13:30:59,889 [INFO]   Found: (unnamed)                       3D:02:82:CE:2B:E2
2026-05-13 13:30:59,889 [INFO]   Found: FT_RF_01                        C0:49:EF:FC:F5:AA
2026-05-13 13:30:59,889 [INFO]   Found: (unnamed)                       05:0C:67:10:98:09
2026-05-13 13:30:59,889 [INFO]   Found: (unnamed)                       68:92:83:EF:CB:56
2026-05-13 13:30:59,889 [INFO]   Found: (unnamed)                       0E:7F:F6:07:E4:00
2026-05-13 13:30:59,889 [INFO]   Found: (unnamed)                       FD:AA:AF:85:8A:8C
2026-05-13 13:30:59,889 [INFO]   Found: (unnamed)                       4C:B3:15:EC:86:18
2026-05-13 13:30:59,890 [INFO]   Found: (unnamed)                       4C:A5:B9:68:81:BA
2026-05-13 13:30:59,890 [INFO]   Found: (unnamed)                       68:81:68:3F:8C:ED
2026-05-13 13:30:59,890 [INFO]   Found: (unnamed)                       6D:D4:21:C1:28:5E
2026-05-13 13:30:59,890 [INFO]   Found: (unnamed)                       68:67:E3:BC:50:44
2026-05-13 13:30:59,890 [INFO]   Found: (unnamed)                       50:60:D4:07:2B:DF
2026-05-13 13:30:59,890 [INFO]   Found: (unnamed)                       77:13:01:CD:24:7F
2026-05-13 13:30:59,890 [INFO]   Found: (unnamed)                       7C:D9:6F:6F:3C:86
2026-05-13 13:30:59,890 [INFO]   Found: JBL VIBE BEAM-LE                48:9D:96:D0:72:B5
2026-05-13 13:30:59,890 [INFO]   Found: (unnamed)                       13:12:AE:82:41:E6
2026-05-13 13:30:59,890 [INFO]   Found: (unnamed)                       48:D3:ED:F6:AE:B3
2026-05-13 13:30:59,890 [INFO]   Found: (unnamed)                       5A:D9:B6:26:90:E3
2026-05-13 13:30:59,890 [INFO]   Found: (unnamed)                       5C:41:1A:F1:4A:4B
2026-05-13 13:30:59,890 [INFO]   Found: (unnamed)                       4D:CA:7B:5A:1C:E7
2026-05-13 13:30:59,890 [INFO]   Found: GN                              7C:A1:5D:A3:52:57
2026-05-13 13:30:59,890 [INFO]   Found: (unnamed)                       74:4A:F9:4F:35:78
2026-05-13 13:30:59,890 [INFO]   Found: (unnamed)                       DE:7C:96:AB:80:FD
2026-05-13 13:30:59,890 [INFO]   Found: (unnamed)                       79:DD:D9:A0:4F:26
2026-05-13 13:30:59,890 [INFO]   Found: (unnamed)                       2E:0C:FE:1E:C8:78
2026-05-13 13:30:59,890 [INFO]   Found: (unnamed)                       13:54:C9:71:0B:34
2026-05-13 13:30:59,891 [INFO]   Found: (unnamed)                       2D:CC:5F:FC:91:29
2026-05-13 13:30:59,891 [INFO]   Found: (unnamed)                       FB:7F:13:03:1E:ED
2026-05-13 13:30:59,891 [INFO]   Found: (unnamed)                       3E:97:28:1F:A8:18
2026-05-13 13:30:59,891 [INFO]   Found: (unnamed)                       5D:5B:FA:1C:CF:43
2026-05-13 13:30:59,891 [INFO]   Found: (unnamed)                       71:88:D0:01:00:74
2026-05-13 13:30:59,891 [INFO]   Found: (unnamed)                       5B:F6:C9:17:E4:6E
2026-05-13 13:30:59,891 [INFO]   Found: (unnamed)                       7F:D2:6B:41:FC:79
2026-05-13 13:30:59,891 [INFO]   Found: (unnamed)                       1D:4A:F2:34:3B:EF
2026-05-13 13:30:59,891 [INFO]   Found: (unnamed)                       66:1F:7B:20:E7:67
2026-05-13 13:30:59,891 [INFO]   Found: (unnamed)                       39:AA:41:63:9C:4F
2026-05-13 13:30:59,891 [INFO]   Found: (unnamed)                       1A:95:53:A0:4E:41
2026-05-13 13:30:59,891 [INFO]   Found: (unnamed)                       28:E6:A9:1E:AA:A7
2026-05-13 13:30:59,891 [INFO]   Found: (unnamed)                       4F:7E:61:D3:CF:6B
2026-05-13 13:30:59,891 [INFO]   Found: (unnamed)                       58:C8:07:13:45:6C
2026-05-13 13:30:59,891 [INFO]   Found: (unnamed)                       62:91:71:FC:34:93
2026-05-13 13:30:59,891 [INFO]   Found: (unnamed)                       1C:DD:52:68:D0:98
2026-05-13 13:30:59,891 [INFO]   Found: (unnamed)                       1D:98:C7:FC:19:CF
2026-05-13 13:30:59,891 [INFO]   Found: (unnamed)                       FB:64:05:F4:EC:14
2026-05-13 13:30:59,891 [INFO]   Found: (unnamed)                       3B:34:C1:82:FE:39
2026-05-13 13:30:59,891 [INFO]   Found: (unnamed)                       03:9B:7E:66:6E:E3
2026-05-13 13:30:59,891 [INFO]   Found: (unnamed)                       70:65:BE:2A:12:E3
2026-05-13 13:30:59,891 [INFO]   Found: (unnamed)                       33:E8:A6:FC:BE:A0
2026-05-13 13:30:59,891 [INFO]   Found: (unnamed)                       D2:A9:19:96:D7:AF
2026-05-13 13:30:59,891 [INFO]   Found: (unnamed)                       74:45:91:DD:FC:4E
2026-05-13 13:30:59,891 [INFO]   Found: (unnamed)                       ED:BA:1B:37:80:F7
2026-05-13 13:30:59,892 [INFO]   Found: (unnamed)                       53:BC:52:AC:25:32
2026-05-13 13:30:59,892 [INFO]   Found: (unnamed)                       35:56:8C:E6:61:80
2026-05-13 13:30:59,892 [INFO]   Found: (unnamed)                       3D:91:91:C7:76:1F
2026-05-13 13:30:59,892 [INFO]   Found: (unnamed)                       3A:EB:69:84:51:59
2026-05-13 13:30:59,892 [INFO]   Found: (unnamed)                       4D:94:12:29:4A:33
2026-05-13 13:30:59,892 [INFO]   Found: (unnamed)                       50:CF:87:B8:4A:B0
2026-05-13 13:30:59,892 [INFO]   Found: (unnamed)                       20:B6:96:DC:C8:72
2026-05-13 13:30:59,892 [INFO]   Found: (unnamed)                       2E:17:F8:7B:84:95
2026-05-13 13:30:59,892 [INFO]   Found: (unnamed)                       7B:9E:F6:3C:7D:67
2026-05-13 13:30:59,892 [INFO]   Found: (unnamed)                       23:EE:EF:1F:C2:BD
2026-05-13 13:30:59,892 [INFO]   Found: (unnamed)                       57:0D:56:A0:FB:B6
2026-05-13 13:30:59,892 [INFO]   Found: (unnamed)                       6C:2D:E9:DF:F2:24
2026-05-13 13:30:59,892 [INFO]   Found: (unnamed)                       18:E9:A7:74:26:00
2026-05-13 13:30:59,892 [INFO]   Found: (unnamed)                       71:98:E3:7A:1F:7B
2026-05-13 13:30:59,892 [INFO]   Found: (unnamed)                       C7:83:C2:9C:0B:85
2026-05-13 13:30:59,892 [INFO]   Found: (unnamed)                       35:65:33:51:17:39
2026-05-13 13:30:59,892 [INFO]   Found: (unnamed)                       7E:03:6D:17:C7:9C
2026-05-13 13:30:59,892 [INFO]   Found: (unnamed)                       6B:0A:91:34:5F:81
2026-05-13 13:30:59,892 [INFO]   Found: (unnamed)                       6E:9D:92:82:B5:1C
2026-05-13 13:30:59,892 [INFO]   Found: (unnamed)                       E9:DC:40:C4:A7:A4
2026-05-13 13:30:59,892 [INFO]   Found: (unnamed)                       01:21:2B:0A:B2:45
2026-05-13 13:30:59,892 [INFO]   Found: (unnamed)                       78:C9:DB:59:58:0A
2026-05-13 13:30:59,892 [INFO]   Found: (unnamed)                       E2:BB:0B:A2:74:BA
2026-05-13 13:30:59,892 [INFO]   Found: (unnamed)                       48:8B:E1:47:02:88
2026-05-13 13:30:59,893 [INFO]   Found: (unnamed)                       55:D6:7D:0F:99:A1
2026-05-13 13:30:59,893 [INFO]   Found: (unnamed)                       4F:9B:B5:C7:D6:DD
2026-05-13 13:30:59,893 [INFO]   Found: (unnamed)                       7E:0B:F6:2B:4B:50
2026-05-13 13:30:59,893 [INFO]   Found: (unnamed)                       3A:2D:BA:0F:12:3C
2026-05-13 13:30:59,893 [INFO]   Found: (unnamed)                       79:13:51:99:2B:A2
2026-05-13 13:30:59,893 [INFO]   Found: (unnamed)                       4C:BB:54:07:67:A9
2026-05-13 13:30:59,893 [INFO]   Found: (unnamed)                       61:EC:3D:07:45:6F
2026-05-13 13:30:59,893 [INFO]   Found: (unnamed)                       F7:DD:35:99:AA:91
2026-05-13 13:30:59,893 [INFO]   Found: (unnamed)                       36:E2:AE:E0:E6:F9
2026-05-13 13:30:59,893 [INFO]   Found: (unnamed)                       5F:23:B8:75:44:92
2026-05-13 13:30:59,893 [INFO]   Found: BC2689310                       54:D6:0D:37:70:7D
2026-05-13 13:30:59,893 [INFO]   Found: (unnamed)                       70:05:AF:67:62:A3
2026-05-13 13:30:59,893 [INFO]   Found: (unnamed)                       49:B2:50:D0:16:16
2026-05-13 13:30:59,893 [INFO]   Found: (unnamed)                       7E:0A:52:DC:08:2B
2026-05-13 13:30:59,893 [INFO]   Found: (unnamed)                       62:2C:4E:28:A5:55
2026-05-13 13:30:59,893 [INFO]   Found: (unnamed)                       50:B9:E8:17:C6:03
2026-05-13 13:30:59,893 [INFO]   Found: (unnamed)                       57:EE:73:BE:68:3A
2026-05-13 13:30:59,893 [INFO]   Found: HAVIT SPACE S1                  50:DA:4C:D9:DA:C7
2026-05-13 13:30:59,893 [INFO]   Found: (unnamed)                       42:E3:41:41:EB:3F
2026-05-13 13:30:59,893 [INFO]   Found: (unnamed)                       60:20:85:FD:AA:D8
2026-05-13 13:30:59,893 [INFO]   Found: (unnamed)                       64:D5:3F:F2:7B:70
2026-05-13 13:30:59,893 [INFO]   Found: (unnamed)                       C0:D7:34:D5:F2:85
2026-05-13 13:30:59,893 [INFO]   Found: (unnamed)                       E0:2D:3A:50:F9:64
2026-05-13 13:30:59,893 [INFO]   Found: (unnamed)                       63:49:70:0A:58:94
2026-05-13 13:30:59,893 [INFO]   Found: (unnamed)                       65:58:C9:04:09:9E
2026-05-13 13:30:59,893 [INFO]   Found: (unnamed)                       4E:46:8D:A0:0B:67
2026-05-13 13:30:59,893 [INFO]   Found: (unnamed)                       C5:9C:31:3B:80:CB
2026-05-13 13:30:59,893 [INFO]   Found: (unnamed)                       52:F3:17:79:A4:FE
2026-05-13 13:30:59,893 [INFO]   Found: (unnamed)                       58:2B:D5:60:FA:C0
2026-05-13 13:30:59,893 [INFO]   Found: (unnamed)                       78:78:50:0C:07:D3
2026-05-13 13:30:59,894 [INFO]   Found: (unnamed)                       5C:20:AE:F2:19:1A
2026-05-13 13:30:59,894 [INFO]   Found: (unnamed)                       52:C8:B1:E7:D9:51
2026-05-13 13:30:59,894 [INFO]   Found: (unnamed)                       52:EB:6E:DC:DB:94
2026-05-13 13:30:59,894 [INFO]   Found: (unnamed)                       D7:1F:5B:A2:02:72
2026-05-13 13:30:59,894 [INFO]   Found: (unnamed)                       59:73:A0:5F:03:74
2026-05-13 13:30:59,894 [INFO]   Found: (unnamed)                       48:79:5A:43:6C:CA
2026-05-13 13:30:59,894 [INFO]   Found: (unnamed)                       63:3C:03:2A:66:F5
2026-05-13 13:30:59,894 [INFO]   Found: (unnamed)                       F8:2D:BC:4E:39:56
2026-05-13 13:30:59,894 [INFO]   Found: (unnamed)                       5F:C1:88:03:3B:89
2026-05-13 13:30:59,894 [INFO]   Found: (unnamed)                       DE:52:47:1B:28:68
2026-05-13 13:30:59,894 [INFO]   Found: (unnamed)                       6B:30:1C:4D:27:3D
2026-05-13 13:30:59,894 [INFO]   Found: (unnamed)                       60:69:A5:3C:C7:80
2026-05-13 13:30:59,894 [INFO]   Found: (unnamed)                       62:E0:A0:0A:3B:F5
2026-05-13 13:30:59,894 [INFO]   Found: (unnamed)                       7B:F6:E2:77:E6:A8
2026-05-13 13:30:59,894 [INFO]   Found: (unnamed)                       53:F8:3A:C1:5A:75
2026-05-13 13:30:59,894 [INFO]   Found: (unnamed)                       4E:FC:F6:FB:15:F5
2026-05-13 13:30:59,894 [INFO]   Found: (unnamed)                       D9:CB:EE:DF:7E:EC
2026-05-13 13:30:59,894 [INFO]   Found: (unnamed)                       47:BF:FD:E1:10:A5
2026-05-13 13:30:59,894 [INFO]   Found: (unnamed)                       6E:D6:47:5B:C3:E8
2026-05-13 13:30:59,894 [INFO]   Found: (unnamed)                       5A:71:B2:FB:69:32
2026-05-13 13:30:59,894 [INFO]   Found: (unnamed)                       7C:22:C6:A0:65:03
2026-05-13 13:30:59,894 [INFO]   Found: BC2688993                       54:D6:0D:37:7F:5D
2026-05-13 13:30:59,894 [INFO]   Found: (unnamed)                       7D:5D:9B:34:E0:71
2026-05-13 13:30:59,894 [INFO]   Found: (unnamed)                       CA:AB:6C:4E:02:19
2026-05-13 13:30:59,894 [INFO]   Found: (unnamed)                       5F:52:10:3C:FD:F2
2026-05-13 13:30:59,894 [INFO]   Found: J2501 9FD0                      CE:68:27:E4:9F:D0
2026-05-13 13:30:59,894 [INFO]     ↳ candidate: advertises 0000fff0-0000-1000-8000-00805f9b34fb
2026-05-13 13:30:59,894 [INFO]   Found: (unnamed)                       40:0C:F6:8B:03:1A
2026-05-13 13:30:59,894 [INFO]   Found: (unnamed)                       7F:54:49:8C:7D:68
2026-05-13 13:30:59,895 [INFO]   Found: (unnamed)                       44:6D:70:7C:3C:4A
2026-05-13 13:30:59,895 [INFO]   Found: (unnamed)                       17:19:21:59:35:94
2026-05-13 13:30:59,895 [INFO]   Found: (unnamed)                       79:ED:3D:5C:EB:3A
2026-05-13 13:30:59,895 [INFO]   Found: (unnamed)                       3E:9A:AC:54:9C:1E
2026-05-13 13:30:59,895 [INFO]   Found: (unnamed)                       33:92:ED:D4:B5:DA
2026-05-13 13:30:59,895 [INFO]   Found: (unnamed)                       01:BB:43:87:CE:29
2026-05-13 13:30:59,895 [INFO]   Found: (unnamed)                       C0:F8:53:24:E6:A2
2026-05-13 13:30:59,895 [INFO]   Found: (unnamed)                       51:D5:2F:F2:5E:59
2026-05-13 13:30:59,895 [INFO]   Found: (unnamed)                       41:78:DC:61:C8:5D
2026-05-13 13:30:59,895 [INFO]   Found: (unnamed)                       6D:B1:B2:1F:A4:CE
2026-05-13 13:30:59,895 [INFO]   Found: (unnamed)                       45:5F:CC:74:6F:C0
2026-05-13 13:30:59,895 [INFO]   Found: (unnamed)                       67:A5:8E:A9:D8:CD
2026-05-13 13:30:59,895 [INFO]   Found: (unnamed)                       EC:B3:03:DF:D8:86
2026-05-13 13:30:59,895 [INFO]   Found: (unnamed)                       73:F1:92:1F:C7:AA
2026-05-13 13:30:59,895 [INFO]   Found: (unnamed)                       40:17:5F:26:5C:1B
2026-05-13 13:30:59,895 [INFO]   Found: (unnamed)                       D9:A1:9D:1F:80:7D
2026-05-13 13:30:59,895 [INFO]   Found: (unnamed)                       41:AB:1F:2B:C9:5E
2026-05-13 13:30:59,895 [INFO]   Found: (unnamed)                       E3:A9:7F:6E:BC:69
2026-05-13 13:30:59,895 [INFO]   Found: (unnamed)                       2C:96:82:F9:B1:52
2026-05-13 13:30:59,895 [INFO]   Found: (unnamed)                       5E:59:DD:9B:C6:C7
2026-05-13 13:30:59,895 [INFO]   Found: (unnamed)                       60:1B:00:62:53:2F
2026-05-13 13:30:59,895 [INFO]   Found: (unnamed)                       C5:31:BF:9A:BC:99
2026-05-13 13:30:59,895 [INFO]   Found: (unnamed)                       2C:FA:7C:A5:65:4F
2026-05-13 13:30:59,895 [INFO]   Found: (unnamed)                       74:1D:DE:CF:24:B5
2026-05-13 13:30:59,895 [INFO]   Found: (unnamed)                       71:46:B6:B1:E8:60
2026-05-13 13:30:59,896 [INFO]   Found: (unnamed)                       5F:E5:60:EE:3D:FD
2026-05-13 13:30:59,896 [INFO]   Found: (unnamed)                       F7:83:0A:A4:63:77
2026-05-13 13:30:59,896 [INFO]   Found: (unnamed)                       09:B2:C2:17:79:72
2026-05-13 13:30:59,896 [INFO]   Found: (unnamed)                       3B:45:85:D1:A7:ED
2026-05-13 13:30:59,896 [INFO]   Found: (unnamed)                       66:1F:E6:2E:5C:97
2026-05-13 13:30:59,896 [INFO]   Found: (unnamed)                       CE:28:6A:25:DF:A1
2026-05-13 13:30:59,896 [INFO]   Found: (unnamed)                       F6:BE:E3:A3:9E:ED
2026-05-13 13:30:59,896 [INFO]   Found: (unnamed)                       60:9C:E2:2A:E2:99
2026-05-13 13:30:59,896 [INFO]   Found: (unnamed)                       FE:07:C9:76:CE:14
2026-05-13 13:30:59,896 [INFO]   Found: (unnamed)                       6C:C5:12:2A:0E:40
2026-05-13 13:30:59,896 [INFO]   Found: (unnamed)                       44:05:C1:67:6B:B4
2026-05-13 13:30:59,896 [INFO]   Found: (unnamed)                       F6:CE:A5:C3:7E:09
2026-05-13 13:30:59,896 [INFO]   Found: (unnamed)                       6D:AC:55:62:25:E3
2026-05-13 13:30:59,896 [INFO]   Found: (unnamed)                       62:B6:F3:B1:4D:7A
2026-05-13 13:30:59,896 [INFO]   Found: (unnamed)                       CB:D5:C5:1F:14:2C
2026-05-13 13:30:59,896 [INFO]   Found: (unnamed)                       0A:88:2D:BC:92:90
2026-05-13 13:30:59,896 [INFO]   Found: (unnamed)                       D9:16:3D:97:2A:27
2026-05-13 13:30:59,896 [INFO]   Found: (unnamed)                       45:54:F9:9A:67:71
2026-05-13 13:30:59,896 [INFO]   Found: (unnamed)                       42:45:BB:38:8F:09
2026-05-13 13:30:59,896 [INFO]   Found: (unnamed)                       1E:FA:36:44:FF:04
2026-05-13 13:30:59,896 [INFO]   Found: (unnamed)                       42:20:6E:69:1B:89
2026-05-13 13:30:59,896 [INFO]   Found: (unnamed)                       C2:EB:8A:B5:94:44
2026-05-13 13:30:59,896 [INFO]   Found: (unnamed)                       2F:76:8A:E6:19:85
2026-05-13 13:30:59,896 [INFO]   Found: BC2688871                       54:D6:0D:37:5D:E9
2026-05-13 13:30:59,896 [INFO]   Found: (unnamed)                       45:B3:A1:D6:0B:B5
2026-05-13 13:30:59,896 [INFO]   Found: (unnamed)                       7A:0A:2B:54:32:73
2026-05-13 13:30:59,896 [INFO]   Found: (unnamed)                       75:9B:6E:B8:82:13
2026-05-13 13:30:59,897 [INFO]   Found: (unnamed)                       0D:10:5D:69:3B:37
2026-05-13 13:30:59,897 [INFO]   Found: (unnamed)                       EA:6D:72:7A:75:17
2026-05-13 13:30:59,897 [INFO]   Found: (unnamed)                       17:FA:45:00:CD:D7
2026-05-13 13:30:59,897 [INFO]   Found: (unnamed)                       6B:09:D0:6B:80:82
2026-05-13 13:30:59,897 [INFO]   Found: (unnamed)                       74:3F:4F:59:BE:CF
2026-05-13 13:30:59,897 [INFO]   Found: (unnamed)                       7D:8D:72:96:0C:11
2026-05-13 13:30:59,897 [INFO]   Found: (unnamed)                       73:7E:45:87:B3:57
2026-05-13 13:30:59,897 [INFO]   Found: (unnamed)                       42:AD:96:C1:67:8D
2026-05-13 13:30:59,897 [INFO]   Found: (unnamed)                       59:FC:C3:F7:C3:A0
2026-05-13 13:30:59,897 [INFO]   Found: (unnamed)                       CC:D3:08:F1:D0:D6
2026-05-13 13:30:59,897 [INFO]   Found: (unnamed)                       40:B2:22:EB:84:89
2026-05-13 13:30:59,897 [INFO]   Found: (unnamed)                       7B:70:F2:00:BD:02
2026-05-13 13:30:59,897 [INFO]   Found: (unnamed)                       7D:F7:35:27:68:B0
2026-05-13 13:30:59,897 [INFO]   Found: (unnamed)                       7B:7C:3E:DF:FE:42
2026-05-13 13:30:59,897 [INFO]   Found: (unnamed)                       C0:DA:EF:33:20:53
2026-05-13 13:30:59,897 [INFO]   Found: (unnamed)                       5B:9F:DF:F4:60:F2
2026-05-13 13:30:59,897 [INFO]   Found: (unnamed)                       DE:B3:89:38:D0:F0
2026-05-13 13:30:59,897 [INFO]   Found: (unnamed)                       CF:D2:FD:B2:DA:2D
2026-05-13 13:30:59,897 [INFO]   Found: (unnamed)                       2E:6F:85:D2:02:E4
2026-05-13 13:30:59,897 [INFO]   Found: (unnamed)                       C9:24:26:80:C2:3A
2026-05-13 13:30:59,897 [INFO]   Found: (unnamed)                       2A:08:E9:9F:47:94
2026-05-13 13:30:59,897 [INFO]   Found: (unnamed)                       5F:B9:C2:A4:C5:B4
2026-05-13 13:30:59,897 [INFO]   Found: Galaxy Fit3 (70C8)              74:19:0A:14:70:C8
2026-05-13 13:30:59,897 [INFO]   Found: (unnamed)                       CE:CF:BF:EE:11:F8
2026-05-13 13:30:59,897 [INFO]   Found: (unnamed)                       E1:A8:23:24:59:07
2026-05-13 13:30:59,897 [INFO]   Found: (unnamed)                       FD:79:39:7B:4E:3F
2026-05-13 13:30:59,897 [INFO]   Found: (unnamed)                       5A:9A:66:6A:24:73
2026-05-13 13:30:59,897 [INFO]   Found: (unnamed)                       F2:A1:53:25:89:E4
2026-05-13 13:30:59,898 [INFO]   Found: (unnamed)                       3C:4E:BD:3F:4B:D1
2026-05-13 13:30:59,898 [INFO]   Found: (unnamed)                       52:B8:C4:1C:EE:93
2026-05-13 13:30:59,898 [INFO]   Found: (unnamed)                       7C:BF:AF:63:97:CF
2026-05-13 13:30:59,898 [INFO]   Found: (unnamed)                       45:25:8C:65:65:85
2026-05-13 13:30:59,898 [INFO]   Found: (unnamed)                       C9:AD:4D:BE:87:C7
2026-05-13 13:30:59,898 [INFO]   Found: (unnamed)                       6B:0A:92:1B:8C:CD
2026-05-13 13:30:59,898 [INFO]   Found: (unnamed)                       FC:05:94:53:28:B6
2026-05-13 13:30:59,898 [INFO]   Found: (unnamed)                       F1:D9:CA:E4:F0:FF
2026-05-13 13:30:59,898 [INFO]   Found: (unnamed)                       E4:99:AE:0F:E5:EE
2026-05-13 13:30:59,898 [INFO]   Found: (unnamed)                       F2:09:E5:28:B5:B4
2026-05-13 13:30:59,898 [INFO]   Found: (unnamed)                       7C:54:3F:3F:ED:DF
2026-05-13 13:30:59,898 [INFO]   Found: (unnamed)                       6C:72:49:F1:3A:E0
2026-05-13 13:30:59,898 [INFO]   Found: (unnamed)                       6F:3A:7D:BB:01:18
2026-05-13 13:30:59,898 [INFO]   Found: (unnamed)                       E2:A2:67:E1:E8:6F
2026-05-13 13:30:59,898 [INFO]   Found: (unnamed)                       D2:BC:6E:16:12:19
2026-05-13 13:30:59,898 [INFO]   Found: (unnamed)                       F2:1E:C4:7B:A9:57
2026-05-13 13:30:59,898 [INFO]   Found: (unnamed)                       C9:DE:CA:17:7A:DA
2026-05-13 13:30:59,898 [INFO] ✨ 1 candidate(s) found
2026-05-13 13:30:59,898 [INFO] Connecting to CE:68:27:E4:9F:D0...
2026-05-13 13:31:08,639 [INFO] Connected ✓  (notifications enabled)
2026-05-13 13:31:16,973 [INFO] 🌡  Warming up sensor (5s HR mode)...
2026-05-13 13:31:19,214 [INFO] ← RX [16b] cmd=0x28  crc_recv=0x80  crc_calc=0x80  raw=28 02 00 00 49 0d 00 00 00 00 00 00 00 00 00 80
2026-05-13 13:31:20,204 [INFO] ← RX [16b] cmd=0x28  crc_recv=0x80  crc_calc=0x80  raw=28 02 00 00 49 0d 00 00 00 00 00 00 00 00 00 80
2026-05-13 13:31:21,194 [INFO] ← RX [16b] cmd=0x28  crc_recv=0x80  crc_calc=0x80  raw=28 02 00 00 49 0d 00 00 00 00 00 00 00 00 00 80
2026-05-13 13:31:22,276 [INFO] ✅ Sensor warm — starting SpO2 measurement
2026-05-13 13:31:22,276 [INFO] ▶ Real-time SpO2 started (60s)...
2026-05-13 13:31:25,284 [INFO] ← RX [16b] cmd=0x28  crc_recv=0x81  crc_calc=0x81  raw=28 03 00 00 49 0d 00 00 00 00 00 00 00 00 00 81
2026-05-13 13:31:25,284 [WARNING]   ⚠  SpO2=0 — sensor may not be in contact yet. Raw: 28 03 00 00 49 0d 00 00 00 00 00 00 00 00 00 81
2026-05-13 13:31:26,234 [INFO] ← RX [16b] cmd=0x28  crc_recv=0x81  crc_calc=0x81  raw=28 03 00 00 49 0d 00 00 00 00 00 00 00 00 00 81
2026-05-13 13:31:26,234 [WARNING]   ⚠  SpO2=0 — sensor may not be in contact yet. Raw: 28 03 00 00 49 0d 00 00 00 00 00 00 00 00 00 81
2026-05-13 13:31:27,224 [INFO] ← RX [16b] cmd=0x28  crc_recv=0x81  crc_calc=0x81  raw=28 03 00 00 49 0d 00 00 00 00 00 00 00 00 00 81
2026-05-13 13:31:27,224 [WARNING]   ⚠  SpO2=0 — sensor may not be in contact yet. Raw: 28 03 00 00 49 0d 00 00 00 00 00 00 00 00 00 81
2026-05-13 13:31:28,214 [INFO] ← RX [16b] cmd=0x28  crc_recv=0x81  crc_calc=0x81  raw=28 03 00 00 49 0d 00 00 00 00 00 00 00 00 00 81
2026-05-13 13:31:28,214 [WARNING]   ⚠  SpO2=0 — sensor may not be in contact yet. Raw: 28 03 00 00 49 0d 00 00 00 00 00 00 00 00 00 81
2026-05-13 13:31:29,204 [INFO] ← RX [16b] cmd=0x28  crc_recv=0x81  crc_calc=0x81  raw=28 03 00 00 49 0d 00 00 00 00 00 00 00 00 00 81
2026-05-13 13:31:29,204 [WARNING]   ⚠  SpO2=0 — sensor may not be in contact yet. Raw: 28 03 00 00 49 0d 00 00 00 00 00 00 00 00 00 81
2026-05-13 13:31:30,193 [INFO] ← RX [16b] cmd=0x28  crc_recv=0x81  crc_calc=0x81  raw=28 03 00 00 49 0d 00 00 00 00 00 00 00 00 00 81
2026-05-13 13:31:30,194 [WARNING]   ⚠  SpO2=0 — sensor may not be in contact yet. Raw: 28 03 00 00 49 0d 00 00 00 00 00 00 00 00 00 81
2026-05-13 13:31:31,229 [INFO] ← RX [16b] cmd=0x28  crc_recv=0x81  crc_calc=0x81  raw=28 03 00 00 49 0d 00 00 00 00 00 00 00 00 00 81
2026-05-13 13:31:31,229 [WARNING]   ⚠  SpO2=0 — sensor may not be in contact yet. Raw: 28 03 00 00 49 0d 00 00 00 00 00 00 00 00 00 81
2026-05-13 13:31:32,219 [INFO] ← RX [16b] cmd=0x28  crc_recv=0x81  crc_calc=0x81  raw=28 03 00 00 49 0d 00 00 00 00 00 00 00 00 00 81
2026-05-13 13:31:32,219 [WARNING]   ⚠  SpO2=0 — sensor may not be in contact yet. Raw: 28 03 00 00 49 0d 00 00 00 00 00 00 00 00 00 81
2026-05-13 13:31:33,208 [INFO] ← RX [16b] cmd=0x28  crc_recv=0x81  crc_calc=0x81  raw=28 03 00 00 49 0d 00 00 00 00 00 00 00 00 00 81
2026-05-13 13:31:33,209 [WARNING]   ⚠  SpO2=0 — sensor may not be in contact yet. Raw: 28 03 00 00 49 0d 00 00 00 00 00 00 00 00 00 81
2026-05-13 13:31:34,198 [INFO] ← RX [16b] cmd=0x28  crc_recv=0xc9  crc_calc=0xc9  raw=28 03 48 00 49 0d 00 00 00 00 00 00 00 00 00 c9
2026-05-13 13:31:34,199 [WARNING]   ⚠  SpO2=0 — sensor may not be in contact yet. Raw: 28 03 48 00 49 0d 00 00 00 00 00 00 00 00 00 c9
2026-05-13 13:31:35,233 [INFO] ← RX [16b] cmd=0x28  crc_recv=0xc9  crc_calc=0xc9  raw=28 03 48 00 49 0d 00 00 00 00 00 00 00 00 00 c9
2026-05-13 13:31:35,234 [WARNING]   ⚠  SpO2=0 — sensor may not be in contact yet. Raw: 28 03 48 00 49 0d 00 00 00 00 00 00 00 00 00 c9
2026-05-13 13:31:36,223 [INFO] ← RX [16b] cmd=0x28  crc_recv=0xc8  crc_calc=0xc8  raw=28 03 47 00 49 0d 00 00 00 00 00 00 00 00 00 c8
2026-05-13 13:31:36,224 [WARNING]   ⚠  SpO2=0 — sensor may not be in contact yet. Raw: 28 03 47 00 49 0d 00 00 00 00 00 00 00 00 00 c8
2026-05-13 13:31:37,213 [INFO] ← RX [16b] cmd=0x28  crc_recv=0xc8  crc_calc=0xc8  raw=28 03 47 00 49 0d 00 00 00 00 00 00 00 00 00 c8
2026-05-13 13:31:37,214 [WARNING]   ⚠  SpO2=0 — sensor may not be in contact yet. Raw: 28 03 47 00 49 0d 00 00 00 00 00 00 00 00 00 c8
2026-05-13 13:31:38,203 [INFO] ← RX [16b] cmd=0x28  crc_recv=0xcd  crc_calc=0xcd  raw=28 03 4c 00 49 0d 00 00 00 00 00 00 00 00 00 cd
2026-05-13 13:31:38,204 [WARNING]   ⚠  SpO2=0 — sensor may not be in contact yet. Raw: 28 03 4c 00 49 0d 00 00 00 00 00 00 00 00 00 cd
2026-05-13 13:31:39,193 [INFO] ← RX [16b] cmd=0x28  crc_recv=0xcd  crc_calc=0xcd  raw=28 03 4c 00 49 0d 00 00 00 00 00 00 00 00 00 cd
2026-05-13 13:31:39,194 [WARNING]   ⚠  SpO2=0 — sensor may not be in contact yet. Raw: 28 03 4c 00 49 0d 00 00 00 00 00 00 00 00 00 cd
2026-05-13 13:31:40,228 [INFO] ← RX [16b] cmd=0x28  crc_recv=0xd3  crc_calc=0xd3  raw=28 03 52 00 49 0d 00 00 00 00 00 00 00 00 00 d3
2026-05-13 13:31:40,229 [WARNING]   ⚠  SpO2=0 — sensor may not be in contact yet. Raw: 28 03 52 00 49 0d 00 00 00 00 00 00 00 00 00 d3
2026-05-13 13:31:41,218 [INFO] ← RX [16b] cmd=0x28  crc_recv=0xd5  crc_calc=0xd5  raw=28 03 54 00 49 0d 00 00 00 00 00 00 00 00 00 d5
2026-05-13 13:31:41,218 [WARNING]   ⚠  SpO2=0 — sensor may not be in contact yet. Raw: 28 03 54 00 49 0d 00 00 00 00 00 00 00 00 00 d5
2026-05-13 13:31:42,208 [INFO] ← RX [16b] cmd=0x28  crc_recv=0xd5  crc_calc=0xd5  raw=28 03 54 00 49 0d 00 00 00 00 00 00 00 00 00 d5
2026-05-13 13:31:42,209 [WARNING]   ⚠  SpO2=0 — sensor may not be in contact yet. Raw: 28 03 54 00 49 0d 00 00 00 00 00 00 00 00 00 d5
2026-05-13 13:31:43,198 [INFO] ← RX [16b] cmd=0x28  crc_recv=0xd6  crc_calc=0xd6  raw=28 03 55 00 49 0d 00 00 00 00 00 00 00 00 00 d6
2026-05-13 13:31:43,199 [WARNING]   ⚠  SpO2=0 — sensor may not be in contact yet. Raw: 28 03 55 00 49 0d 00 00 00 00 00 00 00 00 00 d6
2026-05-13 13:31:44,233 [INFO] ← RX [16b] cmd=0x28  crc_recv=0xd6  crc_calc=0xd6  raw=28 03 55 00 49 0d 00 00 00 00 00 00 00 00 00 d6
2026-05-13 13:31:44,234 [WARNING]   ⚠  SpO2=0 — sensor may not be in contact yet. Raw: 28 03 55 00 49 0d 00 00 00 00 00 00 00 00 00 d6
2026-05-13 13:31:45,223 [INFO] ← RX [16b] cmd=0x28  crc_recv=0xd5  crc_calc=0xd5  raw=28 03 54 00 49 0d 00 00 00 00 00 00 00 00 00 d5
2026-05-13 13:31:45,224 [WARNING]   ⚠  SpO2=0 — sensor may not be in contact yet. Raw: 28 03 54 00 49 0d 00 00 00 00 00 00 00 00 00 d5
2026-05-13 13:31:46,213 [INFO] ← RX [16b] cmd=0x28  crc_recv=0xd5  crc_calc=0xd5  raw=28 03 54 00 49 0d 00 00 00 00 00 00 00 00 00 d5
2026-05-13 13:31:46,214 [WARNING]   ⚠  SpO2=0 — sensor may not be in contact yet. Raw: 28 03 54 00 49 0d 00 00 00 00 00 00 00 00 00 d5
2026-05-13 13:31:47,203 [INFO] ← RX [16b] cmd=0x28  crc_recv=0xd5  crc_calc=0xd5  raw=28 03 54 00 49 0d 00 00 00 00 00 00 00 00 00 d5
2026-05-13 13:31:47,203 [WARNING]   ⚠  SpO2=0 — sensor may not be in contact yet. Raw: 28 03 54 00 49 0d 00 00 00 00 00 00 00 00 00 d5
2026-05-13 13:31:48,193 [INFO] ← RX [16b] cmd=0x28  crc_recv=0x36  crc_calc=0x36  raw=28 03 54 61 49 0d 00 00 00 00 00 00 00 00 00 36
2026-05-13 13:31:48,194 [INFO]   📡 SpO2: {'measure_type': 3, 'heart_rate': 84, 'spo2': 97, 'unknown_b04': 0, 'fatigue': 0, 'systolic_bp': 0, 'diastolic_bp': 0}
2026-05-13 13:31:49,228 [INFO] ← RX [16b] cmd=0x28  crc_recv=0x34  crc_calc=0x34  raw=28 03 53 60 49 0d 00 00 00 00 00 00 00 00 00 34
2026-05-13 13:31:49,229 [INFO]   📡 SpO2: {'measure_type': 3, 'heart_rate': 83, 'spo2': 96, 'unknown_b04': 0, 'fatigue': 0, 'systolic_bp': 0, 'diastolic_bp': 0}
2026-05-13 13:31:50,218 [INFO] ← RX [16b] cmd=0x28  crc_recv=0x34  crc_calc=0x34  raw=28 03 52 61 49 0d 00 00 00 00 00 00 00 00 00 34
2026-05-13 13:31:50,219 [INFO]   📡 SpO2: {'measure_type': 3, 'heart_rate': 82, 'spo2': 97, 'unknown_b04': 0, 'fatigue': 0, 'systolic_bp': 0, 'diastolic_bp': 0}
2026-05-13 13:31:51,208 [INFO] ← RX [16b] cmd=0x28  crc_recv=0x34  crc_calc=0x34  raw=28 03 52 61 49 0d 00 00 00 00 00 00 00 00 00 34
2026-05-13 13:31:51,209 [INFO]   📡 SpO2: {'measure_type': 3, 'heart_rate': 82, 'spo2': 97, 'unknown_b04': 0, 'fatigue': 0, 'systolic_bp': 0, 'diastolic_bp': 0}
2026-05-13 13:31:52,198 [INFO] ← RX [16b] cmd=0x28  crc_recv=0x34  crc_calc=0x34  raw=28 03 52 61 49 0d 00 00 00 00 00 00 00 00 00 34
2026-05-13 13:31:52,199 [INFO]   📡 SpO2: {'measure_type': 3, 'heart_rate': 82, 'spo2': 97, 'unknown_b04': 0, 'fatigue': 0, 'systolic_bp': 0, 'diastolic_bp': 0}
2026-05-13 13:31:53,233 [INFO] ← RX [16b] cmd=0x28  crc_recv=0x33  crc_calc=0x33  raw=28 03 52 60 49 0d 00 00 00 00 00 00 00 00 00 33
2026-05-13 13:31:53,237 [INFO]   📡 SpO2: {'measure_type': 3, 'heart_rate': 82, 'spo2': 96, 'unknown_b04': 0, 'fatigue': 0, 'systolic_bp': 0, 'diastolic_bp': 0}
2026-05-13 13:31:54,223 [INFO] ← RX [16b] cmd=0x28  crc_recv=0x32  crc_calc=0x32  raw=28 03 51 60 49 0d 00 00 00 00 00 00 00 00 00 32
2026-05-13 13:31:54,224 [INFO]   📡 SpO2: {'measure_type': 3, 'heart_rate': 81, 'spo2': 96, 'unknown_b04': 0, 'fatigue': 0, 'systolic_bp': 0, 'diastolic_bp': 0}
2026-05-13 13:31:55,213 [INFO] ← RX [16b] cmd=0x28  crc_recv=0x32  crc_calc=0x32  raw=28 03 50 61 49 0d 00 00 00 00 00 00 00 00 00 32
2026-05-13 13:31:55,214 [INFO]   📡 SpO2: {'measure_type': 3, 'heart_rate': 80, 'spo2': 97, 'unknown_b04': 0, 'fatigue': 0, 'systolic_bp': 0, 'diastolic_bp': 0}
2026-05-13 13:31:56,203 [INFO] ← RX [16b] cmd=0x28  crc_recv=0x32  crc_calc=0x32  raw=28 03 50 61 49 0d 00 00 00 00 00 00 00 00 00 32
2026-05-13 13:31:56,204 [INFO]   📡 SpO2: {'measure_type': 3, 'heart_rate': 80, 'spo2': 97, 'unknown_b04': 0, 'fatigue': 0, 'systolic_bp': 0, 'diastolic_bp': 0}
2026-05-13 13:31:57,193 [INFO] ← RX [16b] cmd=0x28  crc_recv=0x31  crc_calc=0x31  raw=28 03 4f 61 49 0d 00 00 00 00 00 00 00 00 00 31
2026-05-13 13:31:57,194 [INFO]   📡 SpO2: {'measure_type': 3, 'heart_rate': 79, 'spo2': 97, 'unknown_b04': 0, 'fatigue': 0, 'systolic_bp': 0, 'diastolic_bp': 0}
2026-05-13 13:31:58,228 [INFO] ← RX [16b] cmd=0x28  crc_recv=0x30  crc_calc=0x30  raw=28 03 4e 61 49 0d 00 00 00 00 00 00 00 00 00 30
2026-05-13 13:31:58,228 [INFO]   📡 SpO2: {'measure_type': 3, 'heart_rate': 78, 'spo2': 97, 'unknown_b04': 0, 'fatigue': 0, 'systolic_bp': 0, 'diastolic_bp': 0}
2026-05-13 13:31:59,218 [INFO] ← RX [16b] cmd=0x28  crc_recv=0x2f  crc_calc=0x2f  raw=28 03 4d 61 49 0d 00 00 00 00 00 00 00 00 00 2f
2026-05-13 13:31:59,219 [INFO]   📡 SpO2: {'measure_type': 3, 'heart_rate': 77, 'spo2': 97, 'unknown_b04': 0, 'fatigue': 0, 'systolic_bp': 0, 'diastolic_bp': 0}
2026-05-13 13:32:00,208 [INFO] ← RX [16b] cmd=0x28  crc_recv=0x2f  crc_calc=0x2f  raw=28 03 4d 61 49 0d 00 00 00 00 00 00 00 00 00 2f
2026-05-13 13:32:00,208 [INFO]   📡 SpO2: {'measure_type': 3, 'heart_rate': 77, 'spo2': 97, 'unknown_b04': 0, 'fatigue': 0, 'systolic_bp': 0, 'diastolic_bp': 0}
2026-05-13 13:32:01,198 [INFO] ← RX [16b] cmd=0x28  crc_recv=0x2f  crc_calc=0x2f  raw=28 03 4d 61 49 0d 00 00 00 00 00 00 00 00 00 2f
2026-05-13 13:32:01,198 [INFO]   📡 SpO2: {'measure_type': 3, 'heart_rate': 77, 'spo2': 97, 'unknown_b04': 0, 'fatigue': 0, 'systolic_bp': 0, 'diastolic_bp': 0}
2026-05-13 13:32:02,233 [INFO] ← RX [16b] cmd=0x28  crc_recv=0x30  crc_calc=0x30  raw=28 03 4e 61 49 0d 00 00 00 00 00 00 00 00 00 30
2026-05-13 13:32:02,233 [INFO]   📡 SpO2: {'measure_type': 3, 'heart_rate': 78, 'spo2': 97, 'unknown_b04': 0, 'fatigue': 0, 'systolic_bp': 0, 'diastolic_bp': 0}
2026-05-13 13:32:03,223 [INFO] ← RX [16b] cmd=0x28  crc_recv=0x31  crc_calc=0x31  raw=28 03 4f 61 49 0d 00 00 00 00 00 00 00 00 00 31
2026-05-13 13:32:03,223 [INFO]   📡 SpO2: {'measure_type': 3, 'heart_rate': 79, 'spo2': 97, 'unknown_b04': 0, 'fatigue': 0, 'systolic_bp': 0, 'diastolic_bp': 0}
2026-05-13 13:32:04,213 [INFO] ← RX [16b] cmd=0x28  crc_recv=0x31  crc_calc=0x31  raw=28 03 4f 61 49 0d 00 00 00 00 00 00 00 00 00 31
2026-05-13 13:32:04,213 [INFO]   📡 SpO2: {'measure_type': 3, 'heart_rate': 79, 'spo2': 97, 'unknown_b04': 0, 'fatigue': 0, 'systolic_bp': 0, 'diastolic_bp': 0}
2026-05-13 13:32:05,203 [INFO] ← RX [16b] cmd=0x28  crc_recv=0x31  crc_calc=0x31  raw=28 03 4f 61 49 0d 00 00 00 00 00 00 00 00 00 31
2026-05-13 13:32:05,203 [INFO]   📡 SpO2: {'measure_type': 3, 'heart_rate': 79, 'spo2': 97, 'unknown_b04': 0, 'fatigue': 0, 'systolic_bp': 0, 'diastolic_bp': 0}
2026-05-13 13:32:06,193 [INFO] ← RX [16b] cmd=0x28  crc_recv=0x32  crc_calc=0x32  raw=28 03 50 61 49 0d 00 00 00 00 00 00 00 00 00 32
2026-05-13 13:32:06,193 [INFO]   📡 SpO2: {'measure_type': 3, 'heart_rate': 80, 'spo2': 97, 'unknown_b04': 0, 'fatigue': 0, 'systolic_bp': 0, 'diastolic_bp': 0}
2026-05-13 13:32:07,228 [INFO] ← RX [16b] cmd=0x28  crc_recv=0x32  crc_calc=0x32  raw=28 03 50 61 49 0d 00 00 00 00 00 00 00 00 00 32
2026-05-13 13:32:07,228 [INFO]   📡 SpO2: {'measure_type': 3, 'heart_rate': 80, 'spo2': 97, 'unknown_b04': 0, 'fatigue': 0, 'systolic_bp': 0, 'diastolic_bp': 0}
2026-05-13 13:32:08,218 [INFO] ← RX [16b] cmd=0x28  crc_recv=0x32  crc_calc=0x32  raw=28 03 50 61 49 0d 00 00 00 00 00 00 00 00 00 32
2026-05-13 13:32:08,218 [INFO]   📡 SpO2: {'measure_type': 3, 'heart_rate': 80, 'spo2': 97, 'unknown_b04': 0, 'fatigue': 0, 'systolic_bp': 0, 'diastolic_bp': 0}
2026-05-13 13:32:09,208 [INFO] ← RX [16b] cmd=0x28  crc_recv=0x31  crc_calc=0x31  raw=28 03 4f 61 49 0d 00 00 00 00 00 00 00 00 00 31
2026-05-13 13:32:09,208 [INFO]   📡 SpO2: {'measure_type': 3, 'heart_rate': 79, 'spo2': 97, 'unknown_b04': 0, 'fatigue': 0, 'systolic_bp': 0, 'diastolic_bp': 0}
2026-05-13 13:32:10,198 [INFO] ← RX [16b] cmd=0x28  crc_recv=0x32  crc_calc=0x32  raw=28 03 50 61 49 0d 00 00 00 00 00 00 00 00 00 32
2026-05-13 13:32:10,198 [INFO]   📡 SpO2: {'measure_type': 3, 'heart_rate': 80, 'spo2': 97, 'unknown_b04': 0, 'fatigue': 0, 'systolic_bp': 0, 'diastolic_bp': 0}
2026-05-13 13:32:11,233 [INFO] ← RX [16b] cmd=0x28  crc_recv=0x34  crc_calc=0x34  raw=28 03 52 61 49 0d 00 00 00 00 00 00 00 00 00 34
2026-05-13 13:32:11,233 [INFO]   📡 SpO2: {'measure_type': 3, 'heart_rate': 82, 'spo2': 97, 'unknown_b04': 0, 'fatigue': 0, 'systolic_bp': 0, 'diastolic_bp': 0}
2026-05-13 13:32:12,223 [INFO] ← RX [16b] cmd=0x28  crc_recv=0x35  crc_calc=0x35  raw=28 03 53 61 49 0d 00 00 00 00 00 00 00 00 00 35
2026-05-13 13:32:12,223 [INFO]   📡 SpO2: {'measure_type': 3, 'heart_rate': 83, 'spo2': 97, 'unknown_b04': 0, 'fatigue': 0, 'systolic_bp': 0, 'diastolic_bp': 0}
2026-05-13 13:32:13,213 [INFO] ← RX [16b] cmd=0x28  crc_recv=0x35  crc_calc=0x35  raw=28 03 53 61 49 0d 00 00 00 00 00 00 00 00 00 35
2026-05-13 13:32:13,213 [INFO]   📡 SpO2: {'measure_type': 3, 'heart_rate': 83, 'spo2': 97, 'unknown_b04': 0, 'fatigue': 0, 'systolic_bp': 0, 'diastolic_bp': 0}
2026-05-13 13:32:14,203 [INFO] ← RX [16b] cmd=0x28  crc_recv=0x35  crc_calc=0x35  raw=28 03 53 61 49 0d 00 00 00 00 00 00 00 00 00 35
2026-05-13 13:32:14,203 [INFO]   📡 SpO2: {'measure_type': 3, 'heart_rate': 83, 'spo2': 97, 'unknown_b04': 0, 'fatigue': 0, 'systolic_bp': 0, 'diastolic_bp': 0}
2026-05-13 13:32:15,193 [INFO] ← RX [16b] cmd=0x28  crc_recv=0x35  crc_calc=0x35  raw=28 03 53 61 49 0d 00 00 00 00 00 00 00 00 00 35
2026-05-13 13:32:15,193 [INFO]   📡 SpO2: {'measure_type': 3, 'heart_rate': 83, 'spo2': 97, 'unknown_b04': 0, 'fatigue': 0, 'systolic_bp': 0, 'diastolic_bp': 0}
2026-05-13 13:32:16,228 [INFO] ← RX [16b] cmd=0x28  crc_recv=0x36  crc_calc=0x36  raw=28 03 54 61 49 0d 00 00 00 00 00 00 00 00 00 36
2026-05-13 13:32:16,228 [INFO]   📡 SpO2: {'measure_type': 3, 'heart_rate': 84, 'spo2': 97, 'unknown_b04': 0, 'fatigue': 0, 'systolic_bp': 0, 'diastolic_bp': 0}
2026-05-13 13:32:17,218 [INFO] ← RX [16b] cmd=0x28  crc_recv=0x35  crc_calc=0x35  raw=28 03 53 61 49 0d 00 00 00 00 00 00 00 00 00 35
2026-05-13 13:32:17,218 [INFO]   📡 SpO2: {'measure_type': 3, 'heart_rate': 83, 'spo2': 97, 'unknown_b04': 0, 'fatigue': 0, 'systolic_bp': 0, 'diastolic_bp': 0}
2026-05-13 13:32:18,208 [INFO] ← RX [16b] cmd=0x28  crc_recv=0x34  crc_calc=0x34  raw=28 03 52 61 49 0d 00 00 00 00 00 00 00 00 00 34
2026-05-13 13:32:18,208 [INFO]   📡 SpO2: {'measure_type': 3, 'heart_rate': 82, 'spo2': 97, 'unknown_b04': 0, 'fatigue': 0, 'systolic_bp': 0, 'diastolic_bp': 0}
2026-05-13 13:32:19,198 [INFO] ← RX [16b] cmd=0x28  crc_recv=0x34  crc_calc=0x34  raw=28 03 52 61 49 0d 00 00 00 00 00 00 00 00 00 34
2026-05-13 13:32:19,198 [INFO]   📡 SpO2: {'measure_type': 3, 'heart_rate': 82, 'spo2': 97, 'unknown_b04': 0, 'fatigue': 0, 'systolic_bp': 0, 'diastolic_bp': 0}
2026-05-13 13:32:20,233 [INFO] ← RX [16b] cmd=0x28  crc_recv=0x34  crc_calc=0x34  raw=28 03 52 61 49 0d 00 00 00 00 00 00 00 00 00 34
2026-05-13 13:32:20,233 [INFO]   📡 SpO2: {'measure_type': 3, 'heart_rate': 82, 'spo2': 97, 'unknown_b04': 0, 'fatigue': 0, 'systolic_bp': 0, 'diastolic_bp': 0}
2026-05-13 13:32:21,223 [INFO] ← RX [16b] cmd=0x28  crc_recv=0x35  crc_calc=0x35  raw=28 03 53 61 49 0d 00 00 00 00 00 00 00 00 00 35
2026-05-13 13:32:21,223 [INFO]   📡 SpO2: {'measure_type': 3, 'heart_rate': 83, 'spo2': 97, 'unknown_b04': 0, 'fatigue': 0, 'systolic_bp': 0, 'diastolic_bp': 0}
2026-05-13 13:32:22,213 [INFO] ← RX [16b] cmd=0x28  crc_recv=0x35  crc_calc=0x35  raw=28 03 53 61 49 0d 00 00 00 00 00 00 00 00 00 35
2026-05-13 13:32:22,213 [INFO]   📡 SpO2: {'measure_type': 3, 'heart_rate': 83, 'spo2': 97, 'unknown_b04': 0, 'fatigue': 0, 'systolic_bp': 0, 'diastolic_bp': 0}
2026-05-13 13:32:22,278 [INFO] ⏹ Real-time SpO2 stopped. 35 samples.
2026-05-13 13:34:26,662 [INFO] 🌡  Warming up sensor (5s HR mode)...
2026-05-13 13:34:29,278 [INFO] ← RX [16b] cmd=0x28  crc_recv=0x80  crc_calc=0x80  raw=28 02 00 00 49 0d 00 00 00 00 00 00 00 00 00 80
2026-05-13 13:34:30,403 [INFO] ← RX [16b] cmd=0x28  crc_recv=0x80  crc_calc=0x80  raw=28 02 00 00 49 0d 00 00 00 00 00 00 00 00 00 80
2026-05-13 13:34:31,528 [INFO] ← RX [16b] cmd=0x28  crc_recv=0x80  crc_calc=0x80  raw=28 02 00 00 49 0d 00 00 00 00 00 00 00 00 00 80
2026-05-13 13:34:31,965 [INFO] ✅ Sensor warm — starting SpO2 measurement
2026-05-13 13:34:31,966 [INFO] ▶ Real-time SpO2 started (60s)...
2026-05-13 13:34:35,284 [INFO] ← RX [16b] cmd=0x28  crc_recv=0x81  crc_calc=0x81  raw=28 03 00 00 49 0d 00 00 00 00 00 00 00 00 00 81
2026-05-13 13:34:35,284 [WARNING]   ⚠  SpO2=0 — sensor may not be in contact yet. Raw: 28 03 00 00 49 0d 00 00 00 00 00 00 00 00 00 81
2026-05-13 13:34:36,215 [INFO] ← RX [16b] cmd=0x28  crc_recv=0x81  crc_calc=0x81  raw=28 03 00 00 49 0d 00 00 00 00 00 00 00 00 00 81
2026-05-13 13:34:36,215 [WARNING]   ⚠  SpO2=0 — sensor may not be in contact yet. Raw: 28 03 00 00 49 0d 00 00 00 00 00 00 00 00 00 81
2026-05-13 13:34:37,228 [INFO] ← RX [16b] cmd=0x28  crc_recv=0x81  crc_calc=0x81  raw=28 03 00 00 49 0d 00 00 00 00 00 00 00 00 00 81
2026-05-13 13:34:37,228 [WARNING]   ⚠  SpO2=0 — sensor may not be in contact yet. Raw: 28 03 00 00 49 0d 00 00 00 00 00 00 00 00 00 81
2026-05-13 13:34:38,203 [INFO] ← RX [16b] cmd=0x28  crc_recv=0x81  crc_calc=0x81  raw=28 03 00 00 49 0d 00 00 00 00 00 00 00 00 00 81
2026-05-13 13:34:38,203 [WARNING]   ⚠  SpO2=0 — sensor may not be in contact yet. Raw: 28 03 00 00 49 0d 00 00 00 00 00 00 00 00 00 81
2026-05-13 13:34:39,215 [INFO] ← RX [16b] cmd=0x28  crc_recv=0x81  crc_calc=0x81  raw=28 03 00 00 49 0d 00 00 00 00 00 00 00 00 00 81
2026-05-13 13:34:39,215 [WARNING]   ⚠  SpO2=0 — sensor may not be in contact yet. Raw: 28 03 00 00 49 0d 00 00 00 00 00 00 00 00 00 81
2026-05-13 13:34:40,190 [INFO] ← RX [16b] cmd=0x28  crc_recv=0x81  crc_calc=0x81  raw=28 03 00 00 49 0d 00 00 00 00 00 00 00 00 00 81
2026-05-13 13:34:40,190 [WARNING]   ⚠  SpO2=0 — sensor may not be in contact yet. Raw: 28 03 00 00 49 0d 00 00 00 00 00 00 00 00 00 81
2026-05-13 13:34:41,203 [INFO] ← RX [16b] cmd=0x28  crc_recv=0x81  crc_calc=0x81  raw=28 03 00 00 49 0d 00 00 00 00 00 00 00 00 00 81
2026-05-13 13:34:41,203 [WARNING]   ⚠  SpO2=0 — sensor may not be in contact yet. Raw: 28 03 00 00 49 0d 00 00 00 00 00 00 00 00 00 81
2026-05-13 13:34:42,215 [INFO] ← RX [16b] cmd=0x28  crc_recv=0x81  crc_calc=0x81  raw=28 03 00 00 49 0d 00 00 00 00 00 00 00 00 00 81
2026-05-13 13:34:42,215 [WARNING]   ⚠  SpO2=0 — sensor may not be in contact yet. Raw: 28 03 00 00 49 0d 00 00 00 00 00 00 00 00 00 81
2026-05-13 13:34:43,190 [INFO] ← RX [16b] cmd=0x28  crc_recv=0x81  crc_calc=0x81  raw=28 03 00 00 49 0d 00 00 00 00 00 00 00 00 00 81
2026-05-13 13:34:43,190 [WARNING]   ⚠  SpO2=0 — sensor may not be in contact yet. Raw: 28 03 00 00 49 0d 00 00 00 00 00 00 00 00 00 81
2026-05-13 13:34:44,203 [INFO] ← RX [16b] cmd=0x28  crc_recv=0x81  crc_calc=0x81  raw=28 03 00 00 49 0d 00 00 00 00 00 00 00 00 00 81
2026-05-13 13:34:44,203 [WARNING]   ⚠  SpO2=0 — sensor may not be in contact yet. Raw: 28 03 00 00 49 0d 00 00 00 00 00 00 00 00 00 81
2026-05-13 13:34:45,215 [INFO] ← RX [16b] cmd=0x28  crc_recv=0x81  crc_calc=0x81  raw=28 03 00 00 49 0d 00 00 00 00 00 00 00 00 00 81
2026-05-13 13:34:45,215 [WARNING]   ⚠  SpO2=0 — sensor may not be in contact yet. Raw: 28 03 00 00 49 0d 00 00 00 00 00 00 00 00 00 81
2026-05-13 13:34:46,190 [INFO] ← RX [16b] cmd=0x28  crc_recv=0x81  crc_calc=0x81  raw=28 03 00 00 49 0d 00 00 00 00 00 00 00 00 00 81
2026-05-13 13:34:46,190 [WARNING]   ⚠  SpO2=0 — sensor may not be in contact yet. Raw: 28 03 00 00 49 0d 00 00 00 00 00 00 00 00 00 81
2026-05-13 13:34:47,203 [INFO] ← RX [16b] cmd=0x28  crc_recv=0xd1  crc_calc=0xd1  raw=28 03 50 00 49 0d 00 00 00 00 00 00 00 00 00 d1
2026-05-13 13:34:47,203 [WARNING]   ⚠  SpO2=0 — sensor may not be in contact yet. Raw: 28 03 50 00 49 0d 00 00 00 00 00 00 00 00 00 d1
2026-05-13 13:34:48,215 [INFO] ← RX [16b] cmd=0x28  crc_recv=0xd0  crc_calc=0xd0  raw=28 03 4f 00 49 0d 00 00 00 00 00 00 00 00 00 d0
2026-05-13 13:34:48,215 [WARNING]   ⚠  SpO2=0 — sensor may not be in contact yet. Raw: 28 03 4f 00 49 0d 00 00 00 00 00 00 00 00 00 d0
2026-05-13 13:34:49,228 [INFO] ← RX [16b] cmd=0x28  crc_recv=0xd0  crc_calc=0xd0  raw=28 03 4f 00 49 0d 00 00 00 00 00 00 00 00 00 d0
2026-05-13 13:34:49,228 [WARNING]   ⚠  SpO2=0 — sensor may not be in contact yet. Raw: 28 03 4f 00 49 0d 00 00 00 00 00 00 00 00 00 d0
2026-05-13 13:34:50,203 [INFO] ← RX [16b] cmd=0x28  crc_recv=0xd0  crc_calc=0xd0  raw=28 03 4f 00 49 0d 00 00 00 00 00 00 00 00 00 d0
2026-05-13 13:34:50,203 [WARNING]   ⚠  SpO2=0 — sensor may not be in contact yet. Raw: 28 03 4f 00 49 0d 00 00 00 00 00 00 00 00 00 d0
2026-05-13 13:34:51,215 [INFO] ← RX [16b] cmd=0x28  crc_recv=0xd4  crc_calc=0xd4  raw=28 03 53 00 49 0d 00 00 00 00 00 00 00 00 00 d4
2026-05-13 13:34:51,215 [WARNING]   ⚠  SpO2=0 — sensor may not be in contact yet. Raw: 28 03 53 00 49 0d 00 00 00 00 00 00 00 00 00 d4
2026-05-13 13:34:52,228 [INFO] ← RX [16b] cmd=0x28  crc_recv=0xd6  crc_calc=0xd6  raw=28 03 55 00 49 0d 00 00 00 00 00 00 00 00 00 d6
2026-05-13 13:34:52,228 [WARNING]   ⚠  SpO2=0 — sensor may not be in contact yet. Raw: 28 03 55 00 49 0d 00 00 00 00 00 00 00 00 00 d6
2026-05-13 13:34:53,203 [INFO] ← RX [16b] cmd=0x28  crc_recv=0xd8  crc_calc=0xd8  raw=28 03 57 00 49 0d 00 00 00 00 00 00 00 00 00 d8
2026-05-13 13:34:53,203 [WARNING]   ⚠  SpO2=0 — sensor may not be in contact yet. Raw: 28 03 57 00 49 0d 00 00 00 00 00 00 00 00 00 d8
2026-05-13 13:34:54,215 [INFO] ← RX [16b] cmd=0x28  crc_recv=0xdb  crc_calc=0xdb  raw=28 03 5a 00 49 0d 00 00 00 00 00 00 00 00 00 db
2026-05-13 13:34:54,215 [WARNING]   ⚠  SpO2=0 — sensor may not be in contact yet. Raw: 28 03 5a 00 49 0d 00 00 00 00 00 00 00 00 00 db
2026-05-13 13:34:55,228 [INFO] ← RX [16b] cmd=0x28  crc_recv=0xdc  crc_calc=0xdc  raw=28 03 5b 00 49 0d 00 00 00 00 00 00 00 00 00 dc
2026-05-13 13:34:55,228 [WARNING]   ⚠  SpO2=0 — sensor may not be in contact yet. Raw: 28 03 5b 00 49 0d 00 00 00 00 00 00 00 00 00 dc
2026-05-13 13:34:56,203 [INFO] ← RX [16b] cmd=0x28  crc_recv=0xda  crc_calc=0xda  raw=28 03 59 00 49 0d 00 00 00 00 00 00 00 00 00 da
2026-05-13 13:34:56,203 [WARNING]   ⚠  SpO2=0 — sensor may not be in contact yet. Raw: 28 03 59 00 49 0d 00 00 00 00 00 00 00 00 00 da
2026-05-13 13:34:57,215 [INFO] ← RX [16b] cmd=0x28  crc_recv=0xd8  crc_calc=0xd8  raw=28 03 57 00 49 0d 00 00 00 00 00 00 00 00 00 d8
2026-05-13 13:34:57,215 [WARNING]   ⚠  SpO2=0 — sensor may not be in contact yet. Raw: 28 03 57 00 49 0d 00 00 00 00 00 00 00 00 00 d8
2026-05-13 13:34:58,228 [INFO] ← RX [16b] cmd=0x28  crc_recv=0x36  crc_calc=0x36  raw=28 03 55 60 49 0d 00 00 00 00 00 00 00 00 00 36
2026-05-13 13:34:58,228 [INFO]   📡 SpO2: {'measure_type': 3, 'heart_rate': 85, 'spo2': 96, 'unknown_b04': 0, 'fatigue': 0, 'systolic_bp': 0, 'diastolic_bp': 0}
2026-05-13 13:34:59,203 [INFO] ← RX [16b] cmd=0x28  crc_recv=0x36  crc_calc=0x36  raw=28 03 55 60 49 0d 00 00 00 00 00 00 00 00 00 36
2026-05-13 13:34:59,203 [INFO]   📡 SpO2: {'measure_type': 3, 'heart_rate': 85, 'spo2': 96, 'unknown_b04': 0, 'fatigue': 0, 'systolic_bp': 0, 'diastolic_bp': 0}
2026-05-13 13:35:00,215 [INFO] ← RX [16b] cmd=0x28  crc_recv=0x36  crc_calc=0x36  raw=28 03 55 60 49 0d 00 00 00 00 00 00 00 00 00 36
2026-05-13 13:35:00,215 [INFO]   📡 SpO2: {'measure_type': 3, 'heart_rate': 85, 'spo2': 96, 'unknown_b04': 0, 'fatigue': 0, 'systolic_bp': 0, 'diastolic_bp': 0}
2026-05-13 13:35:01,190 [INFO] ← RX [16b] cmd=0x28  crc_recv=0x34  crc_calc=0x34  raw=28 03 54 5f 49 0d 00 00 00 00 00 00 00 00 00 34
2026-05-13 13:35:01,190 [INFO]   📡 SpO2: {'measure_type': 3, 'heart_rate': 84, 'spo2': 95, 'unknown_b04': 0, 'fatigue': 0, 'systolic_bp': 0, 'diastolic_bp': 0}
2026-05-13 13:35:02,203 [INFO] ← RX [16b] cmd=0x28  crc_recv=0x34  crc_calc=0x34  raw=28 03 54 5f 49 0d 00 00 00 00 00 00 00 00 00 34
2026-05-13 13:35:02,203 [INFO]   📡 SpO2: {'measure_type': 3, 'heart_rate': 84, 'spo2': 95, 'unknown_b04': 0, 'fatigue': 0, 'systolic_bp': 0, 'diastolic_bp': 0}
2026-05-13 13:35:03,215 [INFO] ← RX [16b] cmd=0x28  crc_recv=0x33  crc_calc=0x33  raw=28 03 53 5f 49 0d 00 00 00 00 00 00 00 00 00 33
2026-05-13 13:35:03,215 [INFO]   📡 SpO2: {'measure_type': 3, 'heart_rate': 83, 'spo2': 95, 'unknown_b04': 0, 'fatigue': 0, 'systolic_bp': 0, 'diastolic_bp': 0}
2026-05-13 13:35:04,190 [INFO] ← RX [16b] cmd=0x28  crc_recv=0x32  crc_calc=0x32  raw=28 03 52 5f 49 0d 00 00 00 00 00 00 00 00 00 32
2026-05-13 13:35:04,190 [INFO]   📡 SpO2: {'measure_type': 3, 'heart_rate': 82, 'spo2': 95, 'unknown_b04': 0, 'fatigue': 0, 'systolic_bp': 0, 'diastolic_bp': 0}
2026-05-13 13:35:05,203 [INFO] ← RX [16b] cmd=0x28  crc_recv=0x32  crc_calc=0x32  raw=28 03 52 5f 49 0d 00 00 00 00 00 00 00 00 00 32
2026-05-13 13:35:05,203 [INFO]   📡 SpO2: {'measure_type': 3, 'heart_rate': 82, 'spo2': 95, 'unknown_b04': 0, 'fatigue': 0, 'systolic_bp': 0, 'diastolic_bp': 0}
2026-05-13 13:35:06,216 [INFO] ← RX [16b] cmd=0x28  crc_recv=0x31  crc_calc=0x31  raw=28 03 51 5f 49 0d 00 00 00 00 00 00 00 00 00 31
2026-05-13 13:35:06,216 [INFO]   📡 SpO2: {'measure_type': 3, 'heart_rate': 81, 'spo2': 95, 'unknown_b04': 0, 'fatigue': 0, 'systolic_bp': 0, 'diastolic_bp': 0}
2026-05-13 13:35:07,190 [INFO] ← RX [16b] cmd=0x28  crc_recv=0x31  crc_calc=0x31  raw=28 03 51 5f 49 0d 00 00 00 00 00 00 00 00 00 31
2026-05-13 13:35:07,190 [INFO]   📡 SpO2: {'measure_type': 3, 'heart_rate': 81, 'spo2': 95, 'unknown_b04': 0, 'fatigue': 0, 'systolic_bp': 0, 'diastolic_bp': 0}
2026-05-13 13:35:08,203 [INFO] ← RX [16b] cmd=0x28  crc_recv=0x31  crc_calc=0x31  raw=28 03 51 5f 49 0d 00 00 00 00 00 00 00 00 00 31
2026-05-13 13:35:08,203 [INFO]   📡 SpO2: {'measure_type': 3, 'heart_rate': 81, 'spo2': 95, 'unknown_b04': 0, 'fatigue': 0, 'systolic_bp': 0, 'diastolic_bp': 0}
2026-05-13 13:35:09,215 [INFO] ← RX [16b] cmd=0x28  crc_recv=0x30  crc_calc=0x30  raw=28 03 50 5f 49 0d 00 00 00 00 00 00 00 00 00 30
2026-05-13 13:35:09,215 [INFO]   📡 SpO2: {'measure_type': 3, 'heart_rate': 80, 'spo2': 95, 'unknown_b04': 0, 'fatigue': 0, 'systolic_bp': 0, 'diastolic_bp': 0}
2026-05-13 13:35:10,190 [INFO] ← RX [16b] cmd=0x28  crc_recv=0x31  crc_calc=0x31  raw=28 03 51 5f 49 0d 00 00 00 00 00 00 00 00 00 31
2026-05-13 13:35:10,190 [INFO]   📡 SpO2: {'measure_type': 3, 'heart_rate': 81, 'spo2': 95, 'unknown_b04': 0, 'fatigue': 0, 'systolic_bp': 0, 'diastolic_bp': 0}
2026-05-13 13:35:11,203 [INFO] ← RX [16b] cmd=0x28  crc_recv=0x31  crc_calc=0x31  raw=28 03 51 5f 49 0d 00 00 00 00 00 00 00 00 00 31
2026-05-13 13:35:11,203 [INFO]   📡 SpO2: {'measure_type': 3, 'heart_rate': 81, 'spo2': 95, 'unknown_b04': 0, 'fatigue': 0, 'systolic_bp': 0, 'diastolic_bp': 0}
2026-05-13 13:35:12,215 [INFO] ← RX [16b] cmd=0x28  crc_recv=0x30  crc_calc=0x30  raw=28 03 50 5f 49 0d 00 00 00 00 00 00 00 00 00 30
2026-05-13 13:35:12,215 [INFO]   📡 SpO2: {'measure_type': 3, 'heart_rate': 80, 'spo2': 95, 'unknown_b04': 0, 'fatigue': 0, 'systolic_bp': 0, 'diastolic_bp': 0}
2026-05-13 13:35:13,190 [INFO] ← RX [16b] cmd=0x28  crc_recv=0x30  crc_calc=0x30  raw=28 03 50 5f 49 0d 00 00 00 00 00 00 00 00 00 30
2026-05-13 13:35:13,190 [INFO]   📡 SpO2: {'measure_type': 3, 'heart_rate': 80, 'spo2': 95, 'unknown_b04': 0, 'fatigue': 0, 'systolic_bp': 0, 'diastolic_bp': 0}
2026-05-13 13:35:14,202 [INFO] ← RX [16b] cmd=0x28  crc_recv=0x30  crc_calc=0x30  raw=28 03 50 5f 49 0d 00 00 00 00 00 00 00 00 00 30
2026-05-13 13:35:14,203 [INFO]   📡 SpO2: {'measure_type': 3, 'heart_rate': 80, 'spo2': 95, 'unknown_b04': 0, 'fatigue': 0, 'systolic_bp': 0, 'diastolic_bp': 0}
2026-05-13 13:35:15,215 [INFO] ← RX [16b] cmd=0x28  crc_recv=0x32  crc_calc=0x32  raw=28 03 52 5f 49 0d 00 00 00 00 00 00 00 00 00 32
2026-05-13 13:35:15,215 [INFO]   📡 SpO2: {'measure_type': 3, 'heart_rate': 82, 'spo2': 95, 'unknown_b04': 0, 'fatigue': 0, 'systolic_bp': 0, 'diastolic_bp': 0}
2026-05-13 13:35:16,190 [INFO] ← RX [16b] cmd=0x28  crc_recv=0x34  crc_calc=0x34  raw=28 03 54 5f 49 0d 00 00 00 00 00 00 00 00 00 34
2026-05-13 13:35:16,190 [INFO]   📡 SpO2: {'measure_type': 3, 'heart_rate': 84, 'spo2': 95, 'unknown_b04': 0, 'fatigue': 0, 'systolic_bp': 0, 'diastolic_bp': 0}
2026-05-13 13:35:17,203 [INFO] ← RX [16b] cmd=0x28  crc_recv=0x34  crc_calc=0x34  raw=28 03 54 5f 49 0d 00 00 00 00 00 00 00 00 00 34
2026-05-13 13:35:17,203 [INFO]   📡 SpO2: {'measure_type': 3, 'heart_rate': 84, 'spo2': 95, 'unknown_b04': 0, 'fatigue': 0, 'systolic_bp': 0, 'diastolic_bp': 0}
2026-05-13 13:35:18,215 [INFO] ← RX [16b] cmd=0x28  crc_recv=0x33  crc_calc=0x33  raw=28 03 53 5f 49 0d 00 00 00 00 00 00 00 00 00 33
2026-05-13 13:35:18,215 [INFO]   📡 SpO2: {'measure_type': 3, 'heart_rate': 83, 'spo2': 95, 'unknown_b04': 0, 'fatigue': 0, 'systolic_bp': 0, 'diastolic_bp': 0}
2026-05-13 13:35:19,190 [INFO] ← RX [16b] cmd=0x28  crc_recv=0x33  crc_calc=0x33  raw=28 03 53 5f 49 0d 00 00 00 00 00 00 00 00 00 33
2026-05-13 13:35:19,190 [INFO]   📡 SpO2: {'measure_type': 3, 'heart_rate': 83, 'spo2': 95, 'unknown_b04': 0, 'fatigue': 0, 'systolic_bp': 0, 'diastolic_bp': 0}
2026-05-13 13:35:20,203 [INFO] ← RX [16b] cmd=0x28  crc_recv=0x32  crc_calc=0x32  raw=28 03 52 5f 49 0d 00 00 00 00 00 00 00 00 00 32
2026-05-13 13:35:20,203 [INFO]   📡 SpO2: {'measure_type': 3, 'heart_rate': 82, 'spo2': 95, 'unknown_b04': 0, 'fatigue': 0, 'systolic_bp': 0, 'diastolic_bp': 0}
2026-05-13 13:35:21,215 [INFO] ← RX [16b] cmd=0x28  crc_recv=0x32  crc_calc=0x32  raw=28 03 52 5f 49 0d 00 00 00 00 00 00 00 00 00 32
2026-05-13 13:35:21,215 [INFO]   📡 SpO2: {'measure_type': 3, 'heart_rate': 82, 'spo2': 95, 'unknown_b04': 0, 'fatigue': 0, 'systolic_bp': 0, 'diastolic_bp': 0}
2026-05-13 13:35:22,190 [INFO] ← RX [16b] cmd=0x28  crc_recv=0x33  crc_calc=0x33  raw=28 03 53 5f 49 0d 00 00 00 00 00 00 00 00 00 33
2026-05-13 13:35:22,190 [INFO]   📡 SpO2: {'measure_type': 3, 'heart_rate': 83, 'spo2': 95, 'unknown_b04': 0, 'fatigue': 0, 'systolic_bp': 0, 'diastolic_bp': 0}
2026-05-13 13:35:23,202 [INFO] ← RX [16b] cmd=0x28  crc_recv=0x34  crc_calc=0x34  raw=28 03 54 5f 49 0d 00 00 00 00 00 00 00 00 00 34
2026-05-13 13:35:23,203 [INFO]   📡 SpO2: {'measure_type': 3, 'heart_rate': 84, 'spo2': 95, 'unknown_b04': 0, 'fatigue': 0, 'systolic_bp': 0, 'diastolic_bp': 0}
2026-05-13 13:35:24,215 [INFO] ← RX [16b] cmd=0x28  crc_recv=0x35  crc_calc=0x35  raw=28 03 55 5f 49 0d 00 00 00 00 00 00 00 00 00 35
2026-05-13 13:35:24,215 [INFO]   📡 SpO2: {'measure_type': 3, 'heart_rate': 85, 'spo2': 95, 'unknown_b04': 0, 'fatigue': 0, 'systolic_bp': 0, 'diastolic_bp': 0}
2026-05-13 13:35:25,190 [INFO] ← RX [16b] cmd=0x28  crc_recv=0x35  crc_calc=0x35  raw=28 03 55 5f 49 0d 00 00 00 00 00 00 00 00 00 35
2026-05-13 13:35:25,190 [INFO]   📡 SpO2: {'measure_type': 3, 'heart_rate': 85, 'spo2': 95, 'unknown_b04': 0, 'fatigue': 0, 'systolic_bp': 0, 'diastolic_bp': 0}
2026-05-13 13:35:26,202 [INFO] ← RX [16b] cmd=0x28  crc_recv=0x34  crc_calc=0x34  raw=28 03 54 5f 49 0d 00 00 00 00 00 00 00 00 00 34
2026-05-13 13:35:26,203 [INFO]   📡 SpO2: {'measure_type': 3, 'heart_rate': 84, 'spo2': 95, 'unknown_b04': 0, 'fatigue': 0, 'systolic_bp': 0, 'diastolic_bp': 0}
2026-05-13 13:35:27,215 [INFO] ← RX [16b] cmd=0x28  crc_recv=0x34  crc_calc=0x34  raw=28 03 54 5f 49 0d 00 00 00 00 00 00 00 00 00 34
2026-05-13 13:35:27,215 [INFO]   📡 SpO2: {'measure_type': 3, 'heart_rate': 84, 'spo2': 95, 'unknown_b04': 0, 'fatigue': 0, 'systolic_bp': 0, 'diastolic_bp': 0}
2026-05-13 13:35:28,190 [INFO] ← RX [16b] cmd=0x28  crc_recv=0x34  crc_calc=0x34  raw=28 03 54 5f 49 0d 00 00 00 00 00 00 00 00 00 34
2026-05-13 13:35:28,190 [INFO]   📡 SpO2: {'measure_type': 3, 'heart_rate': 84, 'spo2': 95, 'unknown_b04': 0, 'fatigue': 0, 'systolic_bp': 0, 'diastolic_bp': 0}
2026-05-13 13:35:29,202 [INFO] ← RX [16b] cmd=0x28  crc_recv=0x34  crc_calc=0x34  raw=28 03 54 5f 49 0d 00 00 00 00 00 00 00 00 00 34
2026-05-13 13:35:29,203 [INFO]   📡 SpO2: {'measure_type': 3, 'heart_rate': 84, 'spo2': 95, 'unknown_b04': 0, 'fatigue': 0, 'systolic_bp': 0, 'diastolic_bp': 0}
2026-05-13 13:35:30,215 [INFO] ← RX [16b] cmd=0x28  crc_recv=0x35  crc_calc=0x35  raw=28 03 55 5f 49 0d 00 00 00 00 00 00 00 00 00 35
2026-05-13 13:35:30,215 [INFO]   📡 SpO2: {'measure_type': 3, 'heart_rate': 85, 'spo2': 95, 'unknown_b04': 0, 'fatigue': 0, 'systolic_bp': 0, 'diastolic_bp': 0}
2026-05-13 13:35:31,190 [INFO] ← RX [16b] cmd=0x28  crc_recv=0x35  crc_calc=0x35  raw=28 03 55 5f 49 0d 00 00 00 00 00 00 00 00 00 35
2026-05-13 13:35:31,190 [INFO]   📡 SpO2: {'measure_type': 3, 'heart_rate': 85, 'spo2': 95, 'unknown_b04': 0, 'fatigue': 0, 'systolic_bp': 0, 'diastolic_bp': 0}
2026-05-13 13:35:31,967 [INFO] ⏹ Real-time SpO2 stopped. 34 samples.
2026-05-13 13:36:26,209 [INFO] ← RX [240b] cmd=0x66  crc_recv=0x62  crc_calc=0x91  raw=66 00 00 26 05 01 15 01 35 60 66 01 00 26 05 01 13 32 00 63 66 02 00 26 05 01 13 02 00 60 66 03 00 26 04 30 19 31 58 5a 66 04 00 26 04 30 19 02 00 5e 66 05 00 26 04 30 16 32 00 61 66 06 00 26 04 29 22 32 00 63 66 07 00 26 04 29 22 02 00 62 66 08 00 26 04 29 21 32 00 5e 66 09 00 26 04 29 21 02 00 61 66 0a 00 26 04 29 20 32 00 5f 66 0b 00 26 04 29 20 02 00 60 66 0c 00 26 04 29 19 32 00 5e 66 0d 00 26 04 29 19 02 00 63 66 0e 00 26 04 29 18 31 34 60 66 0f 00 26 04 29 18 01 34 60 66 10 00 26 04 29 17 32 00 63 66 11 00 26 04 29 16 32 00 60 66 12 00 26 04 29 16 02 00 5e 66 13 00 26 04 29 15 32 00 61 66 14 00 26 04 29 15 02 00 61 66 15 00 26 04 29 14 32 00 62 66 16 00 26 04 29 14 01 34 60 66 17 00 26 04 20 15 02 00 62
2026-05-13 13:36:26,209 [WARNING] CRC mismatch on cmd=0x66 len=240 — got 0x62, expected 0x91. Full packet: 66 00 00 26 05 01 15 01 35 60 66 01 00 26 05 01 13 32 00 63 66 02 00 26 05 01 13 02 00 60 66 03 00 26 04 30 19 31 58 5a 66 04 00 26 04 30 19 02 00 5e 66 05 00 26 04 30 16 32 00 61 66 06 00 26 04 29 22 32 00 63 66 07 00 26 04 29 22 02 00 62 66 08 00 26 04 29 21 32 00 5e 66 09 00 26 04 29 21 02 00 61 66 0a 00 26 04 29 20 32 00 5f 66 0b 00 26 04 29 20 02 00 60 66 0c 00 26 04 29 19 32 00 5e 66 0d 00 26 04 29 19 02 00 63 66 0e 00 26 04 29 18 31 34 60 66 0f 00 26 04 29 18 01 34 60 66 10 00 26 04 29 17 32 00 63 66 11 00 26 04 29 16 32 00 60 66 12 00 26 04 29 16 02 00 5e 66 13 00 26 04 29 15 32 00 61 66 14 00 26 04 29 15 02 00 61 66 15 00 26 04 29 14 32 00 62 66 16 00 26 04 29 14 01 34 60 66 17 00 26 04 20 15 02 00 62
2026-05-13 13:36:27,333 [INFO] ← RX [240b] cmd=0x66  crc_recv=0x55  crc_calc=0xd5  raw=66 18 00 26 04 20 14 32 00 5e 66 19 00 26 04 20 14 02 00 63 66 1a 00 26 04 20 13 31 43 61 66 1b 00 26 04 20 13 02 00 5f 66 1c 00 26 04 20 12 31 47 60 66 1d 00 26 04 20 12 02 00 60 66 1e 00 26 04 20 11 31 37 5c 66 1f 00 26 04 20 11 02 00 60 66 20 00 26 04 20 10 32 00 61 66 21 00 26 04 20 10 02 00 63 66 22 00 26 04 20 09 32 00 60 66 23 00 26 04 19 21 32 00 60 66 24 00 26 04 19 01 02 00 63 66 25 00 26 04 19 00 32 00 63 66 26 00 26 04 19 00 02 00 60 66 27 00 26 04 18 23 32 00 60 66 28 00 26 04 18 23 02 00 63 66 29 00 26 04 18 22 32 00 5f 66 2a 00 26 04 18 22 02 00 5e 66 2b 00 26 04 18 21 32 00 60 66 2c 00 26 04 18 21 02 00 5f 66 2d 00 26 04 18 20 32 00 63 66 2e 00 26 04 18 20 02 00 62 66 2f 00 26 04 18 19 31 59 55
2026-05-13 13:36:27,333 [WARNING] CRC mismatch on cmd=0x66 len=240 — got 0x55, expected 0xd5. Full packet: 66 18 00 26 04 20 14 32 00 5e 66 19 00 26 04 20 14 02 00 63 66 1a 00 26 04 20 13 31 43 61 66 1b 00 26 04 20 13 02 00 5f 66 1c 00 26 04 20 12 31 47 60 66 1d 00 26 04 20 12 02 00 60 66 1e 00 26 04 20 11 31 37 5c 66 1f 00 26 04 20 11 02 00 60 66 20 00 26 04 20 10 32 00 61 66 21 00 26 04 20 10 02 00 63 66 22 00 26 04 20 09 32 00 60 66 23 00 26 04 19 21 32 00 60 66 24 00 26 04 19 01 02 00 63 66 25 00 26 04 19 00 32 00 63 66 26 00 26 04 19 00 02 00 60 66 27 00 26 04 18 23 32 00 60 66 28 00 26 04 18 23 02 00 63 66 29 00 26 04 18 22 32 00 5f 66 2a 00 26 04 18 22 02 00 5e 66 2b 00 26 04 18 21 32 00 60 66 2c 00 26 04 18 21 02 00 5f 66 2d 00 26 04 18 20 32 00 63 66 2e 00 26 04 18 20 02 00 62 66 2f 00 26 04 18 19 31 59 55
2026-05-13 13:36:28,083 [INFO] ← RX [240b] cmd=0x66  crc_recv=0x5f  crc_calc=0x10  raw=66 30 00 26 04 18 19 02 00 60 66 31 00 26 04 18 18 32 00 61 66 32 00 26 04 18 18 02 00 61 66 33 00 26 04 18 17 32 00 60 66 34 00 26 04 18 17 02 00 5e 66 35 00 26 04 18 16 32 00 5f 66 36 00 26 04 18 16 02 00 5f 66 37 00 26 04 18 15 32 00 60 66 38 00 26 04 18 15 02 00 60 66 39 00 26 04 18 14 32 00 61 66 3a 00 26 04 18 14 02 00 61 66 3b 00 26 04 18 13 32 00 60 66 3c 00 26 04 18 13 02 00 60 66 3d 00 26 04 18 12 32 00 5f 66 3e 00 26 04 18 12 02 00 5f 66 3f 00 26 04 18 11 32 00 60 66 40 00 26 04 18 11 01 36 5d 66 41 00 26 04 18 10 32 00 60 66 42 00 26 04 18 10 02 00 5f 66 43 00 26 04 18 09 32 00 61 66 44 00 26 04 18 09 02 00 5e 66 45 00 26 04 18 08 02 02 60 66 46 00 26 04 18 07 32 02 5f 66 47 00 26 04 18 07 02 02 5f
2026-05-13 13:36:28,084 [WARNING] CRC mismatch on cmd=0x66 len=240 — got 0x5f, expected 0x10. Full packet: 66 30 00 26 04 18 19 02 00 60 66 31 00 26 04 18 18 32 00 61 66 32 00 26 04 18 18 02 00 61 66 33 00 26 04 18 17 32 00 60 66 34 00 26 04 18 17 02 00 5e 66 35 00 26 04 18 16 32 00 5f 66 36 00 26 04 18 16 02 00 5f 66 37 00 26 04 18 15 32 00 60 66 38 00 26 04 18 15 02 00 60 66 39 00 26 04 18 14 32 00 61 66 3a 00 26 04 18 14 02 00 61 66 3b 00 26 04 18 13 32 00 60 66 3c 00 26 04 18 13 02 00 60 66 3d 00 26 04 18 12 32 00 5f 66 3e 00 26 04 18 12 02 00 5f 66 3f 00 26 04 18 11 32 00 60 66 40 00 26 04 18 11 01 36 5d 66 41 00 26 04 18 10 32 00 60 66 42 00 26 04 18 10 02 00 5f 66 43 00 26 04 18 09 32 00 61 66 44 00 26 04 18 09 02 00 5e 66 45 00 26 04 18 08 02 02 60 66 46 00 26 04 18 07 32 02 5f 66 47 00 26 04 18 07 02 02 5f
2026-05-13 13:36:28,833 [INFO] ← RX [240b] cmd=0x66  crc_recv=0x60  crc_calc=0xfe  raw=66 48 00 26 04 18 06 32 02 60 66 49 00 26 04 18 06 02 02 62 66 4a 00 26 04 18 05 32 02 61 66 4b 00 26 04 18 05 02 02 5f 66 4c 00 26 04 18 04 32 02 62 66 4d 00 26 04 18 04 02 02 60 66 4e 00 26 04 18 03 32 02 5f 66 4f 00 26 04 18 03 02 02 61 66 50 00 26 04 18 02 32 02 60 66 51 00 26 04 18 02 02 02 5e 66 52 00 26 04 18 01 32 02 5f 66 53 00 26 04 18 01 02 02 63 66 54 00 26 04 18 00 32 02 60 66 55 00 26 04 18 00 01 30 60 66 56 00 26 04 17 23 32 00 60 66 57 00 26 04 17 23 01 34 60 66 58 00 26 04 17 22 31 55 5e 66 59 00 26 04 17 21 32 00 63 66 5a 00 26 04 17 21 02 00 5f 66 5b 00 26 04 17 20 32 00 60 66 5c 00 26 04 17 20 02 00 5e 66 5d 00 26 04 17 19 32 00 61 66 5e 00 26 04 17 19 02 00 63 66 5f 00 26 04 17 18 32 00 60
2026-05-13 13:36:28,833 [WARNING] CRC mismatch on cmd=0x66 len=240 — got 0x60, expected 0xfe. Full packet: 66 48 00 26 04 18 06 32 02 60 66 49 00 26 04 18 06 02 02 62 66 4a 00 26 04 18 05 32 02 61 66 4b 00 26 04 18 05 02 02 5f 66 4c 00 26 04 18 04 32 02 62 66 4d 00 26 04 18 04 02 02 60 66 4e 00 26 04 18 03 32 02 5f 66 4f 00 26 04 18 03 02 02 61 66 50 00 26 04 18 02 32 02 60 66 51 00 26 04 18 02 02 02 5e 66 52 00 26 04 18 01 32 02 5f 66 53 00 26 04 18 01 02 02 63 66 54 00 26 04 18 00 32 02 60 66 55 00 26 04 18 00 01 30 60 66 56 00 26 04 17 23 32 00 60 66 57 00 26 04 17 23 01 34 60 66 58 00 26 04 17 22 31 55 5e 66 59 00 26 04 17 21 32 00 63 66 5a 00 26 04 17 21 02 00 5f 66 5b 00 26 04 17 20 32 00 60 66 5c 00 26 04 17 20 02 00 5e 66 5d 00 26 04 17 19 32 00 61 66 5e 00 26 04 17 19 02 00 63 66 5f 00 26 04 17 18 32 00 60
2026-05-13 13:36:29,583 [INFO] ← RX [240b] cmd=0x66  crc_recv=0x60  crc_calc=0x56  raw=66 60 00 26 04 17 18 02 00 60 66 61 00 26 04 17 17 31 44 5e 66 62 00 26 04 17 17 02 00 63 66 63 00 26 04 17 16 32 00 61 66 64 00 26 04 17 16 02 00 5e 66 65 00 26 04 17 15 32 00 62 66 66 00 26 04 17 15 02 00 61 66 67 00 26 04 17 14 32 00 61 66 68 00 26 04 17 14 02 00 62 66 69 00 26 04 17 13 32 00 5e 66 6a 00 26 04 17 13 02 00 61 66 6b 00 26 04 17 12 32 00 61 66 6c 00 26 04 17 12 02 00 5e 66 6d 00 26 04 17 11 32 00 5e 66 6e 00 26 04 17 11 02 00 63 66 6f 00 26 04 17 10 32 00 61 66 70 00 26 04 17 10 01 34 5f 66 71 00 26 04 17 01 02 00 5e 66 72 00 26 04 17 00 32 00 5e 66 73 00 26 04 17 00 01 37 5f 66 74 00 26 04 16 23 31 34 60 66 75 00 26 04 16 23 02 00 61 66 76 00 26 04 16 22 32 00 63 66 77 00 26 04 16 22 02 00 60
2026-05-13 13:36:29,584 [WARNING] CRC mismatch on cmd=0x66 len=240 — got 0x60, expected 0x56. Full packet: 66 60 00 26 04 17 18 02 00 60 66 61 00 26 04 17 17 31 44 5e 66 62 00 26 04 17 17 02 00 63 66 63 00 26 04 17 16 32 00 61 66 64 00 26 04 17 16 02 00 5e 66 65 00 26 04 17 15 32 00 62 66 66 00 26 04 17 15 02 00 61 66 67 00 26 04 17 14 32 00 61 66 68 00 26 04 17 14 02 00 62 66 69 00 26 04 17 13 32 00 5e 66 6a 00 26 04 17 13 02 00 61 66 6b 00 26 04 17 12 32 00 61 66 6c 00 26 04 17 12 02 00 5e 66 6d 00 26 04 17 11 32 00 5e 66 6e 00 26 04 17 11 02 00 63 66 6f 00 26 04 17 10 32 00 61 66 70 00 26 04 17 10 01 34 5f 66 71 00 26 04 17 01 02 00 5e 66 72 00 26 04 17 00 32 00 5e 66 73 00 26 04 17 00 01 37 5f 66 74 00 26 04 16 23 31 34 60 66 75 00 26 04 16 23 02 00 61 66 76 00 26 04 16 22 32 00 63 66 77 00 26 04 16 22 02 00 60
2026-05-13 13:36:29,996 [INFO] ← RX [240b] cmd=0x66  crc_recv=0x60  crc_calc=0x47  raw=66 78 00 26 04 16 21 32 00 5e 66 79 00 26 04 16 21 02 00 61 66 7a 00 26 04 16 20 32 00 63 66 7b 00 26 04 16 20 02 00 62 66 7c 00 26 04 16 19 32 00 5e 66 7d 00 26 04 16 19 01 34 61 66 7e 00 26 04 16 18 32 00 61 66 7f 00 26 04 16 18 02 00 5f 66 80 00 26 04 16 17 32 00 60 66 81 00 26 04 16 17 01 51 5f 66 82 00 26 04 16 16 32 00 5e 66 83 00 26 04 16 16 02 00 63 66 84 00 26 04 16 15 32 00 63 66 85 00 26 04 16 15 02 00 60 66 86 00 26 04 16 14 32 00 5e 66 87 00 26 04 16 14 02 00 61 66 88 00 26 04 16 13 32 00 61 66 89 00 26 04 16 13 02 00 62 66 8a 00 26 04 10 08 32 00 62 66 8b 00 26 04 10 08 02 00 60 66 8c 00 26 04 10 07 32 02 5f 66 8d 00 26 04 10 07 02 02 63 66 8e 00 26 04 10 06 32 02 60 66 8f 00 26 04 10 06 02 02 60
2026-05-13 13:36:29,996 [WARNING] CRC mismatch on cmd=0x66 len=240 — got 0x60, expected 0x47. Full packet: 66 78 00 26 04 16 21 32 00 5e 66 79 00 26 04 16 21 02 00 61 66 7a 00 26 04 16 20 32 00 63 66 7b 00 26 04 16 20 02 00 62 66 7c 00 26 04 16 19 32 00 5e 66 7d 00 26 04 16 19 01 34 61 66 7e 00 26 04 16 18 32 00 61 66 7f 00 26 04 16 18 02 00 5f 66 80 00 26 04 16 17 32 00 60 66 81 00 26 04 16 17 01 51 5f 66 82 00 26 04 16 16 32 00 5e 66 83 00 26 04 16 16 02 00 63 66 84 00 26 04 16 15 32 00 63 66 85 00 26 04 16 15 02 00 60 66 86 00 26 04 16 14 32 00 5e 66 87 00 26 04 16 14 02 00 61 66 88 00 26 04 16 13 32 00 61 66 89 00 26 04 16 13 02 00 62 66 8a 00 26 04 10 08 32 00 62 66 8b 00 26 04 10 08 02 00 60 66 8c 00 26 04 10 07 32 02 5f 66 8d 00 26 04 10 07 02 02 63 66 8e 00 26 04 10 06 32 02 60 66 8f 00 26 04 10 06 02 02 60
2026-05-13 13:36:30,071 [INFO] ← RX [240b] cmd=0x66  crc_recv=0x61  crc_calc=0xda  raw=66 90 00 26 04 10 05 32 02 5f 66 91 00 26 04 10 05 02 02 5f 66 92 00 26 04 10 04 32 02 60 66 93 00 26 04 10 04 02 02 60 66 94 00 26 04 10 03 32 02 61 66 95 00 26 04 10 03 02 02 5f 66 96 00 26 04 10 02 32 02 5e 66 97 00 26 04 10 02 02 02 5e 66 98 00 26 04 10 01 31 30 60 66 99 00 26 04 10 01 01 34 60 66 9a 00 26 04 10 00 02 00 63 66 9b 00 26 04 09 23 32 00 61 66 9c 00 26 04 09 23 02 00 62 66 9d 00 26 04 09 22 31 37 60 66 9e 00 26 04 09 22 02 00 5e 66 9f 00 26 04 09 21 31 34 60 66 a0 00 26 04 09 21 02 00 63 66 a1 00 26 04 09 20 31 34 60 66 a2 00 26 04 09 20 01 37 60 66 a3 00 26 04 09 19 32 00 5f 66 a4 00 26 04 09 19 01 47 5e 66 a5 00 26 04 09 18 31 34 60 66 a6 00 26 04 09 18 02 00 60 66 a7 00 26 04 09 17 31 34 61
2026-05-13 13:36:30,071 [WARNING] CRC mismatch on cmd=0x66 len=240 — got 0x61, expected 0xda. Full packet: 66 90 00 26 04 10 05 32 02 5f 66 91 00 26 04 10 05 02 02 5f 66 92 00 26 04 10 04 32 02 60 66 93 00 26 04 10 04 02 02 60 66 94 00 26 04 10 03 32 02 61 66 95 00 26 04 10 03 02 02 5f 66 96 00 26 04 10 02 32 02 5e 66 97 00 26 04 10 02 02 02 5e 66 98 00 26 04 10 01 31 30 60 66 99 00 26 04 10 01 01 34 60 66 9a 00 26 04 10 00 02 00 63 66 9b 00 26 04 09 23 32 00 61 66 9c 00 26 04 09 23 02 00 62 66 9d 00 26 04 09 22 31 37 60 66 9e 00 26 04 09 22 02 00 5e 66 9f 00 26 04 09 21 31 34 60 66 a0 00 26 04 09 21 02 00 63 66 a1 00 26 04 09 20 31 34 60 66 a2 00 26 04 09 20 01 37 60 66 a3 00 26 04 09 19 32 00 5f 66 a4 00 26 04 09 19 01 47 5e 66 a5 00 26 04 09 18 31 34 60 66 a6 00 26 04 09 18 02 00 60 66 a7 00 26 04 09 17 31 34 61
2026-05-13 13:36:30,146 [INFO] ← RX [240b] cmd=0x66  crc_recv=0x60  crc_calc=0x9e  raw=66 a8 00 26 04 09 17 01 34 61 66 a9 00 26 04 09 16 31 50 61 66 aa 00 26 04 09 16 01 35 5d 66 ab 00 26 04 09 15 32 00 60 66 ac 00 26 04 09 15 02 00 61 66 ad 00 26 04 09 14 32 00 63 66 ae 00 26 04 09 14 02 00 60 66 af 00 26 04 09 13 32 00 60 66 b0 00 26 04 09 13 02 00 63 66 b1 00 26 04 09 12 32 00 63 66 b2 00 26 04 09 12 02 00 60 66 b3 00 26 04 09 11 32 00 60 66 b4 00 26 04 09 11 02 00 63 66 b5 00 26 04 09 10 32 00 5f 66 b6 00 26 04 09 10 02 00 5e 66 b7 00 26 04 09 09 31 34 60 66 b8 00 26 04 09 09 02 00 60 66 b9 00 26 04 09 08 32 00 5f 66 ba 00 26 04 09 08 02 00 63 66 bb 00 26 04 09 07 32 00 62 66 bc 00 26 04 09 07 02 02 60 66 bd 00 26 04 09 06 32 02 61 66 be 00 26 04 09 06 02 02 61 66 bf 00 26 04 09 05 32 02 60
2026-05-13 13:36:30,146 [WARNING] CRC mismatch on cmd=0x66 len=240 — got 0x60, expected 0x9e. Full packet: 66 a8 00 26 04 09 17 01 34 61 66 a9 00 26 04 09 16 31 50 61 66 aa 00 26 04 09 16 01 35 5d 66 ab 00 26 04 09 15 32 00 60 66 ac 00 26 04 09 15 02 00 61 66 ad 00 26 04 09 14 32 00 63 66 ae 00 26 04 09 14 02 00 60 66 af 00 26 04 09 13 32 00 60 66 b0 00 26 04 09 13 02 00 63 66 b1 00 26 04 09 12 32 00 63 66 b2 00 26 04 09 12 02 00 60 66 b3 00 26 04 09 11 32 00 60 66 b4 00 26 04 09 11 02 00 63 66 b5 00 26 04 09 10 32 00 5f 66 b6 00 26 04 09 10 02 00 5e 66 b7 00 26 04 09 09 31 34 60 66 b8 00 26 04 09 09 02 00 60 66 b9 00 26 04 09 08 32 00 5f 66 ba 00 26 04 09 08 02 00 63 66 bb 00 26 04 09 07 32 00 62 66 bc 00 26 04 09 07 02 02 60 66 bd 00 26 04 09 06 32 02 61 66 be 00 26 04 09 06 02 02 61 66 bf 00 26 04 09 05 32 02 60
2026-05-13 13:36:30,221 [INFO] ← RX [240b] cmd=0x66  crc_recv=0x5f  crc_calc=0x3c  raw=66 c0 00 26 04 09 05 02 02 5e 66 c1 00 26 04 09 04 32 02 5f 66 c2 00 26 04 09 04 02 02 5f 66 c3 00 26 04 09 03 32 02 60 66 c4 00 26 04 09 03 02 02 60 66 c5 00 26 04 09 02 32 02 61 66 c6 00 26 04 09 02 02 02 61 66 c7 00 26 04 09 01 32 02 60 66 c8 00 26 04 09 01 02 02 60 66 c9 00 26 04 09 00 31 31 61 66 ca 00 26 04 09 00 01 34 60 66 cb 00 26 04 08 23 31 34 60 66 cc 00 26 04 08 23 02 00 5f 66 cd 00 26 04 08 22 32 00 5f 66 ce 00 26 04 08 22 02 00 60 66 cf 00 26 04 08 21 32 00 60 66 d0 00 26 04 08 21 02 00 5f 66 d1 00 26 04 08 20 32 00 61 66 d2 00 26 04 08 20 02 00 5e 66 d3 00 26 04 08 19 31 49 5e 66 d4 00 26 04 08 19 01 44 60 66 d5 00 26 04 08 18 02 00 60 66 d6 00 26 04 08 17 31 34 61 66 d7 00 26 04 08 17 02 00 5f
2026-05-13 13:36:30,221 [WARNING] CRC mismatch on cmd=0x66 len=240 — got 0x5f, expected 0x3c. Full packet: 66 c0 00 26 04 09 05 02 02 5e 66 c1 00 26 04 09 04 32 02 5f 66 c2 00 26 04 09 04 02 02 5f 66 c3 00 26 04 09 03 32 02 60 66 c4 00 26 04 09 03 02 02 60 66 c5 00 26 04 09 02 32 02 61 66 c6 00 26 04 09 02 02 02 61 66 c7 00 26 04 09 01 32 02 60 66 c8 00 26 04 09 01 02 02 60 66 c9 00 26 04 09 00 31 31 61 66 ca 00 26 04 09 00 01 34 60 66 cb 00 26 04 08 23 31 34 60 66 cc 00 26 04 08 23 02 00 5f 66 cd 00 26 04 08 22 32 00 5f 66 ce 00 26 04 08 22 02 00 60 66 cf 00 26 04 08 21 32 00 60 66 d0 00 26 04 08 21 02 00 5f 66 d1 00 26 04 08 20 32 00 61 66 d2 00 26 04 08 20 02 00 5e 66 d3 00 26 04 08 19 31 49 5e 66 d4 00 26 04 08 19 01 44 60 66 d5 00 26 04 08 18 02 00 60 66 d6 00 26 04 08 17 31 34 61 66 d7 00 26 04 08 17 02 00 5f
2026-05-13 13:36:30,296 [INFO] ← RX [240b] cmd=0x66  crc_recv=0x61  crc_calc=0x9c  raw=66 d8 00 26 04 08 16 32 00 5f 66 d9 00 26 04 08 16 02 00 58 66 da 00 26 04 08 15 32 00 60 66 db 00 26 04 08 15 02 00 62 66 dc 00 26 04 08 14 32 00 61 66 dd 00 26 04 08 14 01 34 60 66 de 00 26 04 08 13 31 41 60 66 df 00 26 04 08 13 02 00 5f 66 e0 00 26 04 08 12 32 00 62 66 e1 00 26 04 08 12 02 00 60 66 e2 00 26 04 08 11 32 00 5f 66 e3 00 26 04 08 11 02 00 61 66 e4 00 26 04 08 10 32 00 60 66 e5 00 26 04 08 10 02 00 60 66 e6 00 26 04 08 09 32 00 5e 66 e7 00 26 04 08 09 02 00 5f 66 e8 00 26 04 08 08 32 00 63 66 e9 00 26 04 08 07 32 02 60 66 ea 00 26 04 08 07 02 02 60 66 eb 00 26 04 08 06 32 02 63 66 ec 00 26 04 08 06 02 02 5f 66 ed 00 26 04 08 05 32 02 60 66 ee 00 26 04 08 05 02 02 5e 66 ef 00 26 04 08 04 32 02 61
2026-05-13 13:36:30,296 [WARNING] CRC mismatch on cmd=0x66 len=240 — got 0x61, expected 0x9c. Full packet: 66 d8 00 26 04 08 16 32 00 5f 66 d9 00 26 04 08 16 02 00 58 66 da 00 26 04 08 15 32 00 60 66 db 00 26 04 08 15 02 00 62 66 dc 00 26 04 08 14 32 00 61 66 dd 00 26 04 08 14 01 34 60 66 de 00 26 04 08 13 31 41 60 66 df 00 26 04 08 13 02 00 5f 66 e0 00 26 04 08 12 32 00 62 66 e1 00 26 04 08 12 02 00 60 66 e2 00 26 04 08 11 32 00 5f 66 e3 00 26 04 08 11 02 00 61 66 e4 00 26 04 08 10 32 00 60 66 e5 00 26 04 08 10 02 00 60 66 e6 00 26 04 08 09 32 00 5e 66 e7 00 26 04 08 09 02 00 5f 66 e8 00 26 04 08 08 32 00 63 66 e9 00 26 04 08 07 32 02 60 66 ea 00 26 04 08 07 02 02 60 66 eb 00 26 04 08 06 32 02 63 66 ec 00 26 04 08 06 02 02 5f 66 ed 00 26 04 08 05 32 02 60 66 ee 00 26 04 08 05 02 02 5e 66 ef 00 26 04 08 04 32 02 61
2026-05-13 13:36:30,372 [INFO] ← RX [240b] cmd=0x66  crc_recv=0x60  crc_calc=0x5c  raw=66 f0 00 26 04 08 04 02 02 63 66 f1 00 26 04 08 03 32 02 60 66 f2 00 26 04 08 03 01 30 60 66 f3 00 26 04 08 02 32 02 60 66 f4 00 26 04 08 02 02 02 63 66 f5 00 26 04 08 01 31 30 60 66 f6 00 26 04 08 01 01 34 61 66 f7 00 26 04 08 00 31 59 60 66 f8 00 26 04 08 00 01 37 60 66 f9 00 26 04 07 23 32 00 61 66 fa 00 26 04 07 23 02 00 5e 66 fb 00 26 04 07 22 32 00 62 66 fc 00 26 04 07 22 01 47 61 66 fd 00 26 04 07 21 31 59 61 66 fe 00 26 04 07 21 02 00 61 66 ff 00 26 04 07 20 31 35 60 66 00 01 26 04 07 20 01 34 60 66 01 01 26 04 07 19 31 34 61 66 02 01 26 04 07 19 02 00 60 66 03 01 26 04 07 18 32 00 61 66 04 01 26 04 07 18 02 00 62 66 05 01 26 04 07 17 32 00 60 66 06 01 26 04 07 17 02 00 5e 66 07 01 26 04 07 16 31 52 60
2026-05-13 13:36:30,372 [WARNING] CRC mismatch on cmd=0x66 len=240 — got 0x60, expected 0x5c. Full packet: 66 f0 00 26 04 08 04 02 02 63 66 f1 00 26 04 08 03 32 02 60 66 f2 00 26 04 08 03 01 30 60 66 f3 00 26 04 08 02 32 02 60 66 f4 00 26 04 08 02 02 02 63 66 f5 00 26 04 08 01 31 30 60 66 f6 00 26 04 08 01 01 34 61 66 f7 00 26 04 08 00 31 59 60 66 f8 00 26 04 08 00 01 37 60 66 f9 00 26 04 07 23 32 00 61 66 fa 00 26 04 07 23 02 00 5e 66 fb 00 26 04 07 22 32 00 62 66 fc 00 26 04 07 22 01 47 61 66 fd 00 26 04 07 21 31 59 61 66 fe 00 26 04 07 21 02 00 61 66 ff 00 26 04 07 20 31 35 60 66 00 01 26 04 07 20 01 34 60 66 01 01 26 04 07 19 31 34 61 66 02 01 26 04 07 19 02 00 60 66 03 01 26 04 07 18 32 00 61 66 04 01 26 04 07 18 02 00 62 66 05 01 26 04 07 17 32 00 60 66 06 01 26 04 07 17 02 00 5e 66 07 01 26 04 07 16 31 52 60
2026-05-13 13:36:30,446 [INFO] ← RX [240b] cmd=0x66  crc_recv=0x5f  crc_calc=0xdf  raw=66 08 01 26 04 07 16 02 00 61 66 09 01 26 04 07 15 31 35 60 66 0a 01 26 04 07 15 02 00 61 66 0b 01 26 04 07 14 32 00 5e 66 0c 01 26 04 07 14 02 00 5e 66 0d 01 26 04 07 13 32 00 63 66 0e 01 26 04 07 13 01 34 60 66 0f 01 26 04 07 12 32 00 61 66 10 01 26 04 07 12 02 00 5e 66 11 01 26 04 07 11 32 00 5e 66 12 01 26 04 07 11 01 34 60 66 13 01 26 04 07 10 31 52 61 66 14 01 26 04 07 10 01 44 5e 66 15 01 26 04 07 09 31 40 5e 66 16 01 26 04 07 09 02 00 61 66 17 01 26 04 07 08 32 00 63 66 18 01 26 04 07 08 02 00 60 66 19 01 26 04 07 07 32 02 5e 66 1a 01 26 04 07 07 02 02 61 66 1b 01 26 04 07 06 32 02 63 66 1c 01 26 04 07 06 02 02 62 66 1d 01 26 04 07 05 32 02 5e 66 1e 01 26 04 07 05 02 02 61 66 1f 01 26 04 07 04 32 02 5f
2026-05-13 13:36:30,446 [WARNING] CRC mismatch on cmd=0x66 len=240 — got 0x5f, expected 0xdf. Full packet: 66 08 01 26 04 07 16 02 00 61 66 09 01 26 04 07 15 31 35 60 66 0a 01 26 04 07 15 02 00 61 66 0b 01 26 04 07 14 32 00 5e 66 0c 01 26 04 07 14 02 00 5e 66 0d 01 26 04 07 13 32 00 63 66 0e 01 26 04 07 13 01 34 60 66 0f 01 26 04 07 12 32 00 61 66 10 01 26 04 07 12 02 00 5e 66 11 01 26 04 07 11 32 00 5e 66 12 01 26 04 07 11 01 34 60 66 13 01 26 04 07 10 31 52 61 66 14 01 26 04 07 10 01 44 5e 66 15 01 26 04 07 09 31 40 5e 66 16 01 26 04 07 09 02 00 61 66 17 01 26 04 07 08 32 00 63 66 18 01 26 04 07 08 02 00 60 66 19 01 26 04 07 07 32 02 5e 66 1a 01 26 04 07 07 02 02 61 66 1b 01 26 04 07 06 32 02 63 66 1c 01 26 04 07 06 02 02 62 66 1d 01 26 04 07 05 32 02 5e 66 1e 01 26 04 07 05 02 02 61 66 1f 01 26 04 07 04 32 02 5f
2026-05-13 13:36:30,521 [INFO] ← RX [240b] cmd=0x66  crc_recv=0x5e  crc_calc=0x2a  raw=66 20 01 26 04 07 04 02 02 60 66 21 01 26 04 07 03 32 02 5e 66 22 01 26 04 07 03 02 02 63 66 23 01 26 04 07 02 32 02 63 66 24 01 26 04 07 02 02 02 60 66 25 01 26 04 07 01 32 02 5e 66 26 01 26 04 07 01 02 02 61 66 27 01 26 04 07 00 32 02 61 66 28 01 26 04 07 00 01 30 60 66 29 01 26 04 06 23 31 34 60 66 2a 01 26 04 06 23 02 00 62 66 2b 01 26 04 06 11 01 34 60 66 2c 01 26 04 06 10 32 00 61 66 2d 01 26 04 06 10 02 00 5e 66 2e 01 26 04 06 09 32 00 5e 66 2f 01 26 04 06 09 01 50 60 66 30 01 26 04 06 08 32 00 61 66 31 01 26 04 06 07 32 02 63 66 32 01 26 04 06 07 02 01 60 66 33 01 26 04 06 06 32 02 5e 66 34 01 26 04 06 06 02 02 61 66 35 01 26 04 06 05 32 02 63 66 36 01 26 04 06 05 02 02 62 66 37 01 26 04 06 04 32 02 5e
2026-05-13 13:36:30,521 [WARNING] CRC mismatch on cmd=0x66 len=240 — got 0x5e, expected 0x2a. Full packet: 66 20 01 26 04 07 04 02 02 60 66 21 01 26 04 07 03 32 02 5e 66 22 01 26 04 07 03 02 02 63 66 23 01 26 04 07 02 32 02 63 66 24 01 26 04 07 02 02 02 60 66 25 01 26 04 07 01 32 02 5e 66 26 01 26 04 07 01 02 02 61 66 27 01 26 04 07 00 32 02 61 66 28 01 26 04 07 00 01 30 60 66 29 01 26 04 06 23 31 34 60 66 2a 01 26 04 06 23 02 00 62 66 2b 01 26 04 06 11 01 34 60 66 2c 01 26 04 06 10 32 00 61 66 2d 01 26 04 06 10 02 00 5e 66 2e 01 26 04 06 09 32 00 5e 66 2f 01 26 04 06 09 01 50 60 66 30 01 26 04 06 08 32 00 61 66 31 01 26 04 06 07 32 02 63 66 32 01 26 04 06 07 02 01 60 66 33 01 26 04 06 06 32 02 5e 66 34 01 26 04 06 06 02 02 61 66 35 01 26 04 06 05 32 02 63 66 36 01 26 04 06 05 02 02 62 66 37 01 26 04 06 04 32 02 5e
2026-05-13 13:36:30,596 [INFO] ← RX [240b] cmd=0x66  crc_recv=0x61  crc_calc=0xc1  raw=66 38 01 26 04 06 04 02 02 61 66 39 01 26 04 06 03 32 02 5f 66 3a 01 26 04 06 03 02 02 60 66 3b 01 26 04 06 02 32 02 5e 66 3c 01 26 04 06 02 02 02 63 66 3d 01 26 04 06 01 32 02 63 66 3e 01 26 04 06 01 02 02 60 66 3f 01 26 04 06 00 32 02 5e 66 40 01 26 04 06 00 02 02 61 66 41 01 26 04 05 23 32 02 61 66 42 01 26 04 05 23 01 30 60 66 43 01 26 04 05 22 31 34 61 66 44 01 26 04 05 22 01 34 60 66 45 01 26 04 05 21 31 56 5e 66 46 01 26 04 05 21 02 00 62 66 47 01 26 03 30 14 32 00 60 66 48 01 26 03 30 14 02 00 5f 66 49 01 26 03 30 13 32 00 61 66 4a 01 26 03 30 13 02 00 5f 66 4b 01 26 03 30 12 31 52 59 66 4c 01 26 03 30 12 01 37 60 66 4d 01 26 03 30 11 32 00 60 66 4e 01 26 03 30 11 02 00 60 66 4f 01 26 03 30 08 02 00 61
2026-05-13 13:36:30,596 [WARNING] CRC mismatch on cmd=0x66 len=240 — got 0x61, expected 0xc1. Full packet: 66 38 01 26 04 06 04 02 02 61 66 39 01 26 04 06 03 32 02 5f 66 3a 01 26 04 06 03 02 02 60 66 3b 01 26 04 06 02 32 02 5e 66 3c 01 26 04 06 02 02 02 63 66 3d 01 26 04 06 01 32 02 63 66 3e 01 26 04 06 01 02 02 60 66 3f 01 26 04 06 00 32 02 5e 66 40 01 26 04 06 00 02 02 61 66 41 01 26 04 05 23 32 02 61 66 42 01 26 04 05 23 01 30 60 66 43 01 26 04 05 22 31 34 61 66 44 01 26 04 05 22 01 34 60 66 45 01 26 04 05 21 31 56 5e 66 46 01 26 04 05 21 02 00 62 66 47 01 26 03 30 14 32 00 60 66 48 01 26 03 30 14 02 00 5f 66 49 01 26 03 30 13 32 00 61 66 4a 01 26 03 30 13 02 00 5f 66 4b 01 26 03 30 12 31 52 59 66 4c 01 26 03 30 12 01 37 60 66 4d 01 26 03 30 11 32 00 60 66 4e 01 26 03 30 11 02 00 60 66 4f 01 26 03 30 08 02 00 61
2026-05-13 13:36:30,671 [INFO] ← RX [240b] cmd=0x66  crc_recv=0x5f  crc_calc=0x53  raw=66 50 01 26 03 29 20 02 00 5f 66 51 01 26 03 29 19 32 00 5e 66 52 01 26 03 29 19 02 00 5e 66 53 01 26 03 29 18 32 00 63 66 54 01 26 03 29 18 02 00 61 66 55 01 26 03 29 17 32 00 62 66 56 01 26 03 29 17 02 00 5e 66 57 01 26 03 29 16 32 00 63 66 58 01 26 03 29 16 01 46 61 66 59 01 26 03 29 15 32 00 5f 66 5a 01 26 03 29 15 02 00 60 66 5b 01 26 03 29 14 32 00 60 66 5c 01 26 03 29 14 02 00 61 66 5d 01 26 03 29 13 32 00 63 66 5e 01 26 03 29 13 02 00 60 66 5f 01 26 03 29 12 31 34 60 66 60 01 26 03 29 12 02 00 60 66 61 01 26 03 29 11 32 00 63 66 62 01 26 03 29 11 02 00 63 66 63 01 26 03 29 10 32 00 56 66 64 01 26 03 29 10 02 00 60 66 65 01 26 03 29 09 32 02 60 66 66 01 26 03 29 09 02 02 63 66 67 01 26 03 29 08 32 02 5f
2026-05-13 13:36:30,671 [WARNING] CRC mismatch on cmd=0x66 len=240 — got 0x5f, expected 0x53. Full packet: 66 50 01 26 03 29 20 02 00 5f 66 51 01 26 03 29 19 32 00 5e 66 52 01 26 03 29 19 02 00 5e 66 53 01 26 03 29 18 32 00 63 66 54 01 26 03 29 18 02 00 61 66 55 01 26 03 29 17 32 00 62 66 56 01 26 03 29 17 02 00 5e 66 57 01 26 03 29 16 32 00 63 66 58 01 26 03 29 16 01 46 61 66 59 01 26 03 29 15 32 00 5f 66 5a 01 26 03 29 15 02 00 60 66 5b 01 26 03 29 14 32 00 60 66 5c 01 26 03 29 14 02 00 61 66 5d 01 26 03 29 13 32 00 63 66 5e 01 26 03 29 13 02 00 60 66 5f 01 26 03 29 12 31 34 60 66 60 01 26 03 29 12 02 00 60 66 61 01 26 03 29 11 32 00 63 66 62 01 26 03 29 11 02 00 63 66 63 01 26 03 29 10 32 00 56 66 64 01 26 03 29 10 02 00 60 66 65 01 26 03 29 09 32 02 60 66 66 01 26 03 29 09 02 02 63 66 67 01 26 03 29 08 32 02 5f
2026-05-13 13:36:30,746 [INFO] ← RX [240b] cmd=0x66  crc_recv=0x5f  crc_calc=0x4a  raw=66 68 01 26 03 29 08 02 02 5e 66 69 01 26 03 29 07 32 02 60 66 6a 01 26 03 29 07 02 02 5f 66 6b 01 26 03 29 06 32 02 63 66 6c 01 26 03 29 06 02 02 62 66 6d 01 26 03 29 05 32 02 60 66 6e 01 26 03 29 05 02 02 61 66 6f 01 26 03 29 04 32 02 61 66 70 01 26 03 29 04 02 02 60 66 71 01 26 03 29 03 32 02 5e 66 72 01 26 03 29 03 02 02 5f 66 73 01 26 03 29 02 32 02 5f 66 74 01 26 03 29 02 02 02 60 66 75 01 26 03 29 01 32 02 60 66 76 01 26 03 29 01 02 02 61 66 77 01 26 03 29 00 32 02 61 66 78 01 26 03 29 00 01 30 60 66 79 01 26 03 28 23 32 00 60 66 7a 01 26 03 28 23 01 34 60 66 7b 01 26 03 28 22 31 34 60 66 7c 01 26 03 28 22 01 34 60 66 7d 01 26 03 28 21 32 00 60 66 7e 01 26 03 28 21 02 00 5f 66 7f 01 26 03 28 20 32 00 5f
2026-05-13 13:36:30,746 [WARNING] CRC mismatch on cmd=0x66 len=240 — got 0x5f, expected 0x4a. Full packet: 66 68 01 26 03 29 08 02 02 5e 66 69 01 26 03 29 07 32 02 60 66 6a 01 26 03 29 07 02 02 5f 66 6b 01 26 03 29 06 32 02 63 66 6c 01 26 03 29 06 02 02 62 66 6d 01 26 03 29 05 32 02 60 66 6e 01 26 03 29 05 02 02 61 66 6f 01 26 03 29 04 32 02 61 66 70 01 26 03 29 04 02 02 60 66 71 01 26 03 29 03 32 02 5e 66 72 01 26 03 29 03 02 02 5f 66 73 01 26 03 29 02 32 02 5f 66 74 01 26 03 29 02 02 02 60 66 75 01 26 03 29 01 32 02 60 66 76 01 26 03 29 01 02 02 61 66 77 01 26 03 29 00 32 02 61 66 78 01 26 03 29 00 01 30 60 66 79 01 26 03 28 23 32 00 60 66 7a 01 26 03 28 23 01 34 60 66 7b 01 26 03 28 22 31 34 60 66 7c 01 26 03 28 22 01 34 60 66 7d 01 26 03 28 21 32 00 60 66 7e 01 26 03 28 21 02 00 5f 66 7f 01 26 03 28 20 32 00 5f
2026-05-13 13:36:30,821 [INFO] ← RX [240b] cmd=0x66  crc_recv=0x5e  crc_calc=0xdf  raw=66 80 01 26 03 28 20 02 00 60 66 81 01 26 03 28 19 32 00 60 66 82 01 26 03 28 19 01 35 60 66 83 01 26 03 28 18 32 00 60 66 84 01 26 03 28 18 02 00 5f 66 85 01 26 03 28 17 31 30 60 66 86 01 26 03 28 17 01 34 60 66 87 01 26 03 28 16 31 34 60 66 88 01 26 03 28 16 02 00 61 66 89 01 26 03 28 15 32 00 5e 66 8a 01 26 03 28 15 02 00 60 66 8b 01 26 03 28 13 02 00 5f 66 8c 01 26 03 28 12 32 00 5f 66 8d 01 26 03 28 12 02 00 60 66 8e 01 26 03 28 11 31 34 5f 66 8f 01 26 03 28 11 02 00 62 66 90 01 26 03 28 10 32 00 61 66 91 01 26 03 28 10 02 00 5f 66 92 01 26 03 28 09 32 00 62 66 93 01 26 03 28 08 02 00 60 66 94 01 26 03 28 07 32 00 5f 66 95 01 26 03 28 07 02 02 61 66 96 01 26 03 28 06 32 02 60 66 97 01 26 03 28 06 02 02 5e
2026-05-13 13:36:30,821 [WARNING] CRC mismatch on cmd=0x66 len=240 — got 0x5e, expected 0xdf. Full packet: 66 80 01 26 03 28 20 02 00 60 66 81 01 26 03 28 19 32 00 60 66 82 01 26 03 28 19 01 35 60 66 83 01 26 03 28 18 32 00 60 66 84 01 26 03 28 18 02 00 5f 66 85 01 26 03 28 17 31 30 60 66 86 01 26 03 28 17 01 34 60 66 87 01 26 03 28 16 31 34 60 66 88 01 26 03 28 16 02 00 61 66 89 01 26 03 28 15 32 00 5e 66 8a 01 26 03 28 15 02 00 60 66 8b 01 26 03 28 13 02 00 5f 66 8c 01 26 03 28 12 32 00 5f 66 8d 01 26 03 28 12 02 00 60 66 8e 01 26 03 28 11 31 34 5f 66 8f 01 26 03 28 11 02 00 62 66 90 01 26 03 28 10 32 00 61 66 91 01 26 03 28 10 02 00 5f 66 92 01 26 03 28 09 32 00 62 66 93 01 26 03 28 08 02 00 60 66 94 01 26 03 28 07 32 00 5f 66 95 01 26 03 28 07 02 02 61 66 96 01 26 03 28 06 32 02 60 66 97 01 26 03 28 06 02 02 5e
2026-05-13 13:36:30,896 [INFO] ← RX [240b] cmd=0x66  crc_recv=0x62  crc_calc=0x53  raw=66 98 01 26 03 28 05 32 02 5f 66 99 01 26 03 28 05 02 02 63 66 9a 01 26 03 28 04 32 02 60 66 9b 01 26 03 28 04 02 02 60 66 9c 01 26 03 28 03 32 02 63 66 9d 01 26 03 28 03 02 02 5f 66 9e 01 26 03 28 02 32 02 60 66 9f 01 26 03 28 02 02 02 5e 66 a0 01 26 03 28 01 32 02 61 66 a1 01 26 03 28 01 02 02 63 66 a2 01 26 03 28 00 31 30 60 66 a3 01 26 03 28 00 01 34 60 66 a4 01 26 03 27 23 31 38 60 66 a5 01 26 03 27 23 02 00 60 66 a6 01 26 03 27 22 32 00 60 66 a7 01 26 03 27 22 02 00 63 66 a8 01 26 03 27 21 32 00 61 66 a9 01 26 03 27 21 01 34 60 66 aa 01 26 03 27 20 32 00 5e 66 ab 01 26 03 27 20 02 00 62 66 ac 01 26 03 27 19 32 00 61 66 ad 01 26 03 27 19 02 00 61 66 ae 01 26 03 27 18 31 44 60 66 af 01 26 03 27 18 02 00 62
2026-05-13 13:36:30,896 [WARNING] CRC mismatch on cmd=0x66 len=240 — got 0x62, expected 0x53. Full packet: 66 98 01 26 03 28 05 32 02 5f 66 99 01 26 03 28 05 02 02 63 66 9a 01 26 03 28 04 32 02 60 66 9b 01 26 03 28 04 02 02 60 66 9c 01 26 03 28 03 32 02 63 66 9d 01 26 03 28 03 02 02 5f 66 9e 01 26 03 28 02 32 02 60 66 9f 01 26 03 28 02 02 02 5e 66 a0 01 26 03 28 01 32 02 61 66 a1 01 26 03 28 01 02 02 63 66 a2 01 26 03 28 00 31 30 60 66 a3 01 26 03 28 00 01 34 60 66 a4 01 26 03 27 23 31 38 60 66 a5 01 26 03 27 23 02 00 60 66 a6 01 26 03 27 22 32 00 60 66 a7 01 26 03 27 22 02 00 63 66 a8 01 26 03 27 21 32 00 61 66 a9 01 26 03 27 21 01 34 60 66 aa 01 26 03 27 20 32 00 5e 66 ab 01 26 03 27 20 02 00 62 66 ac 01 26 03 27 19 32 00 61 66 ad 01 26 03 27 19 02 00 61 66 ae 01 26 03 27 18 31 44 60 66 af 01 26 03 27 18 02 00 62
2026-05-13 13:36:30,971 [INFO] ← RX [240b] cmd=0x66  crc_recv=0x61  crc_calc=0x97  raw=66 b0 01 26 03 27 17 32 00 5e 66 b1 01 26 03 27 17 02 00 61 66 b2 01 26 03 27 16 31 35 61 66 b3 01 26 03 27 16 01 37 55 66 b4 01 26 03 27 15 31 34 60 66 b5 01 26 03 27 15 01 56 60 66 b6 01 26 03 27 14 32 00 61 66 b7 01 26 03 27 14 02 00 5e 66 b8 01 26 03 27 13 32 00 5e 66 b9 01 26 03 27 13 02 00 63 66 ba 01 26 03 27 12 32 00 61 66 bb 01 26 03 27 12 02 00 5e 66 bc 01 26 03 27 11 32 00 5e 66 bd 01 26 03 27 11 02 00 61 66 be 01 26 03 27 10 32 00 63 66 bf 01 26 03 27 10 01 35 60 66 c0 01 26 03 27 09 31 34 60 66 c1 01 26 03 27 09 02 00 60 66 c2 01 26 03 27 08 32 00 5e 66 c3 01 26 03 27 08 02 00 61 66 c4 01 26 03 27 07 32 00 63 66 c5 01 26 03 27 07 02 02 62 66 c6 01 26 03 27 06 32 02 5e 66 c7 01 26 03 27 06 02 02 61
2026-05-13 13:36:30,971 [WARNING] CRC mismatch on cmd=0x66 len=240 — got 0x61, expected 0x97. Full packet: 66 b0 01 26 03 27 17 32 00 5e 66 b1 01 26 03 27 17 02 00 61 66 b2 01 26 03 27 16 31 35 61 66 b3 01 26 03 27 16 01 37 55 66 b4 01 26 03 27 15 31 34 60 66 b5 01 26 03 27 15 01 56 60 66 b6 01 26 03 27 14 32 00 61 66 b7 01 26 03 27 14 02 00 5e 66 b8 01 26 03 27 13 32 00 5e 66 b9 01 26 03 27 13 02 00 63 66 ba 01 26 03 27 12 32 00 61 66 bb 01 26 03 27 12 02 00 5e 66 bc 01 26 03 27 11 32 00 5e 66 bd 01 26 03 27 11 02 00 61 66 be 01 26 03 27 10 32 00 63 66 bf 01 26 03 27 10 01 35 60 66 c0 01 26 03 27 09 31 34 60 66 c1 01 26 03 27 09 02 00 60 66 c2 01 26 03 27 08 32 00 5e 66 c3 01 26 03 27 08 02 00 61 66 c4 01 26 03 27 07 32 00 63 66 c5 01 26 03 27 07 02 02 62 66 c6 01 26 03 27 06 32 02 5e 66 c7 01 26 03 27 06 02 02 61
2026-05-13 13:36:31,046 [INFO] ← RX [240b] cmd=0x66  crc_recv=0x5e  crc_calc=0xa0  raw=66 c8 01 26 03 27 05 32 02 5f 66 c9 01 26 03 27 05 02 02 60 66 ca 01 26 03 27 04 32 02 5e 66 cb 01 26 03 27 04 02 02 63 66 cc 01 26 03 27 03 32 02 63 66 cd 01 26 03 27 03 02 02 60 66 ce 01 26 03 27 02 32 02 5e 66 cf 01 26 03 27 02 02 02 61 66 d0 01 26 03 27 01 31 30 60 66 d1 01 26 03 27 01 01 34 60 66 d2 01 26 03 27 00 31 34 61 66 d3 01 26 03 27 00 01 34 60 66 d4 01 26 03 26 23 32 00 61 66 d5 01 26 03 26 23 02 00 62 66 d6 01 26 03 26 22 32 00 61 66 d7 01 26 03 26 22 01 34 60 66 d8 01 26 03 26 21 32 00 63 66 d9 01 26 03 26 21 02 00 60 66 da 01 26 03 26 20 32 00 5e 66 db 01 26 03 26 20 02 00 61 66 dc 01 26 03 26 19 32 00 63 66 dd 01 26 03 26 19 02 00 5b 66 de 01 26 03 26 18 32 00 62 66 df 01 26 03 26 18 02 00 5e
2026-05-13 13:36:31,046 [WARNING] CRC mismatch on cmd=0x66 len=240 — got 0x5e, expected 0xa0. Full packet: 66 c8 01 26 03 27 05 32 02 5f 66 c9 01 26 03 27 05 02 02 60 66 ca 01 26 03 27 04 32 02 5e 66 cb 01 26 03 27 04 02 02 63 66 cc 01 26 03 27 03 32 02 63 66 cd 01 26 03 27 03 02 02 60 66 ce 01 26 03 27 02 32 02 5e 66 cf 01 26 03 27 02 02 02 61 66 d0 01 26 03 27 01 31 30 60 66 d1 01 26 03 27 01 01 34 60 66 d2 01 26 03 27 00 31 34 61 66 d3 01 26 03 27 00 01 34 60 66 d4 01 26 03 26 23 32 00 61 66 d5 01 26 03 26 23 02 00 62 66 d6 01 26 03 26 22 32 00 61 66 d7 01 26 03 26 22 01 34 60 66 d8 01 26 03 26 21 32 00 63 66 d9 01 26 03 26 21 02 00 60 66 da 01 26 03 26 20 32 00 5e 66 db 01 26 03 26 20 02 00 61 66 dc 01 26 03 26 19 32 00 63 66 dd 01 26 03 26 19 02 00 5b 66 de 01 26 03 26 18 32 00 62 66 df 01 26 03 26 18 02 00 5e
2026-05-13 13:36:31,121 [INFO] ← RX [240b] cmd=0x66  crc_recv=0x62  crc_calc=0x98  raw=66 e0 01 26 03 26 17 32 00 61 66 e1 01 26 03 26 17 02 00 5f 66 e2 01 26 03 26 16 32 00 60 66 e3 01 26 03 26 16 02 00 5e 66 e4 01 26 03 26 15 32 00 63 66 e5 01 26 03 26 15 02 00 63 66 e6 01 26 03 26 14 32 00 60 66 e7 01 26 03 26 14 02 00 5e 66 e8 01 26 03 26 13 32 00 61 66 e9 01 26 03 26 13 02 00 61 66 ea 01 26 03 26 12 32 00 62 66 eb 01 26 03 26 10 02 00 60 66 ec 01 26 03 26 09 32 00 5e 66 ed 01 26 03 26 09 02 00 61 66 ee 01 26 03 26 08 32 02 63 66 ef 01 26 03 26 08 02 02 60 66 f0 01 26 03 26 07 32 02 60 66 f1 01 26 03 26 07 02 02 63 66 f2 01 26 03 26 06 32 02 61 66 f3 01 26 03 26 06 02 02 5e 66 f4 01 26 03 26 05 32 02 62 66 f5 01 26 03 26 05 02 02 61 66 f6 01 26 03 26 04 32 02 61 66 f7 01 26 03 26 04 02 02 62
2026-05-13 13:36:31,121 [WARNING] CRC mismatch on cmd=0x66 len=240 — got 0x62, expected 0x98. Full packet: 66 e0 01 26 03 26 17 32 00 61 66 e1 01 26 03 26 17 02 00 5f 66 e2 01 26 03 26 16 32 00 60 66 e3 01 26 03 26 16 02 00 5e 66 e4 01 26 03 26 15 32 00 63 66 e5 01 26 03 26 15 02 00 63 66 e6 01 26 03 26 14 32 00 60 66 e7 01 26 03 26 14 02 00 5e 66 e8 01 26 03 26 13 32 00 61 66 e9 01 26 03 26 13 02 00 61 66 ea 01 26 03 26 12 32 00 62 66 eb 01 26 03 26 10 02 00 60 66 ec 01 26 03 26 09 32 00 5e 66 ed 01 26 03 26 09 02 00 61 66 ee 01 26 03 26 08 32 02 63 66 ef 01 26 03 26 08 02 02 60 66 f0 01 26 03 26 07 32 02 60 66 f1 01 26 03 26 07 02 02 63 66 f2 01 26 03 26 06 32 02 61 66 f3 01 26 03 26 06 02 02 5e 66 f4 01 26 03 26 05 32 02 62 66 f5 01 26 03 26 05 02 02 61 66 f6 01 26 03 26 04 32 02 61 66 f7 01 26 03 26 04 02 02 62
2026-05-13 13:36:31,196 [INFO] ← RX [240b] cmd=0x66  crc_recv=0x61  crc_calc=0x92  raw=66 f8 01 26 03 26 03 32 02 5e 66 f9 01 26 03 26 03 02 02 61 66 fa 01 26 03 26 02 32 02 61 66 fb 01 26 03 26 02 02 02 5e 66 fc 01 26 03 26 01 31 58 61 66 fd 01 26 03 26 01 01 37 60 66 fe 01 26 03 26 00 31 52 61 66 ff 01 26 03 26 00 01 38 60 66 00 02 26 03 25 23 32 00 5e 66 01 02 26 03 25 23 01 36 60 66 02 02 26 03 25 20 32 00 63 66 03 02 26 03 25 20 02 00 61 66 04 02 26 03 25 19 32 00 5e 66 05 02 26 03 25 19 02 00 5e 66 06 02 26 03 25 18 32 00 61 66 07 02 26 03 25 18 02 00 63 66 08 02 26 03 25 17 32 00 60 66 09 02 26 03 25 17 01 34 61 66 0a 02 26 03 25 16 32 00 5e 66 0b 02 26 03 25 16 01 53 55 66 0c 02 26 03 25 15 31 37 60 66 0d 02 26 03 25 15 01 34 60 66 0e 02 26 03 25 14 31 48 61 66 0f 02 26 03 25 14 02 00 61
2026-05-13 13:36:31,196 [WARNING] CRC mismatch on cmd=0x66 len=240 — got 0x61, expected 0x92. Full packet: 66 f8 01 26 03 26 03 32 02 5e 66 f9 01 26 03 26 03 02 02 61 66 fa 01 26 03 26 02 32 02 61 66 fb 01 26 03 26 02 02 02 5e 66 fc 01 26 03 26 01 31 58 61 66 fd 01 26 03 26 01 01 37 60 66 fe 01 26 03 26 00 31 52 61 66 ff 01 26 03 26 00 01 38 60 66 00 02 26 03 25 23 32 00 5e 66 01 02 26 03 25 23 01 36 60 66 02 02 26 03 25 20 32 00 63 66 03 02 26 03 25 20 02 00 61 66 04 02 26 03 25 19 32 00 5e 66 05 02 26 03 25 19 02 00 5e 66 06 02 26 03 25 18 32 00 61 66 07 02 26 03 25 18 02 00 63 66 08 02 26 03 25 17 32 00 60 66 09 02 26 03 25 17 01 34 61 66 0a 02 26 03 25 16 32 00 5e 66 0b 02 26 03 25 16 01 53 55 66 0c 02 26 03 25 15 31 37 60 66 0d 02 26 03 25 15 01 34 60 66 0e 02 26 03 25 14 31 48 61 66 0f 02 26 03 25 14 02 00 61
2026-05-13 13:36:31,271 [INFO] ← RX [240b] cmd=0x66  crc_recv=0x62  crc_calc=0x1e  raw=66 10 02 26 03 25 13 32 00 63 66 11 02 26 03 25 13 02 00 62 66 12 02 26 03 25 12 32 00 5e 66 13 02 26 03 25 12 02 00 61 66 14 02 26 03 25 11 31 34 60 66 15 02 26 03 25 11 02 00 5f 66 16 02 26 03 25 10 32 00 60 66 17 02 26 03 25 10 02 00 5e 66 18 02 26 03 25 09 32 00 63 66 19 02 26 03 25 09 01 34 60 66 1a 02 26 03 24 21 02 00 63 66 1b 02 26 03 24 20 32 00 60 66 1c 02 26 03 24 20 02 00 5e 66 1d 02 26 03 24 19 32 00 61 66 1e 02 26 03 24 19 02 00 61 66 1f 02 26 03 23 20 02 00 62 66 20 02 26 03 23 19 02 00 61 66 21 02 26 03 23 18 31 34 60 66 22 02 26 03 23 18 02 00 63 66 23 02 26 03 23 17 32 00 60 66 24 02 26 03 23 17 02 00 5e 66 25 02 26 03 23 16 32 00 61 66 26 02 26 03 23 16 02 00 63 66 27 02 26 03 23 15 32 00 62
2026-05-13 13:36:31,271 [WARNING] CRC mismatch on cmd=0x66 len=240 — got 0x62, expected 0x1e. Full packet: 66 10 02 26 03 25 13 32 00 63 66 11 02 26 03 25 13 02 00 62 66 12 02 26 03 25 12 32 00 5e 66 13 02 26 03 25 12 02 00 61 66 14 02 26 03 25 11 31 34 60 66 15 02 26 03 25 11 02 00 5f 66 16 02 26 03 25 10 32 00 60 66 17 02 26 03 25 10 02 00 5e 66 18 02 26 03 25 09 32 00 63 66 19 02 26 03 25 09 01 34 60 66 1a 02 26 03 24 21 02 00 63 66 1b 02 26 03 24 20 32 00 60 66 1c 02 26 03 24 20 02 00 5e 66 1d 02 26 03 24 19 32 00 61 66 1e 02 26 03 24 19 02 00 61 66 1f 02 26 03 23 20 02 00 62 66 20 02 26 03 23 19 02 00 61 66 21 02 26 03 23 18 31 34 60 66 22 02 26 03 23 18 02 00 63 66 23 02 26 03 23 17 32 00 60 66 24 02 26 03 23 17 02 00 5e 66 25 02 26 03 23 16 32 00 61 66 26 02 26 03 23 16 02 00 63 66 27 02 26 03 23 15 32 00 62
2026-05-13 13:36:31,346 [INFO] ← RX [240b] cmd=0x66  crc_recv=0x5e  crc_calc=0x66  raw=66 28 02 26 03 23 15 02 00 5e 66 29 02 26 03 23 14 32 00 61 66 2a 02 26 03 23 14 02 00 5f 66 2b 02 26 03 23 13 32 00 60 66 2c 02 26 03 23 13 02 00 5e 66 2d 02 26 03 23 12 32 00 60 66 2e 02 26 03 23 12 02 00 63 66 2f 02 26 03 23 11 32 00 63 66 30 02 26 03 23 11 01 58 5f 66 31 02 26 03 23 10 31 36 59 66 32 02 26 03 23 10 02 00 60 66 33 02 26 03 23 09 32 00 5e 66 34 02 26 03 23 09 02 00 61 66 35 02 26 03 23 08 32 00 61 66 36 02 26 03 23 08 02 00 62 66 37 02 26 03 23 05 32 00 5e 66 38 02 26 03 23 05 02 02 5f 66 39 02 26 03 23 04 32 02 63 66 3a 02 26 03 23 04 02 02 60 66 3b 02 26 03 23 03 32 02 60 66 3c 02 26 03 23 03 02 02 63 66 3d 02 26 03 23 02 32 02 5f 66 3e 02 26 03 23 02 02 02 60 66 3f 02 26 03 23 01 32 02 5e
2026-05-13 13:36:31,346 [WARNING] CRC mismatch on cmd=0x66 len=240 — got 0x5e, expected 0x66. Full packet: 66 28 02 26 03 23 15 02 00 5e 66 29 02 26 03 23 14 32 00 61 66 2a 02 26 03 23 14 02 00 5f 66 2b 02 26 03 23 13 32 00 60 66 2c 02 26 03 23 13 02 00 5e 66 2d 02 26 03 23 12 32 00 60 66 2e 02 26 03 23 12 02 00 63 66 2f 02 26 03 23 11 32 00 63 66 30 02 26 03 23 11 01 58 5f 66 31 02 26 03 23 10 31 36 59 66 32 02 26 03 23 10 02 00 60 66 33 02 26 03 23 09 32 00 5e 66 34 02 26 03 23 09 02 00 61 66 35 02 26 03 23 08 32 00 61 66 36 02 26 03 23 08 02 00 62 66 37 02 26 03 23 05 32 00 5e 66 38 02 26 03 23 05 02 02 5f 66 39 02 26 03 23 04 32 02 63 66 3a 02 26 03 23 04 02 02 60 66 3b 02 26 03 23 03 32 02 60 66 3c 02 26 03 23 03 02 02 63 66 3d 02 26 03 23 02 32 02 5f 66 3e 02 26 03 23 02 02 02 60 66 3f 02 26 03 23 01 32 02 5e
2026-05-13 13:36:31,421 [INFO] ← RX [240b] cmd=0x66  crc_recv=0x63  crc_calc=0x89  raw=66 40 02 26 03 23 01 02 02 61 66 41 02 26 03 23 00 32 02 63 66 42 02 26 03 23 00 02 02 60 66 43 02 26 03 22 23 31 30 60 66 44 02 26 03 22 23 01 34 60 66 45 02 26 03 22 22 31 34 60 66 46 02 26 03 22 22 01 43 60 66 47 02 26 03 22 21 32 00 60 66 48 02 26 03 22 21 02 00 63 66 49 02 26 03 22 20 32 00 60 66 4a 02 26 03 22 20 01 55 60 66 4b 02 26 03 22 19 32 00 61 66 4c 02 26 03 22 19 02 00 5e 66 4d 02 26 03 22 18 32 00 62 66 4e 02 26 03 22 18 02 00 61 66 4f 02 26 03 22 17 32 00 61 66 50 02 26 03 22 17 02 00 62 66 51 02 26 03 22 16 31 34 60 66 52 02 26 03 22 16 02 00 5e 66 53 02 26 03 22 15 32 00 61 66 54 02 26 03 22 15 02 00 61 66 55 02 26 03 22 14 32 00 5e 66 56 02 26 03 22 14 02 00 5e 66 57 02 26 03 22 13 32 00 63
2026-05-13 13:36:31,421 [WARNING] CRC mismatch on cmd=0x66 len=240 — got 0x63, expected 0x89. Full packet: 66 40 02 26 03 23 01 02 02 61 66 41 02 26 03 23 00 32 02 63 66 42 02 26 03 23 00 02 02 60 66 43 02 26 03 22 23 31 30 60 66 44 02 26 03 22 23 01 34 60 66 45 02 26 03 22 22 31 34 60 66 46 02 26 03 22 22 01 43 60 66 47 02 26 03 22 21 32 00 60 66 48 02 26 03 22 21 02 00 63 66 49 02 26 03 22 20 32 00 60 66 4a 02 26 03 22 20 01 55 60 66 4b 02 26 03 22 19 32 00 61 66 4c 02 26 03 22 19 02 00 5e 66 4d 02 26 03 22 18 32 00 62 66 4e 02 26 03 22 18 02 00 61 66 4f 02 26 03 22 17 32 00 61 66 50 02 26 03 22 17 02 00 62 66 51 02 26 03 22 16 31 34 60 66 52 02 26 03 22 16 02 00 5e 66 53 02 26 03 22 15 32 00 61 66 54 02 26 03 22 15 02 00 61 66 55 02 26 03 22 14 32 00 5e 66 56 02 26 03 22 14 02 00 5e 66 57 02 26 03 22 13 32 00 63
2026-05-13 13:36:31,496 [INFO] ← RX [240b] cmd=0x66  crc_recv=0x61  crc_calc=0xff  raw=66 58 02 26 03 22 11 31 49 5f 66 59 02 26 03 22 11 02 00 61 66 5a 02 26 03 22 10 32 00 5e 66 5b 02 26 03 22 09 32 00 5e 66 5c 02 26 03 21 23 02 00 61 66 5d 02 26 03 21 22 32 00 63 66 5e 02 26 03 21 22 02 00 60 66 5f 02 26 03 21 21 32 00 5e 66 60 02 26 03 21 21 02 00 61 66 61 02 26 03 21 20 32 00 63 66 62 02 26 03 21 13 02 00 62 66 63 02 26 03 21 12 32 00 5e 66 64 02 26 03 21 12 02 00 61 66 65 02 26 03 21 11 32 00 5f 66 66 02 26 03 21 11 01 34 60 66 67 02 26 03 21 10 32 00 60 66 68 02 26 03 21 10 02 00 5e 66 69 02 26 03 21 09 32 00 63 66 6a 02 26 03 21 09 02 00 63 66 6b 02 26 03 20 23 31 34 60 66 6c 02 26 03 20 23 02 00 60 66 6d 02 26 03 20 22 02 00 5e 66 6e 02 26 03 20 21 32 00 61 66 6f 02 26 03 20 21 02 00 61
2026-05-13 13:36:31,496 [WARNING] CRC mismatch on cmd=0x66 len=240 — got 0x61, expected 0xff. Full packet: 66 58 02 26 03 22 11 31 49 5f 66 59 02 26 03 22 11 02 00 61 66 5a 02 26 03 22 10 32 00 5e 66 5b 02 26 03 22 09 32 00 5e 66 5c 02 26 03 21 23 02 00 61 66 5d 02 26 03 21 22 32 00 63 66 5e 02 26 03 21 22 02 00 60 66 5f 02 26 03 21 21 32 00 5e 66 60 02 26 03 21 21 02 00 61 66 61 02 26 03 21 20 32 00 63 66 62 02 26 03 21 13 02 00 62 66 63 02 26 03 21 12 32 00 5e 66 64 02 26 03 21 12 02 00 61 66 65 02 26 03 21 11 32 00 5f 66 66 02 26 03 21 11 01 34 60 66 67 02 26 03 21 10 32 00 60 66 68 02 26 03 21 10 02 00 5e 66 69 02 26 03 21 09 32 00 63 66 6a 02 26 03 21 09 02 00 63 66 6b 02 26 03 20 23 31 34 60 66 6c 02 26 03 20 23 02 00 60 66 6d 02 26 03 20 22 02 00 5e 66 6e 02 26 03 20 21 32 00 61 66 6f 02 26 03 20 21 02 00 61
2026-05-13 13:36:31,571 [INFO] ← RX [240b] cmd=0x66  crc_recv=0x5e  crc_calc=0xea  raw=66 70 02 26 03 20 20 31 34 61 66 71 02 26 03 20 20 01 34 60 66 72 02 26 03 20 19 32 00 62 66 73 02 26 03 19 10 02 00 5e 66 74 02 26 03 19 09 32 00 60 66 75 02 26 03 19 09 01 53 61 66 76 02 26 03 18 21 02 00 5f 66 77 02 26 03 18 20 32 00 63 66 78 02 26 03 18 20 01 34 60 66 79 02 26 03 18 19 31 34 60 66 7a 02 26 03 18 19 02 00 62 66 7b 02 26 03 18 18 32 00 60 66 7c 02 26 03 18 18 02 00 60 66 7d 02 26 03 18 17 32 00 61 66 7e 02 26 03 18 17 02 00 61 66 7f 02 26 03 18 16 31 34 60 66 80 02 26 03 18 16 02 00 60 66 81 02 26 03 18 15 32 00 5e 66 82 02 26 03 18 15 02 00 5f 66 83 02 26 03 18 14 31 51 5e 66 84 02 26 03 18 14 02 00 5f 66 85 02 26 03 18 13 32 00 60 66 86 02 26 03 18 13 01 54 55 66 87 02 26 03 18 12 31 47 5e
2026-05-13 13:36:31,571 [WARNING] CRC mismatch on cmd=0x66 len=240 — got 0x5e, expected 0xea. Full packet: 66 70 02 26 03 20 20 31 34 61 66 71 02 26 03 20 20 01 34 60 66 72 02 26 03 20 19 32 00 62 66 73 02 26 03 19 10 02 00 5e 66 74 02 26 03 19 09 32 00 60 66 75 02 26 03 19 09 01 53 61 66 76 02 26 03 18 21 02 00 5f 66 77 02 26 03 18 20 32 00 63 66 78 02 26 03 18 20 01 34 60 66 79 02 26 03 18 19 31 34 60 66 7a 02 26 03 18 19 02 00 62 66 7b 02 26 03 18 18 32 00 60 66 7c 02 26 03 18 18 02 00 60 66 7d 02 26 03 18 17 32 00 61 66 7e 02 26 03 18 17 02 00 61 66 7f 02 26 03 18 16 31 34 60 66 80 02 26 03 18 16 02 00 60 66 81 02 26 03 18 15 32 00 5e 66 82 02 26 03 18 15 02 00 5f 66 83 02 26 03 18 14 31 51 5e 66 84 02 26 03 18 14 02 00 5f 66 85 02 26 03 18 13 32 00 60 66 86 02 26 03 18 13 01 54 55 66 87 02 26 03 18 12 31 47 5e
2026-05-13 13:36:31,646 [INFO] ← RX [240b] cmd=0x66  crc_recv=0x61  crc_calc=0xec  raw=66 88 02 26 03 18 12 02 00 60 66 89 02 26 03 18 11 32 00 61 66 8a 02 26 03 18 11 02 00 61 66 8b 02 26 03 18 10 32 00 60 66 8c 02 26 03 18 10 01 34 60 66 8d 02 26 03 18 09 32 00 60 66 8e 02 26 03 18 09 02 00 5f 66 8f 02 26 03 18 08 32 00 5f 66 90 02 26 03 17 11 32 00 60 66 91 02 26 03 17 11 01 34 60 66 92 02 26 03 17 10 31 34 60 66 93 02 26 03 17 10 02 00 60 66 94 02 26 03 17 09 02 00 5f 66 95 02 26 03 17 07 31 34 60 66 96 02 26 03 17 03 32 00 61 66 97 02 26 03 17 03 02 00 5e 66 98 02 26 03 17 02 32 00 60 66 99 02 26 03 17 02 02 02 5f 66 9a 02 26 03 17 01 32 02 5f 66 9b 02 26 03 17 01 02 02 60 66 9c 02 26 03 17 00 31 30 60 66 9d 02 26 03 17 00 01 34 60 66 9e 02 26 03 16 23 32 00 62 66 9f 02 26 03 16 21 02 00 61
2026-05-13 13:36:31,646 [WARNING] CRC mismatch on cmd=0x66 len=240 — got 0x61, expected 0xec. Full packet: 66 88 02 26 03 18 12 02 00 60 66 89 02 26 03 18 11 32 00 61 66 8a 02 26 03 18 11 02 00 61 66 8b 02 26 03 18 10 32 00 60 66 8c 02 26 03 18 10 01 34 60 66 8d 02 26 03 18 09 32 00 60 66 8e 02 26 03 18 09 02 00 5f 66 8f 02 26 03 18 08 32 00 5f 66 90 02 26 03 17 11 32 00 60 66 91 02 26 03 17 11 01 34 60 66 92 02 26 03 17 10 31 34 60 66 93 02 26 03 17 10 02 00 60 66 94 02 26 03 17 09 02 00 5f 66 95 02 26 03 17 07 31 34 60 66 96 02 26 03 17 03 32 00 61 66 97 02 26 03 17 03 02 00 5e 66 98 02 26 03 17 02 32 00 60 66 99 02 26 03 17 02 02 02 5f 66 9a 02 26 03 17 01 32 02 5f 66 9b 02 26 03 17 01 02 02 60 66 9c 02 26 03 17 00 31 30 60 66 9d 02 26 03 17 00 01 34 60 66 9e 02 26 03 16 23 32 00 62 66 9f 02 26 03 16 21 02 00 61
2026-05-13 13:36:31,721 [INFO] ← RX [240b] cmd=0x66  crc_recv=0x60  crc_calc=0x37  raw=66 a0 02 26 03 16 20 31 45 60 66 a1 02 26 03 16 20 02 00 5f 66 a2 02 26 03 16 19 32 00 62 66 a3 02 26 03 16 19 02 00 60 66 a4 02 26 03 16 18 32 00 5f 66 a5 02 26 03 16 15 32 00 61 66 a6 02 26 03 16 15 01 34 5f 66 a7 02 26 03 16 14 31 34 61 66 a8 02 26 03 16 14 02 00 60 66 a9 02 26 03 16 13 32 00 5e 66 aa 02 26 03 16 13 02 00 5f 66 ab 02 26 03 16 12 32 00 63 66 ac 02 26 03 16 12 01 36 60 66 ad 02 26 03 16 11 31 34 60 66 ae 02 26 03 16 11 02 00 60 66 af 02 26 03 16 10 32 00 60 66 b0 02 26 03 16 10 02 00 63 66 b1 02 26 03 16 09 31 35 60 66 b2 02 26 03 16 09 02 00 5f 66 b3 02 26 03 15 21 32 00 60 66 b4 02 26 03 15 08 32 00 5e 66 b5 02 26 03 15 00 32 00 61 66 b6 02 26 03 15 00 02 00 63 66 b7 02 26 03 14 23 32 00 60
2026-05-13 13:36:31,721 [WARNING] CRC mismatch on cmd=0x66 len=240 — got 0x60, expected 0x37. Full packet: 66 a0 02 26 03 16 20 31 45 60 66 a1 02 26 03 16 20 02 00 5f 66 a2 02 26 03 16 19 32 00 62 66 a3 02 26 03 16 19 02 00 60 66 a4 02 26 03 16 18 32 00 5f 66 a5 02 26 03 16 15 32 00 61 66 a6 02 26 03 16 15 01 34 5f 66 a7 02 26 03 16 14 31 34 61 66 a8 02 26 03 16 14 02 00 60 66 a9 02 26 03 16 13 32 00 5e 66 aa 02 26 03 16 13 02 00 5f 66 ab 02 26 03 16 12 32 00 63 66 ac 02 26 03 16 12 01 36 60 66 ad 02 26 03 16 11 31 34 60 66 ae 02 26 03 16 11 02 00 60 66 af 02 26 03 16 10 32 00 60 66 b0 02 26 03 16 10 02 00 63 66 b1 02 26 03 16 09 31 35 60 66 b2 02 26 03 16 09 02 00 5f 66 b3 02 26 03 15 21 32 00 60 66 b4 02 26 03 15 08 32 00 5e 66 b5 02 26 03 15 00 32 00 61 66 b6 02 26 03 15 00 02 00 63 66 b7 02 26 03 14 23 32 00 60
2026-05-13 13:36:31,796 [INFO] ← RX [240b] cmd=0x66  crc_recv=0x61  crc_calc=0x67  raw=66 b8 02 26 03 14 23 01 46 60 66 b9 02 26 03 14 22 32 00 60 66 ba 02 26 03 14 22 02 00 60 66 bb 02 26 03 14 21 32 00 63 66 bc 02 26 03 14 21 02 00 61 66 bd 02 26 03 14 20 32 00 5e 66 be 02 26 03 14 20 02 00 62 66 bf 02 26 03 14 19 32 00 61 66 c0 02 26 03 14 19 02 00 61 66 c1 02 26 03 14 18 32 00 62 66 c2 02 26 03 14 18 02 00 5e 66 c3 02 26 03 14 17 32 00 61 66 c4 02 26 03 14 17 01 35 60 66 c5 02 26 03 14 16 32 00 61 66 c6 02 26 03 14 16 02 00 5e 66 c7 02 26 03 14 15 32 00 5e 66 c8 02 26 03 14 15 02 00 63 66 c9 02 26 03 14 14 31 55 61 66 ca 02 26 03 14 14 01 35 60 66 cb 02 26 03 14 13 32 00 61 66 cc 02 26 03 14 13 02 00 5e 66 cd 02 26 03 14 12 32 00 5e 66 ce 02 26 03 14 12 01 34 60 66 cf 02 26 03 14 11 32 00 61
2026-05-13 13:36:31,796 [WARNING] CRC mismatch on cmd=0x66 len=240 — got 0x61, expected 0x67. Full packet: 66 b8 02 26 03 14 23 01 46 60 66 b9 02 26 03 14 22 32 00 60 66 ba 02 26 03 14 22 02 00 60 66 bb 02 26 03 14 21 32 00 63 66 bc 02 26 03 14 21 02 00 61 66 bd 02 26 03 14 20 32 00 5e 66 be 02 26 03 14 20 02 00 62 66 bf 02 26 03 14 19 32 00 61 66 c0 02 26 03 14 19 02 00 61 66 c1 02 26 03 14 18 32 00 62 66 c2 02 26 03 14 18 02 00 5e 66 c3 02 26 03 14 17 32 00 61 66 c4 02 26 03 14 17 01 35 60 66 c5 02 26 03 14 16 32 00 61 66 c6 02 26 03 14 16 02 00 5e 66 c7 02 26 03 14 15 32 00 5e 66 c8 02 26 03 14 15 02 00 63 66 c9 02 26 03 14 14 31 55 61 66 ca 02 26 03 14 14 01 35 60 66 cb 02 26 03 14 13 32 00 61 66 cc 02 26 03 14 13 02 00 5e 66 cd 02 26 03 14 12 32 00 5e 66 ce 02 26 03 14 12 01 34 60 66 cf 02 26 03 14 11 32 00 61
2026-05-13 13:36:31,871 [INFO] ← RX [240b] cmd=0x66  crc_recv=0x61  crc_calc=0x7c  raw=66 d0 02 26 03 14 11 01 42 60 66 d1 02 26 03 14 10 32 00 63 66 d2 02 26 03 14 10 02 00 60 66 d3 02 26 03 14 09 32 00 5e 66 d4 02 26 03 14 06 31 34 60 66 d5 02 26 03 14 01 01 34 60 66 d6 02 26 03 14 00 32 00 61 66 d7 02 26 03 14 00 01 36 60 66 d8 02 26 03 13 23 32 00 60 66 d9 02 26 03 13 23 01 34 60 66 da 02 26 03 13 22 31 34 60 66 db 02 26 03 13 22 01 53 60 66 dc 02 26 03 13 21 31 34 60 66 dd 02 26 03 13 21 02 00 63 66 de 02 26 03 13 20 32 00 62 66 df 02 26 03 13 20 02 00 5e 66 e0 02 26 03 13 19 32 00 61 66 e1 02 26 03 13 19 02 00 5f 66 e2 02 26 03 13 18 31 34 61 66 e3 02 26 03 13 18 02 00 60 66 e4 02 26 03 13 17 32 00 5e 66 e5 02 26 03 13 17 02 00 63 66 e6 02 26 03 13 16 31 34 60 66 e7 02 26 03 13 16 01 34 61
2026-05-13 13:36:31,871 [WARNING] CRC mismatch on cmd=0x66 len=240 — got 0x61, expected 0x7c. Full packet: 66 d0 02 26 03 14 11 01 42 60 66 d1 02 26 03 14 10 32 00 63 66 d2 02 26 03 14 10 02 00 60 66 d3 02 26 03 14 09 32 00 5e 66 d4 02 26 03 14 06 31 34 60 66 d5 02 26 03 14 01 01 34 60 66 d6 02 26 03 14 00 32 00 61 66 d7 02 26 03 14 00 01 36 60 66 d8 02 26 03 13 23 32 00 60 66 d9 02 26 03 13 23 01 34 60 66 da 02 26 03 13 22 31 34 60 66 db 02 26 03 13 22 01 53 60 66 dc 02 26 03 13 21 31 34 60 66 dd 02 26 03 13 21 02 00 63 66 de 02 26 03 13 20 32 00 62 66 df 02 26 03 13 20 02 00 5e 66 e0 02 26 03 13 19 32 00 61 66 e1 02 26 03 13 19 02 00 5f 66 e2 02 26 03 13 18 31 34 61 66 e3 02 26 03 13 18 02 00 60 66 e4 02 26 03 13 17 32 00 5e 66 e5 02 26 03 13 17 02 00 63 66 e6 02 26 03 13 16 31 34 60 66 e7 02 26 03 13 16 01 34 61
2026-05-13 13:36:31,946 [INFO] ← RX [240b] cmd=0x66  crc_recv=0x60  crc_calc=0x59  raw=66 e8 02 26 03 13 15 32 00 63 66 e9 02 26 03 13 15 02 00 60 66 ea 02 26 03 13 14 31 46 5e 66 eb 02 26 03 13 14 02 00 5e 66 ec 02 26 03 13 13 32 00 61 66 ed 02 26 03 13 13 02 00 61 66 ee 02 26 03 13 12 32 00 62 66 ef 02 26 03 12 21 31 34 61 66 f0 02 26 03 12 21 02 00 5f 66 f1 02 26 03 12 20 31 56 61 66 f2 02 26 03 12 20 02 00 62 66 f3 02 26 03 12 19 32 00 60 66 f4 02 26 03 12 18 02 00 5f 66 f5 02 26 03 12 17 32 00 61 66 f6 02 26 03 12 17 02 00 60 66 f7 02 26 03 12 16 32 00 5e 66 f8 02 26 03 12 16 02 00 5f 66 f9 02 26 03 12 15 32 00 63 66 fa 02 26 03 12 15 02 00 60 66 fb 02 26 03 12 14 32 00 60 66 fc 02 26 03 12 14 02 00 63 66 fd 02 26 03 12 13 32 00 5f 66 fe 02 26 03 12 13 02 00 60 66 ff 02 26 03 12 12 32 00 60
2026-05-13 13:36:31,946 [WARNING] CRC mismatch on cmd=0x66 len=240 — got 0x60, expected 0x59. Full packet: 66 e8 02 26 03 13 15 32 00 63 66 e9 02 26 03 13 15 02 00 60 66 ea 02 26 03 13 14 31 46 5e 66 eb 02 26 03 13 14 02 00 5e 66 ec 02 26 03 13 13 32 00 61 66 ed 02 26 03 13 13 02 00 61 66 ee 02 26 03 13 12 32 00 62 66 ef 02 26 03 12 21 31 34 61 66 f0 02 26 03 12 21 02 00 5f 66 f1 02 26 03 12 20 31 56 61 66 f2 02 26 03 12 20 02 00 62 66 f3 02 26 03 12 19 32 00 60 66 f4 02 26 03 12 18 02 00 5f 66 f5 02 26 03 12 17 32 00 61 66 f6 02 26 03 12 17 02 00 60 66 f7 02 26 03 12 16 32 00 5e 66 f8 02 26 03 12 16 02 00 5f 66 f9 02 26 03 12 15 32 00 63 66 fa 02 26 03 12 15 02 00 60 66 fb 02 26 03 12 14 32 00 60 66 fc 02 26 03 12 14 02 00 63 66 fd 02 26 03 12 13 32 00 5f 66 fe 02 26 03 12 13 02 00 60 66 ff 02 26 03 12 12 32 00 60
2026-05-13 13:36:32,021 [INFO] ← RX [240b] cmd=0x66  crc_recv=0x63  crc_calc=0x79  raw=66 00 03 26 03 12 12 02 00 5e 66 01 03 26 03 12 11 32 00 61 66 02 03 26 03 12 11 02 00 63 66 03 03 26 03 12 10 32 00 60 66 04 03 26 03 12 10 02 00 60 66 05 03 26 03 12 09 32 00 63 66 06 03 26 03 12 09 02 00 61 66 07 03 26 03 12 08 32 00 5e 66 08 03 26 03 12 07 32 00 62 66 09 03 26 03 12 07 02 00 61 66 0a 03 26 03 12 06 32 02 61 66 0b 03 26 03 12 06 02 02 62 66 0c 03 26 03 12 05 32 02 5e 66 0d 03 26 03 12 05 02 02 61 66 0e 03 26 03 12 04 32 02 61 66 0f 03 26 03 12 04 02 02 5e 66 10 03 26 03 12 03 32 02 5e 66 11 03 26 03 12 03 02 02 63 66 12 03 26 03 12 02 32 02 61 66 13 03 26 03 12 02 02 02 5e 66 14 03 26 03 12 01 32 02 5e 66 15 03 26 03 12 01 02 02 61 66 16 03 26 03 12 00 31 30 60 66 17 03 26 03 12 00 02 01 63
2026-05-13 13:36:32,021 [WARNING] CRC mismatch on cmd=0x66 len=240 — got 0x63, expected 0x79. Full packet: 66 00 03 26 03 12 12 02 00 5e 66 01 03 26 03 12 11 32 00 61 66 02 03 26 03 12 11 02 00 63 66 03 03 26 03 12 10 32 00 60 66 04 03 26 03 12 10 02 00 60 66 05 03 26 03 12 09 32 00 63 66 06 03 26 03 12 09 02 00 61 66 07 03 26 03 12 08 32 00 5e 66 08 03 26 03 12 07 32 00 62 66 09 03 26 03 12 07 02 00 61 66 0a 03 26 03 12 06 32 02 61 66 0b 03 26 03 12 06 02 02 62 66 0c 03 26 03 12 05 32 02 5e 66 0d 03 26 03 12 05 02 02 61 66 0e 03 26 03 12 04 32 02 61 66 0f 03 26 03 12 04 02 02 5e 66 10 03 26 03 12 03 32 02 5e 66 11 03 26 03 12 03 02 02 63 66 12 03 26 03 12 02 32 02 61 66 13 03 26 03 12 02 02 02 5e 66 14 03 26 03 12 01 32 02 5e 66 15 03 26 03 12 01 02 02 61 66 16 03 26 03 12 00 31 30 60 66 17 03 26 03 12 00 02 01 63
2026-05-13 13:36:32,096 [INFO] ← RX [240b] cmd=0x66  crc_recv=0x63  crc_calc=0xbc  raw=66 18 03 26 03 11 23 31 34 60 66 19 03 26 03 11 23 01 34 60 66 1a 03 26 03 11 22 32 00 60 66 1b 03 26 03 11 22 01 34 60 66 1c 03 26 03 11 21 02 00 5e 66 1d 03 26 03 11 20 32 00 61 66 1e 03 26 03 11 20 02 00 63 66 1f 03 26 03 11 19 32 00 62 66 20 03 26 03 11 19 02 00 5e 66 21 03 26 03 11 18 32 00 61 66 22 03 26 03 11 18 02 00 5f 66 23 03 26 03 11 17 32 00 5d 66 24 03 26 03 11 17 01 34 60 66 25 03 26 03 11 16 32 00 60 66 26 03 26 03 11 16 02 00 5e 66 27 03 26 03 11 15 02 00 63 66 28 03 26 03 11 14 32 00 63 66 29 03 26 03 11 14 02 00 60 66 2a 03 26 03 11 13 32 00 5e 66 2b 03 26 03 11 12 32 00 61 66 2c 03 26 03 11 12 02 00 61 66 2d 03 26 03 11 11 32 00 62 66 2e 03 26 03 11 09 32 00 61 66 2f 03 26 03 11 09 02 00 63
2026-05-13 13:36:32,096 [WARNING] CRC mismatch on cmd=0x66 len=240 — got 0x63, expected 0xbc. Full packet: 66 18 03 26 03 11 23 31 34 60 66 19 03 26 03 11 23 01 34 60 66 1a 03 26 03 11 22 32 00 60 66 1b 03 26 03 11 22 01 34 60 66 1c 03 26 03 11 21 02 00 5e 66 1d 03 26 03 11 20 32 00 61 66 1e 03 26 03 11 20 02 00 63 66 1f 03 26 03 11 19 32 00 62 66 20 03 26 03 11 19 02 00 5e 66 21 03 26 03 11 18 32 00 61 66 22 03 26 03 11 18 02 00 5f 66 23 03 26 03 11 17 32 00 5d 66 24 03 26 03 11 17 01 34 60 66 25 03 26 03 11 16 32 00 60 66 26 03 26 03 11 16 02 00 5e 66 27 03 26 03 11 15 02 00 63 66 28 03 26 03 11 14 32 00 63 66 29 03 26 03 11 14 02 00 60 66 2a 03 26 03 11 13 32 00 5e 66 2b 03 26 03 11 12 32 00 61 66 2c 03 26 03 11 12 02 00 61 66 2d 03 26 03 11 11 32 00 62 66 2e 03 26 03 11 09 32 00 61 66 2f 03 26 03 11 09 02 00 63
2026-05-13 13:36:32,171 [INFO] ← RX [240b] cmd=0x66  crc_recv=0x61  crc_calc=0xe1  raw=66 30 03 26 03 10 22 31 50 61 66 31 03 26 03 10 22 01 33 60 66 32 03 26 03 10 21 32 00 60 66 33 03 26 03 10 21 02 00 5e 66 34 03 26 03 10 19 32 00 61 66 35 03 26 03 10 19 02 00 63 66 36 03 26 03 10 18 32 00 62 66 37 03 26 03 10 18 01 41 60 66 38 03 26 03 10 17 32 00 5e 66 39 03 26 03 10 17 01 51 5f 66 3a 03 26 03 10 16 31 51 60 66 3b 03 26 03 10 16 02 00 61 66 3c 03 26 03 10 15 31 53 5c 66 3d 03 26 03 10 15 02 00 61 66 3e 03 26 03 10 14 32 00 5f 66 3f 03 26 03 10 13 32 00 60 66 40 03 26 03 10 13 02 00 5e 66 41 03 26 03 10 12 32 00 5e 66 42 03 26 03 10 12 02 00 63 66 43 03 26 03 10 11 02 00 63 66 44 03 26 03 10 09 32 00 60 66 45 03 26 03 09 21 32 00 5e 66 46 03 26 03 09 21 02 00 61 66 47 03 26 03 09 19 32 00 61
2026-05-13 13:36:32,171 [WARNING] CRC mismatch on cmd=0x66 len=240 — got 0x61, expected 0xe1. Full packet: 66 30 03 26 03 10 22 31 50 61 66 31 03 26 03 10 22 01 33 60 66 32 03 26 03 10 21 32 00 60 66 33 03 26 03 10 21 02 00 5e 66 34 03 26 03 10 19 32 00 61 66 35 03 26 03 10 19 02 00 63 66 36 03 26 03 10 18 32 00 62 66 37 03 26 03 10 18 01 41 60 66 38 03 26 03 10 17 32 00 5e 66 39 03 26 03 10 17 01 51 5f 66 3a 03 26 03 10 16 31 51 60 66 3b 03 26 03 10 16 02 00 61 66 3c 03 26 03 10 15 31 53 5c 66 3d 03 26 03 10 15 02 00 61 66 3e 03 26 03 10 14 32 00 5f 66 3f 03 26 03 10 13 32 00 60 66 40 03 26 03 10 13 02 00 5e 66 41 03 26 03 10 12 32 00 5e 66 42 03 26 03 10 12 02 00 63 66 43 03 26 03 10 11 02 00 63 66 44 03 26 03 10 09 32 00 60 66 45 03 26 03 09 21 32 00 5e 66 46 03 26 03 09 21 02 00 61 66 47 03 26 03 09 19 32 00 61
2026-05-13 13:36:32,240 [INFO] ← RX [12b] cmd=0x66  crc_recv=0xff  crc_calc=0xc6  raw=66 48 03 26 03 09 19 02 00 62 66 ff
2026-05-13 13:36:32,240 [WARNING] CRC mismatch on cmd=0x66 len=12 — got 0xff, expected 0xc6. Full packet: 66 48 03 26 03 09 19 02 00 62 66 ff
2026-05-13 13:36:36,479 [INFO] Disconnected.
2026-06-05 09:20:22,949 [INFO] Connecting to 74:19:0A:14:70:C8...
2026-06-05 09:22:31,964 [INFO] Connecting to 74:19:0A:14:70:C8...
2026-06-05 09:22:47,135 [INFO] 🔍 Scanning for BLE devices (10.0s)...
2026-06-05 09:22:57,167 [INFO]   Found: (unnamed)                       48:4E:94:ED:BD:8A
2026-06-05 09:22:57,167 [INFO]   Found: (unnamed)                       DB:DB:94:E1:F5:55
2026-06-05 09:22:57,168 [INFO]   Found: LE_WF-C710N                     C4:F6:8A:86:D3:1B
2026-06-05 09:22:57,168 [INFO]   Found: (unnamed)                       45:EF:71:3D:75:06
2026-06-05 09:22:57,168 [INFO]   Found: LG RNC7(20)                     68:52:10:8E:A5:20
2026-06-05 09:22:57,168 [INFO]   Found: J2501 9FD0                      CE:68:27:E4:9F:D0
2026-06-05 09:22:57,168 [INFO]     ↳ candidate: advertises 0000fff0-0000-1000-8000-00805f9b34fb
2026-06-05 09:22:57,168 [INFO]   Found: (unnamed)                       78:06:B6:80:91:0F
2026-06-05 09:22:57,168 [INFO]   Found: (unnamed)                       4A:84:CC:F1:52:41
2026-06-05 09:22:57,168 [INFO]   Found: (unnamed)                       05:E8:11:61:D9:C2
2026-06-05 09:22:57,168 [INFO]   Found: (unnamed)                       D4:ED:1C:46:3C:2B
2026-06-05 09:22:57,168 [INFO]   Found: LE_WF-C710N                     C2:EA:F9:BB:B9:C1
2026-06-05 09:22:57,168 [INFO]   Found: (unnamed)                       E9:0B:21:D5:10:4A
2026-06-05 09:22:57,168 [INFO]   Found: (unnamed)                       24:63:12:72:46:95
2026-06-05 09:22:57,168 [INFO]   Found: (unnamed)                       02:8A:2A:B6:06:A6
2026-06-05 09:22:57,168 [INFO]   Found: (unnamed)                       25:FB:16:69:60:B1
2026-06-05 09:22:57,168 [INFO]   Found: (unnamed)                       0B:18:AE:1F:FE:6B
2026-06-05 09:22:57,169 [INFO]   Found: (unnamed)                       F4:24:11:FD:FF:7B
2026-06-05 09:22:57,169 [INFO] ✨ 1 candidate(s) found
2026-06-05 09:22:57,169 [INFO] Connecting to CE:68:27:E4:9F:D0...
2026-06-05 09:23:06,832 [INFO] Connected ✓  (notifications enabled)
2026-06-05 09:24:20,403 [INFO] ▶ Real-time HR started (30s)...
2026-06-05 09:24:23,210 [INFO] ← RX [16b] cmd=0x28  crc_recv=0x2a  crc_calc=0x2a  raw=28 02 00 00 00 00 00 00 00 00 00 00 00 00 00 2a
2026-06-05 09:24:23,210 [WARNING]   ⚠  HR=0 — sensor may not be in contact yet. Raw: 28 02 00 00 00 00 00 00 00 00 00 00 00 00 00 2a
2026-06-05 09:24:24,335 [INFO] ← RX [16b] cmd=0x28  crc_recv=0x2a  crc_calc=0x2a  raw=28 02 00 00 00 00 00 00 00 00 00 00 00 00 00 2a
2026-06-05 09:24:24,336 [WARNING]   ⚠  HR=0 — sensor may not be in contact yet. Raw: 28 02 00 00 00 00 00 00 00 00 00 00 00 00 00 2a
2026-06-05 09:24:25,085 [INFO] ← RX [16b] cmd=0x28  crc_recv=0x2a  crc_calc=0x2a  raw=28 02 00 00 00 00 00 00 00 00 00 00 00 00 00 2a
2026-06-05 09:24:25,086 [WARNING]   ⚠  HR=0 — sensor may not be in contact yet. Raw: 28 02 00 00 00 00 00 00 00 00 00 00 00 00 00 2a
2026-06-05 09:24:26,023 [INFO] ← RX [16b] cmd=0x28  crc_recv=0x2a  crc_calc=0x2a  raw=28 02 00 00 00 00 00 00 00 00 00 00 00 00 00 2a
2026-06-05 09:24:26,023 [WARNING]   ⚠  HR=0 — sensor may not be in contact yet. Raw: 28 02 00 00 00 00 00 00 00 00 00 00 00 00 00 2a
2026-06-05 09:24:26,998 [INFO] ← RX [16b] cmd=0x28  crc_recv=0x2a  crc_calc=0x2a  raw=28 02 00 00 00 00 00 00 00 00 00 00 00 00 00 2a
2026-06-05 09:24:26,998 [WARNING]   ⚠  HR=0 — sensor may not be in contact yet. Raw: 28 02 00 00 00 00 00 00 00 00 00 00 00 00 00 2a
2026-06-05 09:24:28,010 [INFO] ← RX [16b] cmd=0x28  crc_recv=0x2a  crc_calc=0x2a  raw=28 02 00 00 00 00 00 00 00 00 00 00 00 00 00 2a
2026-06-05 09:24:28,010 [WARNING]   ⚠  HR=0 — sensor may not be in contact yet. Raw: 28 02 00 00 00 00 00 00 00 00 00 00 00 00 00 2a
2026-06-05 09:24:29,023 [INFO] ← RX [16b] cmd=0x28  crc_recv=0x2a  crc_calc=0x2a  raw=28 02 00 00 00 00 00 00 00 00 00 00 00 00 00 2a
2026-06-05 09:24:29,023 [WARNING]   ⚠  HR=0 — sensor may not be in contact yet. Raw: 28 02 00 00 00 00 00 00 00 00 00 00 00 00 00 2a
2026-06-05 09:24:29,998 [INFO] ← RX [16b] cmd=0x28  crc_recv=0x2a  crc_calc=0x2a  raw=28 02 00 00 00 00 00 00 00 00 00 00 00 00 00 2a
2026-06-05 09:24:29,998 [WARNING]   ⚠  HR=0 — sensor may not be in contact yet. Raw: 28 02 00 00 00 00 00 00 00 00 00 00 00 00 00 2a
2026-06-05 09:24:31,048 [INFO] ← RX [16b] cmd=0x28  crc_recv=0x2a  crc_calc=0x2a  raw=28 02 00 00 00 00 00 00 00 00 00 00 00 00 00 2a
2026-06-05 09:24:31,048 [WARNING]   ⚠  HR=0 — sensor may not be in contact yet. Raw: 28 02 00 00 00 00 00 00 00 00 00 00 00 00 00 2a
2026-06-05 09:24:32,023 [INFO] ← RX [16b] cmd=0x28  crc_recv=0x2a  crc_calc=0x2a  raw=28 02 00 00 00 00 00 00 00 00 00 00 00 00 00 2a
2026-06-05 09:24:32,023 [WARNING]   ⚠  HR=0 — sensor may not be in contact yet. Raw: 28 02 00 00 00 00 00 00 00 00 00 00 00 00 00 2a
2026-06-05 09:24:32,998 [INFO] ← RX [16b] cmd=0x28  crc_recv=0x2a  crc_calc=0x2a  raw=28 02 00 00 00 00 00 00 00 00 00 00 00 00 00 2a
2026-06-05 09:24:32,998 [WARNING]   ⚠  HR=0 — sensor may not be in contact yet. Raw: 28 02 00 00 00 00 00 00 00 00 00 00 00 00 00 2a
2026-06-05 09:24:34,010 [INFO] ← RX [16b] cmd=0x28  crc_recv=0x2a  crc_calc=0x2a  raw=28 02 00 00 00 00 00 00 00 00 00 00 00 00 00 2a
2026-06-05 09:24:34,010 [WARNING]   ⚠  HR=0 — sensor may not be in contact yet. Raw: 28 02 00 00 00 00 00 00 00 00 00 00 00 00 00 2a
2026-06-05 09:24:35,023 [INFO] ← RX [16b] cmd=0x28  crc_recv=0x67  crc_calc=0x67  raw=28 02 3d 00 00 00 00 00 00 00 00 00 00 00 00 67
2026-06-05 09:24:35,023 [INFO]   📡 HR: {'measure_type': 2, 'heart_rate': 61, 'spo2': 0, 'unknown_b04': 0, 'fatigue': 0, 'systolic_bp': 0, 'diastolic_bp': 0}
2026-06-05 09:24:35,998 [INFO] ← RX [16b] cmd=0x28  crc_recv=0x67  crc_calc=0x67  raw=28 02 3d 00 00 00 00 00 00 00 00 00 00 00 00 67
2026-06-05 09:24:35,998 [INFO]   📡 HR: {'measure_type': 2, 'heart_rate': 61, 'spo2': 0, 'unknown_b04': 0, 'fatigue': 0, 'systolic_bp': 0, 'diastolic_bp': 0}
2026-06-05 09:24:37,010 [INFO] ← RX [16b] cmd=0x28  crc_recv=0x69  crc_calc=0x69  raw=28 02 3f 00 00 00 00 00 00 00 00 00 00 00 00 69
2026-06-05 09:24:37,010 [INFO]   📡 HR: {'measure_type': 2, 'heart_rate': 63, 'spo2': 0, 'unknown_b04': 0, 'fatigue': 0, 'systolic_bp': 0, 'diastolic_bp': 0}
2026-06-05 09:24:38,023 [INFO] ← RX [16b] cmd=0x28  crc_recv=0x69  crc_calc=0x69  raw=28 02 3f 00 00 00 00 00 00 00 00 00 00 00 00 69
2026-06-05 09:24:38,023 [INFO]   📡 HR: {'measure_type': 2, 'heart_rate': 63, 'spo2': 0, 'unknown_b04': 0, 'fatigue': 0, 'systolic_bp': 0, 'diastolic_bp': 0}
2026-06-05 09:24:38,998 [INFO] ← RX [16b] cmd=0x28  crc_recv=0x69  crc_calc=0x69  raw=28 02 3f 00 00 00 00 00 00 00 00 00 00 00 00 69
2026-06-05 09:24:38,998 [INFO]   📡 HR: {'measure_type': 2, 'heart_rate': 63, 'spo2': 0, 'unknown_b04': 0, 'fatigue': 0, 'systolic_bp': 0, 'diastolic_bp': 0}
2026-06-05 09:24:40,010 [INFO] ← RX [16b] cmd=0x28  crc_recv=0x67  crc_calc=0x67  raw=28 02 3d 00 00 00 00 00 00 00 00 00 00 00 00 67
2026-06-05 09:24:40,010 [INFO]   📡 HR: {'measure_type': 2, 'heart_rate': 61, 'spo2': 0, 'unknown_b04': 0, 'fatigue': 0, 'systolic_bp': 0, 'diastolic_bp': 0}
2026-06-05 09:24:41,023 [INFO] ← RX [16b] cmd=0x28  crc_recv=0x65  crc_calc=0x65  raw=28 02 3b 00 00 00 00 00 00 00 00 00 00 00 00 65
2026-06-05 09:24:41,023 [INFO]   📡 HR: {'measure_type': 2, 'heart_rate': 59, 'spo2': 0, 'unknown_b04': 0, 'fatigue': 0, 'systolic_bp': 0, 'diastolic_bp': 0}
2026-06-05 09:24:41,998 [INFO] ← RX [16b] cmd=0x28  crc_recv=0x65  crc_calc=0x65  raw=28 02 3b 00 00 00 00 00 00 00 00 00 00 00 00 65
2026-06-05 09:24:41,998 [INFO]   📡 HR: {'measure_type': 2, 'heart_rate': 59, 'spo2': 0, 'unknown_b04': 0, 'fatigue': 0, 'systolic_bp': 0, 'diastolic_bp': 0}
2026-06-05 09:24:43,010 [INFO] ← RX [16b] cmd=0x28  crc_recv=0x64  crc_calc=0x64  raw=28 02 3a 00 00 00 00 00 00 00 00 00 00 00 00 64
2026-06-05 09:24:43,010 [INFO]   📡 HR: {'measure_type': 2, 'heart_rate': 58, 'spo2': 0, 'unknown_b04': 0, 'fatigue': 0, 'systolic_bp': 0, 'diastolic_bp': 0}
2026-06-05 09:24:44,023 [INFO] ← RX [16b] cmd=0x28  crc_recv=0x64  crc_calc=0x64  raw=28 02 3a 00 00 00 00 00 00 00 00 00 00 00 00 64
2026-06-05 09:24:44,023 [INFO]   📡 HR: {'measure_type': 2, 'heart_rate': 58, 'spo2': 0, 'unknown_b04': 0, 'fatigue': 0, 'systolic_bp': 0, 'diastolic_bp': 0}
2026-06-05 09:24:44,998 [INFO] ← RX [16b] cmd=0x28  crc_recv=0x64  crc_calc=0x64  raw=28 02 3a 00 00 00 00 00 00 00 00 00 00 00 00 64
2026-06-05 09:24:44,998 [INFO]   📡 HR: {'measure_type': 2, 'heart_rate': 58, 'spo2': 0, 'unknown_b04': 0, 'fatigue': 0, 'systolic_bp': 0, 'diastolic_bp': 0}
2026-06-05 09:24:46,010 [INFO] ← RX [16b] cmd=0x28  crc_recv=0x64  crc_calc=0x64  raw=28 02 3a 00 00 00 00 00 00 00 00 00 00 00 00 64
2026-06-05 09:24:46,010 [INFO]   📡 HR: {'measure_type': 2, 'heart_rate': 58, 'spo2': 0, 'unknown_b04': 0, 'fatigue': 0, 'systolic_bp': 0, 'diastolic_bp': 0}
2026-06-05 09:24:47,023 [INFO] ← RX [16b] cmd=0x28  crc_recv=0x64  crc_calc=0x64  raw=28 02 3a 00 00 00 00 00 00 00 00 00 00 00 00 64
2026-06-05 09:24:47,023 [INFO]   📡 HR: {'measure_type': 2, 'heart_rate': 58, 'spo2': 0, 'unknown_b04': 0, 'fatigue': 0, 'systolic_bp': 0, 'diastolic_bp': 0}
2026-06-05 09:24:48,035 [INFO] ← RX [16b] cmd=0x28  crc_recv=0x66  crc_calc=0x66  raw=28 02 3c 00 00 00 00 00 00 00 00 00 00 00 00 66
2026-06-05 09:24:48,035 [INFO]   📡 HR: {'measure_type': 2, 'heart_rate': 60, 'spo2': 0, 'unknown_b04': 0, 'fatigue': 0, 'systolic_bp': 0, 'diastolic_bp': 0}
2026-06-05 09:24:49,010 [INFO] ← RX [16b] cmd=0x28  crc_recv=0x67  crc_calc=0x67  raw=28 02 3d 00 00 00 00 00 00 00 00 00 00 00 00 67
2026-06-05 09:24:49,010 [INFO]   📡 HR: {'measure_type': 2, 'heart_rate': 61, 'spo2': 0, 'unknown_b04': 0, 'fatigue': 0, 'systolic_bp': 0, 'diastolic_bp': 0}
2026-06-05 09:24:50,023 [INFO] ← RX [16b] cmd=0x28  crc_recv=0x68  crc_calc=0x68  raw=28 02 3e 00 00 00 00 00 00 00 00 00 00 00 00 68
2026-06-05 09:24:50,023 [INFO]   📡 HR: {'measure_type': 2, 'heart_rate': 62, 'spo2': 0, 'unknown_b04': 0, 'fatigue': 0, 'systolic_bp': 0, 'diastolic_bp': 0}
2026-06-05 09:24:50,405 [INFO] ⏹ Real-time HR stopped. 16 samples.
2026-06-05 09:24:59,329 [INFO] ← RX [240b] cmd=0x54  crc_recv=0x00  crc_calc=0x33  raw=54 00 00 26 06 04 00 50 59 45 3a 00 00 00 00 00 00 00 00 00 00 00 00 00 54 01 00 26 06 03 16 37 59 41 3b 00 00 00 00 00 00 00 00 00 00 00 00 00 54 02 00 26 05 20 16 53 59 5e 58 00 00 00 00 00 00 00 00 00 00 00 00 00 54 03 00 26 05 20 16 25 59 3d 49 46 53 54 58 55 57 65 5f 5b 54 56 5b 56 54 04 00 26 05 04 12 16 59 42 93 9a 00 00 00 00 00 00 00 00 00 00 00 00 54 05 00 26 05 04 04 49 59 42 3e 00 00 00 00 00 00 00 00 00 00 00 00 00 54 06 00 26 04 30 19 26 59 4d 6d 00 00 00 00 00 00 00 00 00 00 00 00 00 54 07 00 26 04 30 19 18 59 4b 5a 00 00 00 00 00 00 00 00 00 00 00 00 00 54 08 00 26 04 17 23 30 59 49 42 00 00 00 00 00 00 00 00 00 00 00 00 00 54 09 00 26 04 17 10 18 59 4b 54 00 00 00 00 00 00 00 00 00 00 00 00 00
2026-06-05 09:24:59,329 [WARNING] CRC mismatch on cmd=0x54 len=240 — got 0x00, expected 0x33. Full packet: 54 00 00 26 06 04 00 50 59 45 3a 00 00 00 00 00 00 00 00 00 00 00 00 00 54 01 00 26 06 03 16 37 59 41 3b 00 00 00 00 00 00 00 00 00 00 00 00 00 54 02 00 26 05 20 16 53 59 5e 58 00 00 00 00 00 00 00 00 00 00 00 00 00 54 03 00 26 05 20 16 25 59 3d 49 46 53 54 58 55 57 65 5f 5b 54 56 5b 56 54 04 00 26 05 04 12 16 59 42 93 9a 00 00 00 00 00 00 00 00 00 00 00 00 54 05 00 26 05 04 04 49 59 42 3e 00 00 00 00 00 00 00 00 00 00 00 00 00 54 06 00 26 04 30 19 26 59 4d 6d 00 00 00 00 00 00 00 00 00 00 00 00 00 54 07 00 26 04 30 19 18 59 4b 5a 00 00 00 00 00 00 00 00 00 00 00 00 00 54 08 00 26 04 17 23 30 59 49 42 00 00 00 00 00 00 00 00 00 00 00 00 00 54 09 00 26 04 17 10 18 59 4b 54 00 00 00 00 00 00 00 00 00 00 00 00 00
2026-06-05 09:24:59,404 [INFO] ← RX [240b] cmd=0x54  crc_recv=0x00  crc_calc=0x28  raw=54 0a 00 26 04 10 01 14 59 41 3b 00 00 00 00 00 00 00 00 00 00 00 00 00 54 0b 00 26 04 09 17 32 59 47 43 00 00 00 00 00 00 00 00 00 00 00 00 00 54 0c 00 26 04 09 00 06 59 46 3d 00 00 00 00 00 00 00 00 00 00 00 00 00 54 0d 00 26 04 08 01 04 59 49 44 00 00 00 00 00 00 00 00 00 00 00 00 00 54 0e 00 26 04 06 23 52 59 48 46 00 00 00 00 00 00 00 00 00 00 00 00 00 54 0f 00 26 04 06 07 01 59 42 43 00 00 00 00 00 00 00 00 00 00 00 00 00 54 10 00 26 04 05 23 52 59 43 43 00 00 00 00 00 00 00 00 00 00 00 00 00 54 11 00 26 04 05 22 48 59 4a 43 00 00 00 00 00 00 00 00 00 00 00 00 00 54 12 00 26 03 29 08 55 59 3c 3d 00 00 00 00 00 00 00 00 00 00 00 00 00 54 13 00 26 03 28 23 29 59 45 3a 00 00 00 00 00 00 00 00 00 00 00 00 00
2026-06-05 09:24:59,404 [WARNING] CRC mismatch on cmd=0x54 len=240 — got 0x00, expected 0x28. Full packet: 54 0a 00 26 04 10 01 14 59 41 3b 00 00 00 00 00 00 00 00 00 00 00 00 00 54 0b 00 26 04 09 17 32 59 47 43 00 00 00 00 00 00 00 00 00 00 00 00 00 54 0c 00 26 04 09 00 06 59 46 3d 00 00 00 00 00 00 00 00 00 00 00 00 00 54 0d 00 26 04 08 01 04 59 49 44 00 00 00 00 00 00 00 00 00 00 00 00 00 54 0e 00 26 04 06 23 52 59 48 46 00 00 00 00 00 00 00 00 00 00 00 00 00 54 0f 00 26 04 06 07 01 59 42 43 00 00 00 00 00 00 00 00 00 00 00 00 00 54 10 00 26 04 05 23 52 59 43 43 00 00 00 00 00 00 00 00 00 00 00 00 00 54 11 00 26 04 05 22 48 59 4a 43 00 00 00 00 00 00 00 00 00 00 00 00 00 54 12 00 26 03 29 08 55 59 3c 3d 00 00 00 00 00 00 00 00 00 00 00 00 00 54 13 00 26 03 28 23 29 59 45 3a 00 00 00 00 00 00 00 00 00 00 00 00 00
2026-06-05 09:24:59,478 [INFO] ← RX [240b] cmd=0x54  crc_recv=0x00  crc_calc=0xe3  raw=54 14 00 26 03 28 17 06 59 43 39 00 00 00 00 00 00 00 00 00 00 00 00 00 54 15 00 26 03 28 00 02 59 47 3c 00 00 00 00 00 00 00 00 00 00 00 00 00 54 16 00 26 03 27 01 09 59 46 41 00 00 00 00 00 00 00 00 00 00 00 00 00 54 17 00 26 03 26 01 11 59 49 40 00 00 00 00 00 00 00 00 00 00 00 00 00 54 18 00 26 03 23 17 49 59 49 3d 00 00 00 00 00 00 00 00 00 00 00 00 00 54 19 00 26 03 22 23 14 59 4c 4a 00 00 00 00 00 00 00 00 00 00 00 00 00 54 1a 00 26 03 22 09 58 59 98 9e a6 00 00 00 00 00 00 00 00 00 00 00 00 54 1b 00 26 03 22 09 47 59 4a 9e 9c 00 00 00 00 00 00 00 00 00 00 00 00 54 1c 00 26 03 19 08 44 59 4a 78 80 81 7c 7a 79 7d 7a 00 00 00 00 00 00 54 1d 00 26 03 17 00 25 59 4c 48 00 00 00 00 00 00 00 00 00 00 00 00 00
2026-06-05 09:24:59,479 [WARNING] CRC mismatch on cmd=0x54 len=240 — got 0x00, expected 0xe3. Full packet: 54 14 00 26 03 28 17 06 59 43 39 00 00 00 00 00 00 00 00 00 00 00 00 00 54 15 00 26 03 28 00 02 59 47 3c 00 00 00 00 00 00 00 00 00 00 00 00 00 54 16 00 26 03 27 01 09 59 46 41 00 00 00 00 00 00 00 00 00 00 00 00 00 54 17 00 26 03 26 01 11 59 49 40 00 00 00 00 00 00 00 00 00 00 00 00 00 54 18 00 26 03 23 17 49 59 49 3d 00 00 00 00 00 00 00 00 00 00 00 00 00 54 19 00 26 03 22 23 14 59 4c 4a 00 00 00 00 00 00 00 00 00 00 00 00 00 54 1a 00 26 03 22 09 58 59 98 9e a6 00 00 00 00 00 00 00 00 00 00 00 00 54 1b 00 26 03 22 09 47 59 4a 9e 9c 00 00 00 00 00 00 00 00 00 00 00 00 54 1c 00 26 03 19 08 44 59 4a 78 80 81 7c 7a 79 7d 7a 00 00 00 00 00 00 54 1d 00 26 03 17 00 25 59 4c 48 00 00 00 00 00 00 00 00 00 00 00 00 00
2026-06-05 09:24:59,549 [INFO] ← RX [74b] cmd=0x54  crc_recv=0xff  crc_calc=0x8e  raw=54 1e 00 26 03 14 11 43 59 4b 6b 00 00 00 00 00 00 00 00 00 00 00 00 00 54 1f 00 26 03 14 01 07 59 44 38 00 00 00 00 00 00 00 00 00 00 00 00 00 54 20 00 26 03 12 00 01 59 49 49 00 00 00 00 00 00 00 00 00 00 00 00 00 54 ff
2026-06-05 09:24:59,549 [WARNING] CRC mismatch on cmd=0x54 len=74 — got 0xff, expected 0x8e. Full packet: 54 1e 00 26 03 14 11 43 59 4b 6b 00 00 00 00 00 00 00 00 00 00 00 00 00 54 1f 00 26 03 14 01 07 59 44 38 00 00 00 00 00 00 00 00 00 00 00 00 00 54 20 00 26 03 12 00 01 59 49 49 00 00 00 00 00 00 00 00 00 00 00 00 00 54 ff
2026-06-05 09:25:09,337 [INFO] Disconnected.
